{"1031": {"global": [{"cpu-cycles": 10039051071, "instructions": 11266727917, "cache-references": 765126210, "cache-misses": 14181705, "LLC-loads": 61517118, "LLC-load-misses": 3448520, "LLC-store-misses": 4818734, "LLC-stores": 19023118, "L1-dcache-load-misses": 215434786, "L1-dcache-loads": 3696496527, "L1-dcache-stores": 1968951802, "GPU_Util": 0.44, "GPU_Mem": 0.61}], "model-sons": [{"cpu-cycles": 4691475486, "instructions": 7873383328, "cache-references": 84815694, "cache-misses": 396844, "LLC-loads": 5954367, "LLC-load-misses": 24595, "LLC-store-misses": 8458, "LLC-stores": 1413485, "L1-dcache-load-misses": 99559974, "L1-dcache-loads": 2704327761, "L1-dcache-stores": 1378499659, "GPU_Util": 0.99, "GPU_Mem": 0.61, "name": "vgg_11"}, {"cpu-cycles": 4685025572, "instructions": 3341636705, "cache-references": 651869575, "cache-misses": 631115, "LLC-loads": 49132608, "LLC-load-misses": 90420, "LLC-store-misses": 58332, "LLC-stores": 11721334, "L1-dcache-load-misses": 104358567, "L1-dcache-loads": 1035062455, "L1-dcache-stores": 575777032, "GPU_Util": 0.99, "GPU_Mem": 0.61, "name": "mobilenet_v2"}], "inference-model-info": 1, "inference-model-sys-info": {"GPU_Util": 0.99, "GPU_Mem": 0.61}, "inference-model-latency": 2.2426199999999996, "inference-model-name": "alexnet"}}