{"1048": {"global": [{"cpu-cycles": 10245308984, "instructions": 16426111685, "cache-references": 219255475, "cache-misses": 46589631, "LLC-loads": 28321611, "LLC-load-misses": 8649901, "LLC-store-misses": 8435220, "LLC-stores": 14910187, "L1-dcache-load-misses": 198436538, "L1-dcache-loads": 5216245091, "L1-dcache-stores": 2699661849, "GPU_Util": 0.91, "GPU_Mem": 0.68}], "model-sons": [{"cpu-cycles": 4652519473, "instructions": 8403477113, "cache-references": 59241267, "cache-misses": 367281, "LLC-loads": 4323703, "LLC-load-misses": 22222, "LLC-store-misses": 4478, "LLC-stores": 1037787, "L1-dcache-load-misses": 96828602, "L1-dcache-loads": 2889086847, "L1-dcache-stores": 1474163313, "GPU_Util": 1.0, "GPU_Mem": 0.68, "name": "vgg_13"}, {"cpu-cycles": 4664621135, "instructions": 8488924912, "cache-references": 57838902, "cache-misses": 410300, "LLC-loads": 4292123, "LLC-load-misses": 41408, "LLC-store-misses": 37438, "LLC-stores": 994136, "L1-dcache-load-misses": 88038711, "L1-dcache-loads": 2921327247, "L1-dcache-stores": 1490208796, "GPU_Util": 1.0, "GPU_Mem": 0.68, "name": "vgg_13"}], "inference-model-info": 1, "inference-model-sys-info": {"GPU_Util": 0.95, "GPU_Mem": 0.68}, "inference-model-latency": 20.755669999999995, "inference-model-name": "resnext50_32x4d"}}