{"1051": {"global": [{"cpu-cycles": 9795586297, "instructions": 15852736361, "cache-references": 222012802, "cache-misses": 41633392, "LLC-loads": 26633949, "LLC-load-misses": 7262543, "LLC-store-misses": 8006498, "LLC-stores": 13869892, "L1-dcache-load-misses": 198408353, "L1-dcache-loads": 5446691834, "L1-dcache-stores": 2745448747, "GPU_Util": 0.36, "GPU_Mem": 0.69}], "model-sons": [{"cpu-cycles": 4658451519, "instructions": 8269622496, "cache-references": 60059155, "cache-misses": 382826, "LLC-loads": 4194296, "LLC-load-misses": 25627, "LLC-store-misses": 2716, "LLC-stores": 921299, "L1-dcache-load-misses": 92425260, "L1-dcache-loads": 2859006895, "L1-dcache-stores": 1455893725, "GPU_Util": 1.0, "GPU_Mem": 0.69, "name": "vgg_13"}, {"cpu-cycles": 4661405868, "instructions": 8348671052, "cache-references": 56131481, "cache-misses": 476869, "LLC-loads": 3965914, "LLC-load-misses": 33617, "LLC-store-misses": 9253, "LLC-stores": 907385, "L1-dcache-load-misses": 92221620, "L1-dcache-loads": 2896130165, "L1-dcache-stores": 1475340065, "GPU_Util": 1.0, "GPU_Mem": 0.69, "name": "vgg_16"}], "inference-model-info": 1, "inference-model-sys-info": {"GPU_Util": 0.97, "GPU_Mem": 0.69}, "inference-model-latency": 22.708030000000004, "inference-model-name": "inception_v3"}}