{"1075": {"global": [{"cpu-cycles": 10079445881, "instructions": 11251322307, "cache-references": 808106686, "cache-misses": 19455589, "LLC-loads": 65529828, "LLC-load-misses": 2736595, "LLC-store-misses": 3390262, "LLC-stores": 17643759, "L1-dcache-load-misses": 230059862, "L1-dcache-loads": 3670240316, "L1-dcache-stores": 1947135061, "GPU_Util": 0.77, "GPU_Mem": 0.6}], "model-sons": [{"cpu-cycles": 4657196512, "instructions": 8142039224, "cache-references": 89941153, "cache-misses": 192552, "LLC-loads": 6271351, "LLC-load-misses": 21162, "LLC-store-misses": 8051, "LLC-stores": 1603073, "L1-dcache-load-misses": 116803584, "L1-dcache-loads": 2793599430, "L1-dcache-stores": 1424717887, "GPU_Util": 0.99, "GPU_Mem": 0.6, "name": "vgg_13"}, {"cpu-cycles": 4659207460, "instructions": 3189965689, "cache-references": 675676595, "cache-misses": 960135, "LLC-loads": 51116186, "LLC-load-misses": 56495, "LLC-store-misses": 7233, "LLC-stores": 11649611, "L1-dcache-load-misses": 105147708, "L1-dcache-loads": 989758791, "L1-dcache-stores": 551247901, "GPU_Util": 0.99, "GPU_Mem": 0.6, "name": "mobilenet_v3_small"}], "inference-model-info": 1, "inference-model-sys-info": {"GPU_Util": 0.99, "GPU_Mem": 0.6}, "inference-model-latency": 3.33432, "inference-model-name": "mnasnet"}}