{"1093": {"global": [{"cpu-cycles": 10006519627, "instructions": 11483207015, "cache-references": 727353522, "cache-misses": 26094065, "LLC-loads": 63361560, "LLC-load-misses": 4314273, "LLC-store-misses": 11926803, "LLC-stores": 25685931, "L1-dcache-load-misses": 232671365, "L1-dcache-loads": 3652355252, "L1-dcache-stores": 1932461942, "GPU_Util": 0.9, "GPU_Mem": 0.65}], "model-sons": [{"cpu-cycles": 4669780565, "instructions": 8179135010, "cache-references": 58599265, "cache-misses": 242547, "LLC-loads": 4417343, "LLC-load-misses": 17345, "LLC-store-misses": 1658, "LLC-stores": 1042698, "L1-dcache-load-misses": 121934792, "L1-dcache-loads": 2809928786, "L1-dcache-stores": 1429973443, "GPU_Util": 0.99, "GPU_Mem": 0.65, "name": "vgg_13"}, {"cpu-cycles": 4666429509, "instructions": 3251299705, "cache-references": 632007301, "cache-misses": 968923, "LLC-loads": 49379148, "LLC-load-misses": 105321, "LLC-store-misses": 40088, "LLC-stores": 11172661, "L1-dcache-load-misses": 106053824, "L1-dcache-loads": 1003793930, "L1-dcache-stores": 566718940, "GPU_Util": 0.99, "GPU_Mem": 0.65, "name": "mvit"}], "inference-model-info": 1, "inference-model-sys-info": {"GPU_Util": 0.97, "GPU_Mem": 0.65}, "inference-model-latency": 22.43946, "inference-model-name": "inception_v3"}}