{"1118": {"global": [{"cpu-cycles": 9876102674, "instructions": 11104517806, "cache-references": 777214041, "cache-misses": 23834858, "LLC-loads": 64244040, "LLC-load-misses": 3570780, "LLC-store-misses": 2449921, "LLC-stores": 17554338, "L1-dcache-load-misses": 202898865, "L1-dcache-loads": 3681350741, "L1-dcache-stores": 1954066847, "GPU_Util": 0.75, "GPU_Mem": 0.61}], "model-sons": [{"cpu-cycles": 4665825028, "instructions": 7935091517, "cache-references": 76140839, "cache-misses": 381381, "LLC-loads": 5221642, "LLC-load-misses": 29253, "LLC-store-misses": 1276, "LLC-stores": 1359718, "L1-dcache-load-misses": 93538613, "L1-dcache-loads": 2728567926, "L1-dcache-stores": 1384819697, "GPU_Util": 0.99, "GPU_Mem": 0.61, "name": "vgg_13"}, {"cpu-cycles": 4660191998, "instructions": 3401716658, "cache-references": 661370760, "cache-misses": 466824, "LLC-loads": 49845940, "LLC-load-misses": 60032, "LLC-store-misses": 21512, "LLC-stores": 11901683, "L1-dcache-load-misses": 104369774, "L1-dcache-loads": 1051916625, "L1-dcache-stores": 587328929, "GPU_Util": 0.99, "GPU_Mem": 0.61, "name": "mnasnet"}], "inference-model-info": 1, "inference-model-sys-info": {"GPU_Util": 0.95, "GPU_Mem": 0.61}, "inference-model-latency": 20.34944, "inference-model-name": "resnext50_32x4d"}}