{"1128": {"global": [{"cpu-cycles": 9776589034, "instructions": 14475443936, "cache-references": 426206353, "cache-misses": 37482844, "LLC-loads": 38951389, "LLC-load-misses": 4603549, "LLC-store-misses": 5799110, "LLC-stores": 21168410, "L1-dcache-load-misses": 173216032, "L1-dcache-loads": 4576764568, "L1-dcache-stores": 2322077050, "GPU_Util": 0.62, "GPU_Mem": 0.64}], "model-sons": [{"cpu-cycles": 4669638977, "instructions": 8218966373, "cache-references": 61352697, "cache-misses": 413629, "LLC-loads": 4683649, "LLC-load-misses": 21299, "LLC-store-misses": 590, "LLC-stores": 1072886, "L1-dcache-load-misses": 84038186, "L1-dcache-loads": 2850855108, "L1-dcache-stores": 1455592533, "GPU_Util": 0.91, "GPU_Mem": 0.64, "name": "vgg_13"}, {"cpu-cycles": 4659140163, "instructions": 7060895272, "cache-references": 183475579, "cache-misses": 734104, "LLC-loads": 14328886, "LLC-load-misses": 94425, "LLC-store-misses": 66837, "LLC-stores": 4087806, "L1-dcache-load-misses": 90802726, "L1-dcache-loads": 2268805082, "L1-dcache-stores": 1178365854, "GPU_Util": 0.92, "GPU_Mem": 0.64, "name": "resnext50_32x4d"}], "inference-model-info": 1, "inference-model-sys-info": {"GPU_Util": 0.93, "GPU_Mem": 0.64}, "inference-model-latency": 3.8137, "inference-model-name": "mobilenet_v3_small"}}