{"1138": {"global": [{"cpu-cycles": 9891487971, "instructions": 11114887360, "cache-references": 804111760, "cache-misses": 21580943, "LLC-loads": 65137251, "LLC-load-misses": 3880033, "LLC-store-misses": 2015743, "LLC-stores": 16850791, "L1-dcache-load-misses": 197778244, "L1-dcache-loads": 3635777367, "L1-dcache-stores": 1903718119, "GPU_Util": 0.76, "GPU_Mem": 0.61}], "model-sons": [{"cpu-cycles": 4693099507, "instructions": 8031149086, "cache-references": 81112019, "cache-misses": 480994, "LLC-loads": 5679585, "LLC-load-misses": 30545, "LLC-store-misses": 1783, "LLC-stores": 1419566, "L1-dcache-load-misses": 84646084, "L1-dcache-loads": 2765255394, "L1-dcache-stores": 1410892943, "GPU_Util": 0.99, "GPU_Mem": 0.61, "name": "vgg_13"}, {"cpu-cycles": 4690315252, "instructions": 3213052055, "cache-references": 684035445, "cache-misses": 517552, "LLC-loads": 52123621, "LLC-load-misses": 36042, "LLC-store-misses": 11663, "LLC-stores": 11639765, "L1-dcache-load-misses": 106574552, "L1-dcache-loads": 989614565, "L1-dcache-stores": 556698208, "GPU_Util": 0.99, "GPU_Mem": 0.61, "name": "mobilenet_v3_large"}], "inference-model-info": 1, "inference-model-sys-info": {"GPU_Util": 0.99, "GPU_Mem": 0.61}, "inference-model-latency": 4.342020000000001, "inference-model-name": "shufflenet"}}