{"1162": {"global": [{"cpu-cycles": 10047605882, "instructions": 11244942153, "cache-references": 756465410, "cache-misses": 19960057, "LLC-loads": 62636560, "LLC-load-misses": 3381943, "LLC-store-misses": 2783808, "LLC-stores": 14944579, "L1-dcache-load-misses": 196331354, "L1-dcache-loads": 3575988269, "L1-dcache-stores": 1908669183, "GPU_Util": 0.53, "GPU_Mem": 0.61}], "model-sons": [{"cpu-cycles": 4665252590, "instructions": 7887575284, "cache-references": 77196206, "cache-misses": 182289, "LLC-loads": 5489191, "LLC-load-misses": 23624, "LLC-store-misses": 5146, "LLC-stores": 1258326, "L1-dcache-load-misses": 88198853, "L1-dcache-loads": 2720184398, "L1-dcache-stores": 1389885151, "GPU_Util": 0.99, "GPU_Mem": 0.61, "name": "vgg_13"}, {"cpu-cycles": 4655649719, "instructions": 3287097705, "cache-references": 650614062, "cache-misses": 421992, "LLC-loads": 48755841, "LLC-load-misses": 56094, "LLC-store-misses": 21560, "LLC-stores": 11988206, "L1-dcache-load-misses": 102959908, "L1-dcache-loads": 1016034225, "L1-dcache-stores": 565034850, "GPU_Util": 1.0, "GPU_Mem": 0.61, "name": "mobilenet_v2"}], "inference-model-info": 1, "inference-model-sys-info": {"GPU_Util": 0.99, "GPU_Mem": 0.61}, "inference-model-latency": 3.5312400000000004, "inference-model-name": "mobilenet_v2"}}