{"1163": {"global": [{"cpu-cycles": 9732040592, "instructions": 14980062802, "cache-references": 207094771, "cache-misses": 51179897, "LLC-loads": 26602392, "LLC-load-misses": 7970891, "LLC-store-misses": 7376914, "LLC-stores": 18613633, "L1-dcache-load-misses": 213713897, "L1-dcache-loads": 5055492303, "L1-dcache-stores": 2604253761, "GPU_Util": 0.31, "GPU_Mem": 0.69}], "model-sons": [{"cpu-cycles": 4654015076, "instructions": 7951550148, "cache-references": 55943269, "cache-misses": 390591, "LLC-loads": 4050576, "LLC-load-misses": 24062, "LLC-store-misses": 5111, "LLC-stores": 970761, "L1-dcache-load-misses": 105708575, "L1-dcache-loads": 2733290745, "L1-dcache-stores": 1393734699, "GPU_Util": 1.0, "GPU_Mem": 0.69, "name": "vgg_16"}, {"cpu-cycles": 4666584184, "instructions": 8114857255, "cache-references": 55970486, "cache-misses": 336745, "LLC-loads": 3970389, "LLC-load-misses": 28109, "LLC-store-misses": 1008, "LLC-stores": 963477, "L1-dcache-load-misses": 96150532, "L1-dcache-loads": 2797254877, "L1-dcache-stores": 1423203132, "GPU_Util": 1.0, "GPU_Mem": 0.69, "name": "vgg_16"}], "inference-model-info": 1, "inference-model-sys-info": {"GPU_Util": 0.97, "GPU_Mem": 0.69}, "inference-model-latency": 22.69655, "inference-model-name": "inception_v3"}}