{"1210": {"global": [{"cpu-cycles": 9792859038, "instructions": 11019975834, "cache-references": 709557634, "cache-misses": 31614290, "LLC-loads": 61097640, "LLC-load-misses": 3966005, "LLC-store-misses": 4819316, "LLC-stores": 16175554, "L1-dcache-load-misses": 182581831, "L1-dcache-loads": 3648420952, "L1-dcache-stores": 1879121614, "GPU_Util": 0.51, "GPU_Mem": 0.65}], "model-sons": [{"cpu-cycles": 4656350837, "instructions": 7970142966, "cache-references": 59846510, "cache-misses": 533851, "LLC-loads": 4327105, "LLC-load-misses": 36991, "LLC-store-misses": 5249, "LLC-stores": 997852, "L1-dcache-load-misses": 69814644, "L1-dcache-loads": 2752479532, "L1-dcache-stores": 1401822835, "GPU_Util": 0.99, "GPU_Mem": 0.65, "name": "vgg_16"}, {"cpu-cycles": 4663619494, "instructions": 3119547109, "cache-references": 600076548, "cache-misses": 793175, "LLC-loads": 46729751, "LLC-load-misses": 39652, "LLC-store-misses": 42092, "LLC-stores": 10727225, "L1-dcache-load-misses": 100859878, "L1-dcache-loads": 961559528, "L1-dcache-stores": 543351063, "GPU_Util": 0.99, "GPU_Mem": 0.65, "name": "mvit"}], "inference-model-info": 1, "inference-model-sys-info": {"GPU_Util": 1.0, "GPU_Mem": 0.65}, "inference-model-latency": 11.965739999999998, "inference-model-name": "vgg_13"}}