{"1226": {"global": [{"cpu-cycles": 9977770391, "instructions": 11643336988, "cache-references": 787044337, "cache-misses": 24776820, "LLC-loads": 64411197, "LLC-load-misses": 3803643, "LLC-store-misses": 3666488, "LLC-stores": 17608755, "L1-dcache-load-misses": 232644533, "L1-dcache-loads": 3855288812, "L1-dcache-stores": 2054548975, "GPU_Util": 0.82, "GPU_Mem": 0.62}], "model-sons": [{"cpu-cycles": 4656626982, "instructions": 8128302874, "cache-references": 69765033, "cache-misses": 313413, "LLC-loads": 5108531, "LLC-load-misses": 23320, "LLC-store-misses": 34423, "LLC-stores": 1251894, "L1-dcache-load-misses": 120224091, "L1-dcache-loads": 2783838308, "L1-dcache-stores": 1425355775, "GPU_Util": 0.99, "GPU_Mem": 0.62, "name": "vgg_16"}, {"cpu-cycles": 4652575263, "instructions": 3494385121, "cache-references": 659417163, "cache-misses": 1092294, "LLC-loads": 51137227, "LLC-load-misses": 80902, "LLC-store-misses": 41081, "LLC-stores": 11582194, "L1-dcache-load-misses": 108460625, "L1-dcache-loads": 1082338985, "L1-dcache-stores": 605493153, "GPU_Util": 0.99, "GPU_Mem": 0.62, "name": "mnasnet"}], "inference-model-info": 1, "inference-model-sys-info": {"GPU_Util": 0.99, "GPU_Mem": 0.62}, "inference-model-latency": 4.0142299999999995, "inference-model-name": "mobilenet_v3_small"}}