{"1274": {"global": [{"cpu-cycles": 9909640046, "instructions": 11180561861, "cache-references": 777657349, "cache-misses": 22720197, "LLC-loads": 65389719, "LLC-load-misses": 3890332, "LLC-store-misses": 6318404, "LLC-stores": 24077462, "L1-dcache-load-misses": 224485875, "L1-dcache-loads": 3676778311, "L1-dcache-stores": 1969326445, "GPU_Util": 0.66, "GPU_Mem": 0.62}], "model-sons": [{"cpu-cycles": 4649350662, "instructions": 7850387187, "cache-references": 71221547, "cache-misses": 593028, "LLC-loads": 5203742, "LLC-load-misses": 53990, "LLC-store-misses": 35369, "LLC-stores": 1159818, "L1-dcache-load-misses": 110190818, "L1-dcache-loads": 2710455722, "L1-dcache-stores": 1379090500, "GPU_Util": 0.99, "GPU_Mem": 0.62, "name": "vgg_16"}, {"cpu-cycles": 4648763213, "instructions": 3405323469, "cache-references": 669857758, "cache-misses": 444268, "LLC-loads": 50649921, "LLC-load-misses": 66813, "LLC-store-misses": 49485, "LLC-stores": 11693040, "L1-dcache-load-misses": 105233200, "L1-dcache-loads": 1048145983, "L1-dcache-stores": 588209535, "GPU_Util": 0.99, "GPU_Mem": 0.62, "name": "mobilenet_v2"}], "inference-model-info": 1, "inference-model-sys-info": {"GPU_Util": 0.99, "GPU_Mem": 0.62}, "inference-model-latency": 3.4377400000000007, "inference-model-name": "mobilenet_v2"}}