{"1279": {"global": [{"cpu-cycles": 10366454067, "instructions": 7238337702, "cache-references": 1343422809, "cache-misses": 7953381, "LLC-loads": 97945152, "LLC-load-misses": 722516, "LLC-store-misses": 7222769, "LLC-stores": 29601075, "L1-dcache-load-misses": 210978415, "L1-dcache-loads": 2142469730, "L1-dcache-stores": 1209439510, "GPU_Util": 0.98, "GPU_Mem": 0.53}], "model-sons": [{"cpu-cycles": 4661272448, "instructions": 3101975464, "cache-references": 670563377, "cache-misses": 686938, "LLC-loads": 50284888, "LLC-load-misses": 75409, "LLC-store-misses": 55656, "LLC-stores": 11035186, "L1-dcache-load-misses": 102224730, "L1-dcache-loads": 959667847, "L1-dcache-stores": 538095920, "GPU_Util": 0.99, "GPU_Mem": 0.53, "name": "mobilenet_v3_small"}, {"cpu-cycles": 4650093949, "instructions": 2997688182, "cache-references": 653203774, "cache-misses": 1095418, "LLC-loads": 47087352, "LLC-load-misses": 96865, "LLC-store-misses": 38614, "LLC-stores": 10665509, "L1-dcache-load-misses": 98128644, "L1-dcache-loads": 931002231, "L1-dcache-stores": 517919813, "GPU_Util": 0.99, "GPU_Mem": 0.53, "name": "mobilenet_v3_small"}], "inference-model-info": 1, "inference-model-sys-info": {"GPU_Util": 0.98, "GPU_Mem": 0.53}, "inference-model-latency": 5.669929999999999, "inference-model-name": "vgg_11"}}