{"1291": {"global": [{"cpu-cycles": 10538886855, "instructions": 10532893789, "cache-references": 922191382, "cache-misses": 8635420, "LLC-loads": 68395301, "LLC-load-misses": 496308, "LLC-store-misses": 476314, "LLC-stores": 16644328, "L1-dcache-load-misses": 191794576, "L1-dcache-loads": 3269703546, "L1-dcache-stores": 1759352364, "GPU_Util": 0.99, "GPU_Mem": 0.55}], "model-sons": [{"cpu-cycles": 4650233000, "instructions": 3181432786, "cache-references": 691041011, "cache-misses": 1070087, "LLC-loads": 51398274, "LLC-load-misses": 47289, "LLC-store-misses": 5481, "LLC-stores": 11365892, "L1-dcache-load-misses": 105254210, "L1-dcache-loads": 987404582, "L1-dcache-stores": 550250652, "GPU_Util": 0.99, "GPU_Mem": 0.55, "name": "mobilenet_v3_small"}, {"cpu-cycles": 4652230867, "instructions": 6555998501, "cache-references": 217743271, "cache-misses": 356327, "LLC-loads": 15857106, "LLC-load-misses": 39588, "LLC-store-misses": 6584, "LLC-stores": 3664581, "L1-dcache-load-misses": 83295278, "L1-dcache-loads": 2231059835, "L1-dcache-stores": 1141217270, "GPU_Util": 0.99, "GPU_Mem": 0.55, "name": "alexnet"}], "inference-model-info": 1, "inference-model-sys-info": {"GPU_Util": 0.99, "GPU_Mem": 0.55}, "inference-model-latency": 2.24207, "inference-model-name": "squeezenet"}}