{"1312": {"global": [{"cpu-cycles": 9896946204, "instructions": 6559244188, "cache-references": 1270523289, "cache-misses": 8715384, "LLC-loads": 96198519, "LLC-load-misses": 507357, "LLC-store-misses": 3421219, "LLC-stores": 27413693, "L1-dcache-load-misses": 206914617, "L1-dcache-loads": 2087717361, "L1-dcache-stores": 1130957199, "GPU_Util": 0.98, "GPU_Mem": 0.57}], "model-sons": [{"cpu-cycles": 4656327522, "instructions": 3101120004, "cache-references": 658138152, "cache-misses": 845931, "LLC-loads": 49533141, "LLC-load-misses": 49197, "LLC-store-misses": 24716, "LLC-stores": 11068425, "L1-dcache-load-misses": 102926312, "L1-dcache-loads": 958001725, "L1-dcache-stores": 537315217, "GPU_Util": 0.98, "GPU_Mem": 0.57, "name": "mobilenet_v3_small"}, {"cpu-cycles": 4653044608, "instructions": 3084578140, "cache-references": 602239245, "cache-misses": 1654958, "LLC-loads": 45969592, "LLC-load-misses": 127493, "LLC-store-misses": 67034, "LLC-stores": 10522255, "L1-dcache-load-misses": 100258014, "L1-dcache-loads": 949365506, "L1-dcache-stores": 537955237, "GPU_Util": 0.98, "GPU_Mem": 0.57, "name": "mvit"}], "inference-model-info": 1, "inference-model-sys-info": {"GPU_Util": 0.99, "GPU_Mem": 0.57}, "inference-model-latency": 8.7976, "inference-model-name": "mvit"}}