{"1342": {"global": [{"cpu-cycles": 10317740209, "instructions": 9650962536, "cache-references": 998415570, "cache-misses": 11528380, "LLC-loads": 74397855, "LLC-load-misses": 759279, "LLC-store-misses": 1375681, "LLC-stores": 20669533, "L1-dcache-load-misses": 210522636, "L1-dcache-loads": 2901494306, "L1-dcache-stores": 1538552596, "GPU_Util": 0.89, "GPU_Mem": 0.56}], "model-sons": [{"cpu-cycles": 4654125024, "instructions": 3064732184, "cache-references": 660653296, "cache-misses": 773678, "LLC-loads": 48017225, "LLC-load-misses": 52404, "LLC-store-misses": 22155, "LLC-stores": 11373228, "L1-dcache-load-misses": 101669639, "L1-dcache-loads": 947871280, "L1-dcache-stores": 532175414, "GPU_Util": 0.89, "GPU_Mem": 0.56, "name": "mobilenet_v3_small"}, {"cpu-cycles": 4665637048, "instructions": 5813922125, "cache-references": 318992931, "cache-misses": 1561492, "LLC-loads": 24708198, "LLC-load-misses": 151988, "LLC-store-misses": 30176, "LLC-stores": 6422418, "L1-dcache-load-misses": 104999850, "L1-dcache-loads": 1851782568, "L1-dcache-stores": 967158082, "GPU_Util": 0.89, "GPU_Mem": 0.56, "name": "resnext50_32x4d"}], "inference-model-info": 1, "inference-model-sys-info": {"GPU_Util": 0.89, "GPU_Mem": 0.56}, "inference-model-latency": 17.31812, "inference-model-name": "resnext50_32x4d"}}