{"137": {"global": [{"cpu-cycles": 5391952535, "instructions": 3512714598, "cache-references": 610081558, "cache-misses": 7923214, "LLC-loads": 46704232, "LLC-load-misses": 332191, "LLC-store-misses": 1394887, "LLC-stores": 14707595, "L1-dcache-load-misses": 105743893, "L1-dcache-loads": 1095422050, "L1-dcache-stores": 599397553, "GPU_Util": 0.44, "GPU_Mem": 0.43}], "model-sons": [{"cpu-cycles": 4719270240, "instructions": 3102208262, "cache-references": 594472176, "cache-misses": 770006, "LLC-loads": 45920108, "LLC-load-misses": 87935, "LLC-store-misses": 68789, "LLC-stores": 10610002, "L1-dcache-load-misses": 99839176, "L1-dcache-loads": 950244024, "L1-dcache-stores": 537683991, "GPU_Util": 0.45, "GPU_Mem": 0.43, "name": "mvit"}], "inference-model-info": 1, "inference-model-sys-info": {"GPU_Util": 0.45, "GPU_Mem": 0.43}, "inference-model-latency": 3.32606, "inference-model-name": "mnasnet"}}