{"1401": {"global": [{"cpu-cycles": 10128077254, "instructions": 10857763586, "cache-references": 853665611, "cache-misses": 4245224, "LLC-loads": 65246734, "LLC-load-misses": 559304, "LLC-store-misses": 5771266, "LLC-stores": 21353248, "L1-dcache-load-misses": 192108040, "L1-dcache-loads": 3622368745, "L1-dcache-stores": 1897298272, "GPU_Util": 0.99, "GPU_Mem": 0.56}], "model-sons": [{"cpu-cycles": 4662645361, "instructions": 7046246667, "cache-references": 178161500, "cache-misses": 394222, "LLC-loads": 13150664, "LLC-load-misses": 39740, "LLC-store-misses": 11805, "LLC-stores": 2966058, "L1-dcache-load-misses": 74636159, "L1-dcache-loads": 2414739137, "L1-dcache-stores": 1238986815, "GPU_Util": 0.99, "GPU_Mem": 0.56, "name": "alexnet"}, {"cpu-cycles": 4652589549, "instructions": 3380130849, "cache-references": 661783114, "cache-misses": 942868, "LLC-loads": 50624705, "LLC-load-misses": 49446, "LLC-store-misses": 4424, "LLC-stores": 11287313, "L1-dcache-load-misses": 105874685, "L1-dcache-loads": 1046037102, "L1-dcache-stores": 587013492, "GPU_Util": 0.99, "GPU_Mem": 0.56, "name": "mnasnet"}], "inference-model-info": 1, "inference-model-sys-info": {"GPU_Util": 0.96, "GPU_Mem": 0.56}, "inference-model-latency": 22.274479999999993, "inference-model-name": "inception_v3"}}