{"1467": {"global": [{"cpu-cycles": 9495094298, "instructions": 6443240846, "cache-references": 1232435057, "cache-misses": 7072304, "LLC-loads": 96675459, "LLC-load-misses": 628668, "LLC-store-misses": 7906865, "LLC-stores": 24682793, "L1-dcache-load-misses": 212720652, "L1-dcache-loads": 2054085580, "L1-dcache-stores": 1145453458, "GPU_Util": 0.99, "GPU_Mem": 0.61}], "model-sons": [{"cpu-cycles": 4649079813, "instructions": 3189487968, "cache-references": 613706317, "cache-misses": 1247967, "LLC-loads": 48025520, "LLC-load-misses": 71903, "LLC-store-misses": 43451, "LLC-stores": 10701508, "L1-dcache-load-misses": 102514076, "L1-dcache-loads": 976052673, "L1-dcache-stores": 552671093, "GPU_Util": 0.99, "GPU_Mem": 0.61, "name": "mvit"}, {"cpu-cycles": 4661173356, "instructions": 3219042197, "cache-references": 608567351, "cache-misses": 2129526, "LLC-loads": 48240018, "LLC-load-misses": 103292, "LLC-store-misses": 52869, "LLC-stores": 10664519, "L1-dcache-load-misses": 105338654, "L1-dcache-loads": 998192057, "L1-dcache-stores": 563186991, "GPU_Util": 0.99, "GPU_Mem": 0.61, "name": "mvit"}], "inference-model-info": 1, "inference-model-sys-info": {"GPU_Util": 0.99, "GPU_Mem": 0.61}, "inference-model-latency": 3.5091699999999997, "inference-model-name": "mnasnet"}}