{"1483": {"global": [{"cpu-cycles": 9665754915, "instructions": 6803019605, "cache-references": 1284346501, "cache-misses": 12245135, "LLC-loads": 99659849, "LLC-load-misses": 696140, "LLC-store-misses": 3866628, "LLC-stores": 26606683, "L1-dcache-load-misses": 211999563, "L1-dcache-loads": 2069152839, "L1-dcache-stores": 1158713910, "GPU_Util": 0.99, "GPU_Mem": 0.58}], "model-sons": [{"cpu-cycles": 4652645725, "instructions": 3113379254, "cache-references": 603281350, "cache-misses": 1660328, "LLC-loads": 46477175, "LLC-load-misses": 92839, "LLC-store-misses": 23858, "LLC-stores": 11100728, "L1-dcache-load-misses": 101168205, "L1-dcache-loads": 963405325, "L1-dcache-stores": 540828616, "GPU_Util": 0.99, "GPU_Mem": 0.58, "name": "mvit"}, {"cpu-cycles": 4640785407, "instructions": 3436365291, "cache-references": 669189549, "cache-misses": 1026737, "LLC-loads": 52574095, "LLC-load-misses": 110256, "LLC-store-misses": 66130, "LLC-stores": 11377436, "L1-dcache-load-misses": 107988044, "L1-dcache-loads": 1056181885, "L1-dcache-stores": 589216769, "GPU_Util": 0.99, "GPU_Mem": 0.58, "name": "mnasnet"}], "inference-model-info": 1, "inference-model-sys-info": {"GPU_Util": 0.99, "GPU_Mem": 0.58}, "inference-model-latency": 4.75029, "inference-model-name": "mobilenet_v3_large"}}