{"1491": {"global": [{"cpu-cycles": 10085922856, "instructions": 10062588476, "cache-references": 829205081, "cache-misses": 8343220, "LLC-loads": 63520878, "LLC-load-misses": 546574, "LLC-store-misses": 3542411, "LLC-stores": 18916247, "L1-dcache-load-misses": 205775459, "L1-dcache-loads": 3150061722, "L1-dcache-stores": 1675395245, "GPU_Util": 0.92, "GPU_Mem": 0.6}], "model-sons": [{"cpu-cycles": 4656213028, "instructions": 3051573588, "cache-references": 595289111, "cache-misses": 1669968, "LLC-loads": 45741282, "LLC-load-misses": 158499, "LLC-store-misses": 118643, "LLC-stores": 10653285, "L1-dcache-load-misses": 99416221, "L1-dcache-loads": 938385781, "L1-dcache-stores": 532045921, "GPU_Util": 0.91, "GPU_Mem": 0.6, "name": "mvit"}, {"cpu-cycles": 4670781985, "instructions": 6571186917, "cache-references": 225131309, "cache-misses": 1327640, "LLC-loads": 17087589, "LLC-load-misses": 127251, "LLC-store-misses": 71123, "LLC-stores": 4545716, "L1-dcache-load-misses": 101054293, "L1-dcache-loads": 2150279686, "L1-dcache-stores": 1113982062, "GPU_Util": 0.92, "GPU_Mem": 0.6, "name": "resnext50_32x4d"}], "inference-model-info": 1, "inference-model-sys-info": {"GPU_Util": 0.94, "GPU_Mem": 0.6}, "inference-model-latency": 15.186750000000002, "inference-model-name": "vgg_16"}}