{"1514": {"global": [{"cpu-cycles": 9653922298, "instructions": 6655663991, "cache-references": 1261856066, "cache-misses": 4417966, "LLC-loads": 97367519, "LLC-load-misses": 429100, "LLC-store-misses": 6440729, "LLC-stores": 27178650, "L1-dcache-load-misses": 212971664, "L1-dcache-loads": 2247238350, "L1-dcache-stores": 1177851433, "GPU_Util": 0.99, "GPU_Mem": 0.58}], "model-sons": [{"cpu-cycles": 4649058640, "instructions": 3071951667, "cache-references": 587501428, "cache-misses": 2081470, "LLC-loads": 45722900, "LLC-load-misses": 162938, "LLC-store-misses": 70346, "LLC-stores": 10330627, "L1-dcache-load-misses": 100116574, "L1-dcache-loads": 949625105, "L1-dcache-stores": 537620529, "GPU_Util": 0.99, "GPU_Mem": 0.58, "name": "mvit"}, {"cpu-cycles": 4651502468, "instructions": 3446708956, "cache-references": 660724964, "cache-misses": 1138980, "LLC-loads": 50804126, "LLC-load-misses": 72904, "LLC-store-misses": 24204, "LLC-stores": 11797316, "L1-dcache-load-misses": 107799237, "L1-dcache-loads": 1064483079, "L1-dcache-stores": 596235810, "GPU_Util": 0.99, "GPU_Mem": 0.58, "name": "mobilenet_v2"}], "inference-model-info": 1, "inference-model-sys-info": {"GPU_Util": 0.99, "GPU_Mem": 0.58}, "inference-model-latency": 6.20147, "inference-model-name": "googlenet"}}