{"1535": {"global": [{"cpu-cycles": 10161769575, "instructions": 7214137092, "cache-references": 1309840542, "cache-misses": 5719801, "LLC-loads": 98699925, "LLC-load-misses": 320450, "LLC-store-misses": 1201942, "LLC-stores": 25298537, "L1-dcache-load-misses": 217325574, "L1-dcache-loads": 2230594794, "L1-dcache-stores": 1283769757, "GPU_Util": 0.98, "GPU_Mem": 0.54}], "model-sons": [{"cpu-cycles": 4672290812, "instructions": 3249222864, "cache-references": 633809505, "cache-misses": 692545, "LLC-loads": 47220219, "LLC-load-misses": 48059, "LLC-store-misses": 6627, "LLC-stores": 11215018, "L1-dcache-load-misses": 101534046, "L1-dcache-loads": 1006709911, "L1-dcache-stores": 562082612, "GPU_Util": 0.98, "GPU_Mem": 0.54, "name": "mnasnet"}, {"cpu-cycles": 4686438575, "instructions": 3430225344, "cache-references": 656834472, "cache-misses": 1013801, "LLC-loads": 50826610, "LLC-load-misses": 111543, "LLC-store-misses": 34985, "LLC-stores": 11181260, "L1-dcache-load-misses": 106699088, "L1-dcache-loads": 1058667732, "L1-dcache-stores": 590788517, "GPU_Util": 0.99, "GPU_Mem": 0.54, "name": "mnasnet"}], "inference-model-info": 1, "inference-model-sys-info": {"GPU_Util": 0.99, "GPU_Mem": 0.54}, "inference-model-latency": 2.2021, "inference-model-name": "alexnet"}}