{"1556": {"global": [{"cpu-cycles": 10015729312, "instructions": 6898994773, "cache-references": 1339707808, "cache-misses": 4962383, "LLC-loads": 100099975, "LLC-load-misses": 287880, "LLC-store-misses": 1951842, "LLC-stores": 28058410, "L1-dcache-load-misses": 213754221, "L1-dcache-loads": 2193080888, "L1-dcache-stores": 1224068261, "GPU_Util": 0.98, "GPU_Mem": 0.54}], "model-sons": [{"cpu-cycles": 4698685263, "instructions": 3333336027, "cache-references": 650967845, "cache-misses": 495026, "LLC-loads": 48611856, "LLC-load-misses": 65157, "LLC-store-misses": 15782, "LLC-stores": 11408776, "L1-dcache-load-misses": 101292592, "L1-dcache-loads": 1030213487, "L1-dcache-stores": 573332055, "GPU_Util": 0.98, "GPU_Mem": 0.54, "name": "mnasnet"}, {"cpu-cycles": 4672671563, "instructions": 3209990354, "cache-references": 678961145, "cache-misses": 994883, "LLC-loads": 51246844, "LLC-load-misses": 67215, "LLC-store-misses": 31724, "LLC-stores": 11379859, "L1-dcache-load-misses": 104188539, "L1-dcache-loads": 992233097, "L1-dcache-stores": 554982783, "GPU_Util": 0.98, "GPU_Mem": 0.54, "name": "mobilenet_v3_large"}], "inference-model-info": 1, "inference-model-sys-info": {"GPU_Util": 0.98, "GPU_Mem": 0.54}, "inference-model-latency": 6.000819999999999, "inference-model-name": "googlenet"}}