{"1571": {"global": [{"cpu-cycles": 10082389140, "instructions": 7244484753, "cache-references": 1324879947, "cache-misses": 7333687, "LLC-loads": 101690510, "LLC-load-misses": 477417, "LLC-store-misses": 148217, "LLC-stores": 25234060, "L1-dcache-load-misses": 217244533, "L1-dcache-loads": 2170025148, "L1-dcache-stores": 1246061512, "GPU_Util": 0.98, "GPU_Mem": 0.54}], "model-sons": [{"cpu-cycles": 4697137802, "instructions": 3316878187, "cache-references": 642933980, "cache-misses": 772704, "LLC-loads": 49033715, "LLC-load-misses": 51787, "LLC-store-misses": 8811, "LLC-stores": 11634391, "L1-dcache-load-misses": 103112940, "L1-dcache-loads": 1026741165, "L1-dcache-stores": 570614376, "GPU_Util": 0.98, "GPU_Mem": 0.54, "name": "mnasnet"}, {"cpu-cycles": 4674789956, "instructions": 3461028925, "cache-references": 666016672, "cache-misses": 892941, "LLC-loads": 51507513, "LLC-load-misses": 94935, "LLC-store-misses": 37795, "LLC-stores": 12007228, "L1-dcache-load-misses": 108628326, "L1-dcache-loads": 1066484492, "L1-dcache-stores": 597380701, "GPU_Util": 0.98, "GPU_Mem": 0.54, "name": "mobilenet_v2"}], "inference-model-info": 1, "inference-model-sys-info": {"GPU_Util": 0.99, "GPU_Mem": 0.54}, "inference-model-latency": 2.47978, "inference-model-name": "squeezenet"}}