{"1589": {"global": [{"cpu-cycles": 10068662259, "instructions": 13769146895, "cache-references": 459432437, "cache-misses": 4710789, "LLC-loads": 40995309, "LLC-load-misses": 570887, "LLC-store-misses": 3441961, "LLC-stores": 12751713, "L1-dcache-load-misses": 198541505, "L1-dcache-loads": 4589674944, "L1-dcache-stores": 2341307129, "GPU_Util": 0.86, "GPU_Mem": 0.59}], "model-sons": [{"cpu-cycles": 4679028033, "instructions": 6519802480, "cache-references": 223602384, "cache-misses": 1260629, "LLC-loads": 22835013, "LLC-load-misses": 108597, "LLC-store-misses": 74682, "LLC-stores": 4938046, "L1-dcache-load-misses": 103114468, "L1-dcache-loads": 2148539484, "L1-dcache-stores": 1112760687, "GPU_Util": 0.86, "GPU_Mem": 0.59, "name": "resnext50_32x4d"}, {"cpu-cycles": 4687854428, "instructions": 6938952768, "cache-references": 213874278, "cache-misses": 1226386, "LLC-loads": 16903402, "LLC-load-misses": 134954, "LLC-store-misses": 74124, "LLC-stores": 4021526, "L1-dcache-load-misses": 89731124, "L1-dcache-loads": 2297934388, "L1-dcache-stores": 1184257641, "GPU_Util": 0.86, "GPU_Mem": 0.59, "name": "resnext50_32x4d"}], "inference-model-info": 1, "inference-model-sys-info": {"GPU_Util": 0.91, "GPU_Mem": 0.59}, "inference-model-latency": 15.18786, "inference-model-name": "vgg_16"}}