{"1606": {"global": [{"cpu-cycles": 9668180692, "instructions": 9611381175, "cache-references": 960722098, "cache-misses": 8740787, "LLC-loads": 73194085, "LLC-load-misses": 725430, "LLC-store-misses": 5645114, "LLC-stores": 19405985, "L1-dcache-load-misses": 207505188, "L1-dcache-loads": 3054678184, "L1-dcache-stores": 1630544237, "GPU_Util": 0.83, "GPU_Mem": 0.57}], "model-sons": [{"cpu-cycles": 4659908641, "instructions": 6261172474, "cache-references": 282542680, "cache-misses": 1803252, "LLC-loads": 21940653, "LLC-load-misses": 175181, "LLC-store-misses": 54500, "LLC-stores": 5623998, "L1-dcache-load-misses": 96715705, "L1-dcache-loads": 2016890793, "L1-dcache-stores": 1047355969, "GPU_Util": 0.89, "GPU_Mem": 0.57, "name": "resnext50_32x4d"}, {"cpu-cycles": 4650057763, "instructions": 3209843622, "cache-references": 668709431, "cache-misses": 694713, "LLC-loads": 50635167, "LLC-load-misses": 71904, "LLC-store-misses": 107931, "LLC-stores": 11219689, "L1-dcache-load-misses": 103745948, "L1-dcache-loads": 983281233, "L1-dcache-stores": 553843245, "GPU_Util": 0.9, "GPU_Mem": 0.57, "name": "mobilenet_v3_large"}], "inference-model-info": 1, "inference-model-sys-info": {"GPU_Util": 0.94, "GPU_Mem": 0.57}, "inference-model-latency": 9.91852, "inference-model-name": "mvit"}}