{"1616": {"global": [{"cpu-cycles": 10127235619, "instructions": 10168016117, "cache-references": 930795103, "cache-misses": 8624662, "LLC-loads": 71609726, "LLC-load-misses": 658645, "LLC-store-misses": 6771998, "LLC-stores": 24771999, "L1-dcache-load-misses": 207891911, "L1-dcache-loads": 3267610191, "L1-dcache-stores": 1697699591, "GPU_Util": 0.73, "GPU_Mem": 0.57}], "model-sons": [{"cpu-cycles": 4643281998, "instructions": 6215619051, "cache-references": 265789829, "cache-misses": 1321308, "LLC-loads": 19787271, "LLC-load-misses": 131884, "LLC-store-misses": 40358, "LLC-stores": 5365976, "L1-dcache-load-misses": 92426262, "L1-dcache-loads": 2015311108, "L1-dcache-stores": 1046621120, "GPU_Util": 0.9, "GPU_Mem": 0.57, "name": "resnext50_32x4d"}, {"cpu-cycles": 4662556353, "instructions": 3363416600, "cache-references": 641661175, "cache-misses": 711306, "LLC-loads": 49677258, "LLC-load-misses": 60303, "LLC-store-misses": 44236, "LLC-stores": 11734247, "L1-dcache-load-misses": 105593188, "L1-dcache-loads": 1037072344, "L1-dcache-stores": 581506892, "GPU_Util": 0.9, "GPU_Mem": 0.57, "name": "mobilenet_v2"}], "inference-model-info": 1, "inference-model-sys-info": {"GPU_Util": 0.95, "GPU_Mem": 0.57}, "inference-model-latency": 11.712470000000001, "inference-model-name": "vgg_13"}}