{"1628": {"global": [{"cpu-cycles": 9874216927, "instructions": 6631965649, "cache-references": 1329589043, "cache-misses": 9079696, "LLC-loads": 98256186, "LLC-load-misses": 502964, "LLC-store-misses": 1484105, "LLC-stores": 26736909, "L1-dcache-load-misses": 208255264, "L1-dcache-loads": 2159944310, "L1-dcache-stores": 1127150013, "GPU_Util": 0.98, "GPU_Mem": 0.54}], "model-sons": [{"cpu-cycles": 4670426679, "instructions": 3108764756, "cache-references": 664806943, "cache-misses": 476824, "LLC-loads": 48799243, "LLC-load-misses": 63189, "LLC-store-misses": 62045, "LLC-stores": 11021510, "L1-dcache-load-misses": 101130476, "L1-dcache-loads": 956883228, "L1-dcache-stores": 535361096, "GPU_Util": 0.98, "GPU_Mem": 0.54, "name": "mobilenet_v3_large"}, {"cpu-cycles": 4644666916, "instructions": 3120569724, "cache-references": 661711495, "cache-misses": 1560574, "LLC-loads": 49347935, "LLC-load-misses": 102638, "LLC-store-misses": 20233, "LLC-stores": 11345104, "L1-dcache-load-misses": 102073215, "L1-dcache-loads": 964433051, "L1-dcache-stores": 539182160, "GPU_Util": 0.98, "GPU_Mem": 0.54, "name": "mobilenet_v3_large"}], "inference-model-info": 1, "inference-model-sys-info": {"GPU_Util": 0.98, "GPU_Mem": 0.54}, "inference-model-latency": 4.4154100000000005, "inference-model-name": "shufflenet"}}