{"1639": {"global": [{"cpu-cycles": 9714021605, "instructions": 6660692880, "cache-references": 1312762193, "cache-misses": 5565808, "LLC-loads": 98162701, "LLC-load-misses": 526415, "LLC-store-misses": 5205393, "LLC-stores": 26870192, "L1-dcache-load-misses": 209740759, "L1-dcache-loads": 2066182110, "L1-dcache-stores": 1163347623, "GPU_Util": 0.96, "GPU_Mem": 0.54}], "model-sons": [{"cpu-cycles": 4657991648, "instructions": 3058549992, "cache-references": 643112748, "cache-misses": 1229321, "LLC-loads": 48051008, "LLC-load-misses": 99558, "LLC-store-misses": 38157, "LLC-stores": 10685000, "L1-dcache-load-misses": 100024358, "L1-dcache-loads": 944142949, "L1-dcache-stores": 525541481, "GPU_Util": 0.98, "GPU_Mem": 0.54, "name": "mobilenet_v3_large"}, {"cpu-cycles": 4659671246, "instructions": 3397178781, "cache-references": 652817122, "cache-misses": 761032, "LLC-loads": 49722651, "LLC-load-misses": 56957, "LLC-store-misses": 23872, "LLC-stores": 11453181, "L1-dcache-load-misses": 105092424, "L1-dcache-loads": 1048080326, "L1-dcache-stores": 587953854, "GPU_Util": 0.98, "GPU_Mem": 0.54, "name": "mobilenet_v2"}], "inference-model-info": 1, "inference-model-sys-info": {"GPU_Util": 0.96, "GPU_Mem": 0.54}, "inference-model-latency": 20.661440000000002, "inference-model-name": "inception_v3"}}