{"1694": {"global": [{"cpu-cycles": 14315911015, "instructions": 18612984333, "cache-references": 926921583, "cache-misses": 12063895, "LLC-loads": 71931032, "LLC-load-misses": 1207537, "LLC-store-misses": 3566075, "LLC-stores": 18468299, "L1-dcache-load-misses": 271948066, "L1-dcache-loads": 6223794315, "L1-dcache-stores": 3208653807, "GPU_Util": 0.84, "GPU_Mem": 0.75}], "model-sons": [{"cpu-cycles": 4649141293, "instructions": 6600225143, "cache-references": 209500771, "cache-misses": 1794686, "LLC-loads": 15949574, "LLC-load-misses": 147249, "LLC-store-misses": 124443, "LLC-stores": 3998465, "L1-dcache-load-misses": 98798450, "L1-dcache-loads": 2243656209, "L1-dcache-stores": 1155587676, "GPU_Util": 0.93, "GPU_Mem": 0.75, "name": "inception_v3"}, {"cpu-cycles": 4628569822, "instructions": 6714826368, "cache-references": 208558283, "cache-misses": 1913367, "LLC-loads": 16027717, "LLC-load-misses": 139138, "LLC-store-misses": 116736, "LLC-stores": 4201635, "L1-dcache-load-misses": 93571953, "L1-dcache-loads": 2267677255, "L1-dcache-stores": 1172813984, "GPU_Util": 0.93, "GPU_Mem": 0.75, "name": "inception_v3"}, {"cpu-cycles": 4617097314, "instructions": 5009477688, "cache-references": 432810957, "cache-misses": 2140991, "LLC-loads": 33982145, "LLC-load-misses": 138955, "LLC-store-misses": 76064, "LLC-stores": 7676815, "L1-dcache-load-misses": 93918038, "L1-dcache-loads": 1645019273, "L1-dcache-stores": 873892498, "GPU_Util": 0.93, "GPU_Mem": 0.75, "name": "googlenet"}], "inference-model-info": 1, "inference-model-sys-info": {"GPU_Util": 0.93, "GPU_Mem": 0.75}, "inference-model-latency": 4.4583200000000005, "inference-model-name": "mobilenet_v2"}}