{"1713": {"global": [{"cpu-cycles": 14904053473, "instructions": 16898649190, "cache-references": 1164830903, "cache-misses": 14853816, "LLC-loads": 88957967, "LLC-load-misses": 1121110, "LLC-store-misses": 3479092, "LLC-stores": 22596487, "L1-dcache-load-misses": 286313432, "L1-dcache-loads": 5400214793, "L1-dcache-stores": 2850589922, "GPU_Util": 0.91, "GPU_Mem": 0.74}], "model-sons": [{"cpu-cycles": 4635009658, "instructions": 6502102471, "cache-references": 248073459, "cache-misses": 1977200, "LLC-loads": 19448013, "LLC-load-misses": 150265, "LLC-store-misses": 70484, "LLC-stores": 4754144, "L1-dcache-load-misses": 92007120, "L1-dcache-loads": 2190541370, "L1-dcache-stores": 1133839885, "GPU_Util": 0.92, "GPU_Mem": 0.74, "name": "inception_v3"}, {"cpu-cycles": 4651922495, "instructions": 6439393890, "cache-references": 245749557, "cache-misses": 1885453, "LLC-loads": 18714217, "LLC-load-misses": 156842, "LLC-store-misses": 94110, "LLC-stores": 4908109, "L1-dcache-load-misses": 87511437, "L1-dcache-loads": 2176707430, "L1-dcache-stores": 1120203536, "GPU_Util": 0.92, "GPU_Mem": 0.74, "name": "inception_v3"}, {"cpu-cycles": 4651854779, "instructions": 3212972042, "cache-references": 641111478, "cache-misses": 1358089, "LLC-loads": 49160346, "LLC-load-misses": 121934, "LLC-store-misses": 30086, "LLC-stores": 10813177, "L1-dcache-load-misses": 102727288, "L1-dcache-loads": 1002324385, "L1-dcache-stores": 564113999, "GPU_Util": 0.92, "GPU_Mem": 0.74, "name": "shufflenet"}], "inference-model-info": 1, "inference-model-sys-info": {"GPU_Util": 0.94, "GPU_Mem": 0.74}, "inference-model-latency": 11.215829999999999, "inference-model-name": "vgg_11"}}