{"1742": {"global": [{"cpu-cycles": 14873195644, "instructions": 22292591631, "cache-references": 702693991, "cache-misses": 39618676, "LLC-loads": 57442725, "LLC-load-misses": 3400932, "LLC-store-misses": 18473662, "LLC-stores": 33708392, "L1-dcache-load-misses": 186269720, "L1-dcache-loads": 7245382590, "L1-dcache-stores": 3549133381, "GPU_Util": 0.51, "GPU_Mem": 0.72}], "model-sons": [{"cpu-cycles": 4642114062, "instructions": 6327481258, "cache-references": 236240728, "cache-misses": 2901079, "LLC-loads": 18903144, "LLC-load-misses": 211326, "LLC-store-misses": 112431, "LLC-stores": 4475198, "L1-dcache-load-misses": 103967566, "L1-dcache-loads": 2123047405, "L1-dcache-stores": 1089396657, "GPU_Util": 0.93, "GPU_Mem": 0.82, "name": "inception_v3"}, {"cpu-cycles": 4646832582, "instructions": 6947542171, "cache-references": 203517976, "cache-misses": 1406733, "LLC-loads": 15904994, "LLC-load-misses": 119274, "LLC-store-misses": 31771, "LLC-stores": 3717552, "L1-dcache-load-misses": 112644162, "L1-dcache-loads": 2362977722, "L1-dcache-stores": 1208413806, "GPU_Util": 0.94, "GPU_Mem": 0.82, "name": "inception_v3"}, {"cpu-cycles": 4657726975, "instructions": 8144386730, "cache-references": 41216866, "cache-misses": 486531, "LLC-loads": 2869036, "LLC-load-misses": 33296, "LLC-store-misses": 8645, "LLC-stores": 685531, "L1-dcache-load-misses": 79249803, "L1-dcache-loads": 2804492032, "L1-dcache-stores": 1427077907, "GPU_Util": 0.94, "GPU_Mem": 0.82, "name": "vgg_13"}], "inference-model-info": 1, "inference-model-sys-info": {"GPU_Util": 0.95, "GPU_Mem": 0.82}, "inference-model-latency": 15.7752, "inference-model-name": "vgg_13"}}