{"1776": {"global": [{"cpu-cycles": 14411299066, "instructions": 16786787257, "cache-references": 1163917106, "cache-misses": 17993210, "LLC-loads": 88804349, "LLC-load-misses": 1474195, "LLC-store-misses": 532958, "LLC-stores": 21056082, "L1-dcache-load-misses": 243552187, "L1-dcache-loads": 5576135480, "L1-dcache-stores": 2765515638, "GPU_Util": 0.92, "GPU_Mem": 0.74}], "model-sons": [{"cpu-cycles": 4621535685, "instructions": 6257754026, "cache-references": 235358891, "cache-misses": 2113805, "LLC-loads": 18173240, "LLC-load-misses": 139843, "LLC-store-misses": 71120, "LLC-stores": 4403466, "L1-dcache-load-misses": 101332543, "L1-dcache-loads": 2138828865, "L1-dcache-stores": 1090813170, "GPU_Util": 0.92, "GPU_Mem": 0.74, "name": "inception_v3"}, {"cpu-cycles": 4634510474, "instructions": 6549624175, "cache-references": 236285411, "cache-misses": 1837859, "LLC-loads": 17983700, "LLC-load-misses": 195749, "LLC-store-misses": 66813, "LLC-stores": 4529268, "L1-dcache-load-misses": 100210838, "L1-dcache-loads": 2208623215, "L1-dcache-stores": 1135260879, "GPU_Util": 0.92, "GPU_Mem": 0.74, "name": "inception_v3"}, {"cpu-cycles": 4634267347, "instructions": 3128826359, "cache-references": 648908879, "cache-misses": 1128568, "LLC-loads": 49917935, "LLC-load-misses": 54431, "LLC-store-misses": 15775, "LLC-stores": 11415003, "L1-dcache-load-misses": 104154041, "L1-dcache-loads": 966175028, "L1-dcache-stores": 540564322, "GPU_Util": 0.92, "GPU_Mem": 0.74, "name": "mobilenet_v3_small"}], "inference-model-info": 1, "inference-model-sys-info": {"GPU_Util": 0.91, "GPU_Mem": 0.74}, "inference-model-latency": 26.362280000000002, "inference-model-name": "resnext50_32x4d"}}