{"1786": {"global": [{"cpu-cycles": 14606210038, "instructions": 21598392368, "cache-references": 524138435, "cache-misses": 12798681, "LLC-loads": 39780518, "LLC-load-misses": 1139884, "LLC-store-misses": 1315376, "LLC-stores": 12867398, "L1-dcache-load-misses": 257815870, "L1-dcache-loads": 7203693711, "L1-dcache-stores": 3673314512, "GPU_Util": 0.94, "GPU_Mem": 0.76}], "model-sons": [{"cpu-cycles": 4642161992, "instructions": 6780603034, "cache-references": 202354638, "cache-misses": 1590254, "LLC-loads": 15836351, "LLC-load-misses": 127819, "LLC-store-misses": 46029, "LLC-stores": 3987694, "L1-dcache-load-misses": 80765169, "L1-dcache-loads": 2294509071, "L1-dcache-stores": 1171648560, "GPU_Util": 0.94, "GPU_Mem": 0.76, "name": "inception_v3"}, {"cpu-cycles": 4640904374, "instructions": 6699408690, "cache-references": 207703195, "cache-misses": 1653941, "LLC-loads": 16074173, "LLC-load-misses": 138654, "LLC-store-misses": 42921, "LLC-stores": 3920438, "L1-dcache-load-misses": 96563697, "L1-dcache-loads": 2271619211, "L1-dcache-stores": 1162604107, "GPU_Util": 0.94, "GPU_Mem": 0.76, "name": "inception_v3"}, {"cpu-cycles": 4646455098, "instructions": 7599464534, "cache-references": 98337759, "cache-misses": 499113, "LLC-loads": 7168247, "LLC-load-misses": 38270, "LLC-store-misses": 10536, "LLC-stores": 1592991, "L1-dcache-load-misses": 77206256, "L1-dcache-loads": 2609140321, "L1-dcache-stores": 1330085327, "GPU_Util": 0.94, "GPU_Mem": 0.76, "name": "alexnet"}], "inference-model-info": 1, "inference-model-sys-info": {"GPU_Util": 0.94, "GPU_Mem": 0.76}, "inference-model-latency": 3.8805800000000006, "inference-model-name": "mobilenet_v3_small"}}