{"1803": {"global": [{"cpu-cycles": 14826076812, "instructions": 18988873445, "cache-references": 908684112, "cache-misses": 14517958, "LLC-loads": 70431235, "LLC-load-misses": 1157615, "LLC-store-misses": 3411581, "LLC-stores": 22294770, "L1-dcache-load-misses": 294058493, "L1-dcache-loads": 6285770699, "L1-dcache-stores": 3262269244, "GPU_Util": 0.7, "GPU_Mem": 0.78}], "model-sons": [{"cpu-cycles": 4640664384, "instructions": 7019225925, "cache-references": 205998254, "cache-misses": 2070499, "LLC-loads": 15685191, "LLC-load-misses": 177474, "LLC-store-misses": 116984, "LLC-stores": 3808895, "L1-dcache-load-misses": 105703776, "L1-dcache-loads": 2377638795, "L1-dcache-stores": 1223553150, "GPU_Util": 0.93, "GPU_Mem": 0.78, "name": "inception_v3"}, {"cpu-cycles": 4650942517, "instructions": 6714612584, "cache-references": 205437715, "cache-misses": 2349147, "LLC-loads": 16255884, "LLC-load-misses": 201864, "LLC-store-misses": 119239, "LLC-stores": 3857050, "L1-dcache-load-misses": 79945998, "L1-dcache-loads": 2285942604, "L1-dcache-stores": 1177898916, "GPU_Util": 0.93, "GPU_Mem": 0.78, "name": "inception_v3"}, {"cpu-cycles": 4648916879, "instructions": 4863370485, "cache-references": 429138735, "cache-misses": 2405679, "LLC-loads": 34010251, "LLC-load-misses": 136541, "LLC-store-misses": 101268, "LLC-stores": 7677903, "L1-dcache-load-misses": 93412566, "L1-dcache-loads": 1583825188, "L1-dcache-stores": 845191918, "GPU_Util": 0.93, "GPU_Mem": 0.78, "name": "mvit"}], "inference-model-info": 1, "inference-model-sys-info": {"GPU_Util": 0.94, "GPU_Mem": 0.78}, "inference-model-latency": 4.53263, "inference-model-name": "mnasnet"}}