{"1842": {"global": [{"cpu-cycles": 14575697112, "instructions": 17042743578, "cache-references": 1111067374, "cache-misses": 12752140, "LLC-loads": 85928629, "LLC-load-misses": 1514114, "LLC-store-misses": 4211762, "LLC-stores": 23507380, "L1-dcache-load-misses": 284662557, "L1-dcache-loads": 5625445448, "L1-dcache-stores": 2928987722, "GPU_Util": 0.9, "GPU_Mem": 0.75}], "model-sons": [{"cpu-cycles": 4629439406, "instructions": 6612688110, "cache-references": 216791622, "cache-misses": 2089121, "LLC-loads": 16749836, "LLC-load-misses": 158120, "LLC-store-misses": 67304, "LLC-stores": 4053331, "L1-dcache-load-misses": 92911358, "L1-dcache-loads": 2246544749, "L1-dcache-stores": 1157152551, "GPU_Util": 0.93, "GPU_Mem": 0.75, "name": "inception_v3"}, {"cpu-cycles": 4641476722, "instructions": 6729897313, "cache-references": 213912447, "cache-misses": 1766743, "LLC-loads": 16571910, "LLC-load-misses": 148002, "LLC-store-misses": 97682, "LLC-stores": 3891079, "L1-dcache-load-misses": 86109563, "L1-dcache-loads": 2283626106, "L1-dcache-stores": 1169159549, "GPU_Util": 0.93, "GPU_Mem": 0.75, "name": "inception_v3"}, {"cpu-cycles": 4641763260, "instructions": 3160630286, "cache-references": 664083963, "cache-misses": 1630501, "LLC-loads": 50455847, "LLC-load-misses": 110191, "LLC-store-misses": 25748, "LLC-stores": 10971379, "L1-dcache-load-misses": 105183862, "L1-dcache-loads": 977623240, "L1-dcache-stores": 548931248, "GPU_Util": 0.93, "GPU_Mem": 0.75, "name": "mobilenet_v3_large"}], "inference-model-info": 1, "inference-model-sys-info": {"GPU_Util": 0.93, "GPU_Mem": 0.75}, "inference-model-latency": 3.9001399999999995, "inference-model-name": "mobilenet_v3_small"}}