{"1855": {"global": [{"cpu-cycles": 14872104193, "instructions": 17899685754, "cache-references": 1085422822, "cache-misses": 15793225, "LLC-loads": 83171096, "LLC-load-misses": 1032266, "LLC-store-misses": 2998891, "LLC-stores": 23818646, "L1-dcache-load-misses": 281080792, "L1-dcache-loads": 5881320899, "L1-dcache-stores": 3064377362, "GPU_Util": 0.86, "GPU_Mem": 0.75}], "model-sons": [{"cpu-cycles": 4636494987, "instructions": 6975091361, "cache-references": 201140301, "cache-misses": 1967780, "LLC-loads": 15569559, "LLC-load-misses": 167263, "LLC-store-misses": 58222, "LLC-stores": 3973094, "L1-dcache-load-misses": 83480877, "L1-dcache-loads": 2373390146, "L1-dcache-stores": 1200965043, "GPU_Util": 0.93, "GPU_Mem": 0.75, "name": "inception_v3"}, {"cpu-cycles": 4647040837, "instructions": 6921058061, "cache-references": 211277600, "cache-misses": 1832383, "LLC-loads": 16459648, "LLC-load-misses": 145375, "LLC-store-misses": 65955, "LLC-stores": 3924199, "L1-dcache-load-misses": 104445174, "L1-dcache-loads": 2360727651, "L1-dcache-stores": 1213493195, "GPU_Util": 0.93, "GPU_Mem": 0.75, "name": "inception_v3"}, {"cpu-cycles": 4635247026, "instructions": 3535610113, "cache-references": 618206862, "cache-misses": 1555250, "LLC-loads": 46866034, "LLC-load-misses": 115590, "LLC-store-misses": 27682, "LLC-stores": 11300112, "L1-dcache-load-misses": 102467931, "L1-dcache-loads": 1107449118, "L1-dcache-stores": 616779337, "GPU_Util": 0.93, "GPU_Mem": 0.75, "name": "mobilenet_v2"}], "inference-model-info": 1, "inference-model-sys-info": {"GPU_Util": 0.95, "GPU_Mem": 0.75}, "inference-model-latency": 20.35443, "inference-model-name": "vgg_16"}}