{"1863": {"global": [{"cpu-cycles": 14673420135, "instructions": 16251468313, "cache-references": 1214031968, "cache-misses": 11145768, "LLC-loads": 94479330, "LLC-load-misses": 1333713, "LLC-store-misses": 4527306, "LLC-stores": 26540517, "L1-dcache-load-misses": 265140583, "L1-dcache-loads": 5395117484, "L1-dcache-stores": 2736973602, "GPU_Util": 0.97, "GPU_Mem": 0.72}], "model-sons": [{"cpu-cycles": 4645510096, "instructions": 6638530583, "cache-references": 211273499, "cache-misses": 2117143, "LLC-loads": 15796618, "LLC-load-misses": 163338, "LLC-store-misses": 69130, "LLC-stores": 3865433, "L1-dcache-load-misses": 89426159, "L1-dcache-loads": 2263592261, "L1-dcache-stores": 1159821873, "GPU_Util": 0.96, "GPU_Mem": 0.72, "name": "inception_v3"}, {"cpu-cycles": 4640982967, "instructions": 4992831612, "cache-references": 446646884, "cache-misses": 1265478, "LLC-loads": 35198343, "LLC-load-misses": 103792, "LLC-store-misses": 50744, "LLC-stores": 7730801, "L1-dcache-load-misses": 91704530, "L1-dcache-loads": 1643568870, "L1-dcache-stores": 866036421, "GPU_Util": 0.96, "GPU_Mem": 0.72, "name": "googlenet"}, {"cpu-cycles": 4649032757, "instructions": 4748633609, "cache-references": 453748609, "cache-misses": 1765501, "LLC-loads": 34971840, "LLC-load-misses": 109278, "LLC-store-misses": 19943, "LLC-stores": 8074581, "L1-dcache-load-misses": 94265494, "L1-dcache-loads": 1562340052, "L1-dcache-stores": 824473601, "GPU_Util": 0.96, "GPU_Mem": 0.72, "name": "googlenet"}], "inference-model-info": 1, "inference-model-sys-info": {"GPU_Util": 0.95, "GPU_Mem": 0.72}, "inference-model-latency": 29.50047, "inference-model-name": "inception_v3"}}