{"1902": {"global": [{"cpu-cycles": 14445593468, "instructions": 13946520457, "cache-references": 1424919354, "cache-misses": 10960174, "LLC-loads": 109968427, "LLC-load-misses": 879414, "LLC-store-misses": 496994, "LLC-stores": 26267751, "L1-dcache-load-misses": 295766251, "L1-dcache-loads": 4441783686, "L1-dcache-stores": 2385520370, "GPU_Util": 0.67, "GPU_Mem": 0.71}], "model-sons": [{"cpu-cycles": 4640363834, "instructions": 6385506936, "cache-references": 246916867, "cache-misses": 1784905, "LLC-loads": 18780407, "LLC-load-misses": 145997, "LLC-store-misses": 115760, "LLC-stores": 4907995, "L1-dcache-load-misses": 86470993, "L1-dcache-loads": 2139567753, "L1-dcache-stores": 1106900686, "GPU_Util": 0.95, "GPU_Mem": 0.71, "name": "inception_v3"}, {"cpu-cycles": 4635422073, "instructions": 4200249036, "cache-references": 525771423, "cache-misses": 1796235, "LLC-loads": 41346890, "LLC-load-misses": 130399, "LLC-store-misses": 77959, "LLC-stores": 9350151, "L1-dcache-load-misses": 104151924, "L1-dcache-loads": 1338813353, "L1-dcache-stores": 723267265, "GPU_Util": 0.95, "GPU_Mem": 0.71, "name": "googlenet"}, {"cpu-cycles": 4633396320, "instructions": 3145747061, "cache-references": 638177679, "cache-misses": 1178642, "LLC-loads": 48912052, "LLC-load-misses": 52097, "LLC-store-misses": 71056, "LLC-stores": 11108897, "L1-dcache-load-misses": 100651580, "L1-dcache-loads": 981079802, "L1-dcache-stores": 548457701, "GPU_Util": 0.95, "GPU_Mem": 0.71, "name": "shufflenet"}], "inference-model-info": 1, "inference-model-sys-info": {"GPU_Util": 0.93, "GPU_Mem": 0.71}, "inference-model-latency": 25.11197, "inference-model-name": "resnext50_32x4d"}}