{"1928": {"global": [{"cpu-cycles": 14414180479, "instructions": 19043565840, "cache-references": 1038419320, "cache-misses": 44465328, "LLC-loads": 80507177, "LLC-load-misses": 2795826, "LLC-store-misses": 10538627, "LLC-stores": 33776882, "L1-dcache-load-misses": 246560809, "L1-dcache-loads": 6144180239, "L1-dcache-stores": 3118659214, "GPU_Util": 0.95, "GPU_Mem": 0.7}], "model-sons": [{"cpu-cycles": 4646111946, "instructions": 6859604198, "cache-references": 217135698, "cache-misses": 1657837, "LLC-loads": 16935656, "LLC-load-misses": 133760, "LLC-store-misses": 66267, "LLC-stores": 4191273, "L1-dcache-load-misses": 91520294, "L1-dcache-loads": 2331078410, "L1-dcache-stores": 1192568850, "GPU_Util": 0.96, "GPU_Mem": 0.79, "name": "inception_v3"}, {"cpu-cycles": 4651289563, "instructions": 5111942275, "cache-references": 443811144, "cache-misses": 1476658, "LLC-loads": 34118613, "LLC-load-misses": 124429, "LLC-store-misses": 27524, "LLC-stores": 7707073, "L1-dcache-load-misses": 94612932, "L1-dcache-loads": 1679199771, "L1-dcache-stores": 890401522, "GPU_Util": 0.96, "GPU_Mem": 0.79, "name": "googlenet"}, {"cpu-cycles": 4629592922, "instructions": 8416905824, "cache-references": 42001638, "cache-misses": 497869, "LLC-loads": 2989569, "LLC-load-misses": 26189, "LLC-store-misses": 10388, "LLC-stores": 698757, "L1-dcache-load-misses": 86539846, "L1-dcache-loads": 2901133256, "L1-dcache-stores": 1477984992, "GPU_Util": 0.96, "GPU_Mem": 0.79, "name": "vgg_13"}], "inference-model-info": 1, "inference-model-sys-info": {"GPU_Util": 0.97, "GPU_Mem": 0.79}, "inference-model-latency": 13.719649999999996, "inference-model-name": "mvit"}}