{"1942": {"global": [{"cpu-cycles": 14633397716, "instructions": 18600956346, "cache-references": 1033883327, "cache-misses": 37896944, "LLC-loads": 80459586, "LLC-load-misses": 2739375, "LLC-store-misses": 14088673, "LLC-stores": 34695407, "L1-dcache-load-misses": 246107088, "L1-dcache-loads": 6044178454, "L1-dcache-stores": 3023733616, "GPU_Util": 0.83, "GPU_Mem": 0.7}], "model-sons": [{"cpu-cycles": 4624346725, "instructions": 6306165746, "cache-references": 245197088, "cache-misses": 2907488, "LLC-loads": 18542564, "LLC-load-misses": 203087, "LLC-store-misses": 94558, "LLC-stores": 4365990, "L1-dcache-load-misses": 104019218, "L1-dcache-loads": 2146317094, "L1-dcache-stores": 1105386714, "GPU_Util": 0.95, "GPU_Mem": 0.79, "name": "inception_v3"}, {"cpu-cycles": 4644208530, "instructions": 5070447204, "cache-references": 443500867, "cache-misses": 1632065, "LLC-loads": 34777485, "LLC-load-misses": 99603, "LLC-store-misses": 33186, "LLC-stores": 7770461, "L1-dcache-load-misses": 96766089, "L1-dcache-loads": 1664350015, "L1-dcache-stores": 877095568, "GPU_Util": 0.96, "GPU_Mem": 0.79, "name": "googlenet"}, {"cpu-cycles": 4653045055, "instructions": 8181386515, "cache-references": 39946050, "cache-misses": 514475, "LLC-loads": 2868477, "LLC-load-misses": 37798, "LLC-store-misses": 13503, "LLC-stores": 680921, "L1-dcache-load-misses": 69882392, "L1-dcache-loads": 2812545094, "L1-dcache-stores": 1434616516, "GPU_Util": 0.96, "GPU_Mem": 0.79, "name": "vgg_16"}], "inference-model-info": 1, "inference-model-sys-info": {"GPU_Util": 0.97, "GPU_Mem": 0.79}, "inference-model-latency": 13.71544, "inference-model-name": "mvit"}}