{"1972": {"global": [{"cpu-cycles": 14269463361, "instructions": 18703063613, "cache-references": 830687135, "cache-misses": 14905042, "LLC-loads": 67382595, "LLC-load-misses": 2307112, "LLC-store-misses": 7962299, "LLC-stores": 19831034, "L1-dcache-load-misses": 287471568, "L1-dcache-loads": 6201691797, "L1-dcache-stores": 3205994667, "GPU_Util": 0.92, "GPU_Mem": 0.74}], "model-sons": [{"cpu-cycles": 4645870971, "instructions": 6733033887, "cache-references": 201637091, "cache-misses": 1681117, "LLC-loads": 16176866, "LLC-load-misses": 168095, "LLC-store-misses": 75600, "LLC-stores": 3866725, "L1-dcache-load-misses": 95592149, "L1-dcache-loads": 2268237558, "L1-dcache-stores": 1170590609, "GPU_Util": 0.96, "GPU_Mem": 0.74, "name": "inception_v3"}, {"cpu-cycles": 4646695663, "instructions": 4760396375, "cache-references": 448960178, "cache-misses": 992503, "LLC-loads": 34975308, "LLC-load-misses": 75677, "LLC-store-misses": 36733, "LLC-stores": 8007414, "L1-dcache-load-misses": 93077214, "L1-dcache-loads": 1549863189, "L1-dcache-stores": 819444898, "GPU_Util": 0.96, "GPU_Mem": 0.74, "name": "googlenet"}, {"cpu-cycles": 4654400067, "instructions": 7462826363, "cache-references": 96393879, "cache-misses": 735558, "LLC-loads": 7291504, "LLC-load-misses": 43073, "LLC-store-misses": 2922, "LLC-stores": 1573672, "L1-dcache-load-misses": 100269713, "L1-dcache-loads": 2577529866, "L1-dcache-stores": 1310030670, "GPU_Util": 0.96, "GPU_Mem": 0.74, "name": "alexnet"}], "inference-model-info": 1, "inference-model-sys-info": {"GPU_Util": 0.94, "GPU_Mem": 0.74}, "inference-model-latency": 26.694409999999998, "inference-model-name": "resnext50_32x4d"}}