{"1991": {"global": [{"cpu-cycles": 14385421867, "instructions": 15361293491, "cache-references": 1308317709, "cache-misses": 9921255, "LLC-loads": 101966543, "LLC-load-misses": 1224276, "LLC-store-misses": 3845681, "LLC-stores": 30062866, "L1-dcache-load-misses": 267326166, "L1-dcache-loads": 5167464438, "L1-dcache-stores": 2626959166, "GPU_Util": 0.98, "GPU_Mem": 0.72}], "model-sons": [{"cpu-cycles": 4647751369, "instructions": 6710127656, "cache-references": 204956651, "cache-misses": 1687026, "LLC-loads": 15827316, "LLC-load-misses": 137077, "LLC-store-misses": 90817, "LLC-stores": 3864385, "L1-dcache-load-misses": 84112798, "L1-dcache-loads": 2264525828, "L1-dcache-stores": 1169676074, "GPU_Util": 0.96, "GPU_Mem": 0.72, "name": "inception_v3"}, {"cpu-cycles": 4642537597, "instructions": 4912268244, "cache-references": 442977545, "cache-misses": 1702354, "LLC-loads": 34605674, "LLC-load-misses": 110504, "LLC-store-misses": 40649, "LLC-stores": 7832027, "L1-dcache-load-misses": 93595091, "L1-dcache-loads": 1606285556, "L1-dcache-stores": 854386237, "GPU_Util": 0.96, "GPU_Mem": 0.72, "name": "googlenet"}, {"cpu-cycles": 4636474869, "instructions": 3773604553, "cache-references": 584938774, "cache-misses": 1246055, "LLC-loads": 44594873, "LLC-load-misses": 84172, "LLC-store-misses": 60486, "LLC-stores": 10945593, "L1-dcache-load-misses": 99373413, "L1-dcache-loads": 1198542098, "L1-dcache-stores": 658318968, "GPU_Util": 0.96, "GPU_Mem": 0.72, "name": "mnasnet"}], "inference-model-info": 1, "inference-model-sys-info": {"GPU_Util": 0.96, "GPU_Mem": 0.72}, "inference-model-latency": 3.4168999999999996, "inference-model-name": "squeezenet"}}