{"2017": {"global": [{"cpu-cycles": 14561424990, "instructions": 15077193984, "cache-references": 1390091864, "cache-misses": 19005183, "LLC-loads": 105698895, "LLC-load-misses": 1814402, "LLC-store-misses": 4005513, "LLC-stores": 27860814, "L1-dcache-load-misses": 286746050, "L1-dcache-loads": 4935881196, "L1-dcache-stores": 2587447269, "GPU_Util": 0.96, "GPU_Mem": 0.72}], "model-sons": [{"cpu-cycles": 4635898854, "instructions": 6775315942, "cache-references": 206161868, "cache-misses": 1892890, "LLC-loads": 16246057, "LLC-load-misses": 160747, "LLC-store-misses": 78308, "LLC-stores": 3990282, "L1-dcache-load-misses": 87075857, "L1-dcache-loads": 2300159332, "L1-dcache-stores": 1189640007, "GPU_Util": 0.96, "GPU_Mem": 0.72, "name": "inception_v3"}, {"cpu-cycles": 4650441687, "instructions": 4944441686, "cache-references": 455356707, "cache-misses": 1368791, "LLC-loads": 34774953, "LLC-load-misses": 105252, "LLC-store-misses": 61927, "LLC-stores": 8197160, "L1-dcache-load-misses": 97800956, "L1-dcache-loads": 1623476901, "L1-dcache-stores": 853768803, "GPU_Util": 0.96, "GPU_Mem": 0.72, "name": "googlenet"}, {"cpu-cycles": 4643319307, "instructions": 3251094068, "cache-references": 671619489, "cache-misses": 1493398, "LLC-loads": 50953941, "LLC-load-misses": 98714, "LLC-store-misses": 24315, "LLC-stores": 11565660, "L1-dcache-load-misses": 105777552, "L1-dcache-loads": 1006675381, "L1-dcache-stores": 565521665, "GPU_Util": 0.96, "GPU_Mem": 0.72, "name": "mobilenet_v3_large"}], "inference-model-info": 1, "inference-model-sys-info": {"GPU_Util": 0.94, "GPU_Mem": 0.72}, "inference-model-latency": 29.40625, "inference-model-name": "inception_v3"}}