{"2040": {"global": [{"cpu-cycles": 14580609408, "instructions": 15058127040, "cache-references": 1362397800, "cache-misses": 12627397, "LLC-loads": 104622425, "LLC-load-misses": 1237499, "LLC-store-misses": 4004493, "LLC-stores": 28418908, "L1-dcache-load-misses": 283657306, "L1-dcache-loads": 4942898542, "L1-dcache-stores": 2552477198, "GPU_Util": 0.97, "GPU_Mem": 0.72}], "model-sons": [{"cpu-cycles": 4639988084, "instructions": 6691759918, "cache-references": 205734844, "cache-misses": 1328489, "LLC-loads": 16000858, "LLC-load-misses": 145837, "LLC-store-misses": 86053, "LLC-stores": 3945643, "L1-dcache-load-misses": 87579725, "L1-dcache-loads": 2253909551, "L1-dcache-stores": 1167908517, "GPU_Util": 0.96, "GPU_Mem": 0.72, "name": "inception_v3"}, {"cpu-cycles": 4629019342, "instructions": 4794987154, "cache-references": 451139884, "cache-misses": 1380611, "LLC-loads": 35631333, "LLC-load-misses": 103376, "LLC-store-misses": 10794, "LLC-stores": 8189004, "L1-dcache-load-misses": 96278149, "L1-dcache-loads": 1585830536, "L1-dcache-stores": 838227827, "GPU_Util": 0.96, "GPU_Mem": 0.72, "name": "googlenet"}, {"cpu-cycles": 4617602631, "instructions": 3708297715, "cache-references": 622885856, "cache-misses": 1385605, "LLC-loads": 47930343, "LLC-load-misses": 98276, "LLC-store-misses": 38370, "LLC-stores": 10948169, "L1-dcache-load-misses": 104309868, "L1-dcache-loads": 1164040849, "L1-dcache-stores": 641821686, "GPU_Util": 0.96, "GPU_Mem": 0.72, "name": "mobilenet_v2"}], "inference-model-info": 1, "inference-model-sys-info": {"GPU_Util": 0.97, "GPU_Mem": 0.72}, "inference-model-latency": 13.592369999999999, "inference-model-name": "mvit"}}