{"2049": {"global": [{"cpu-cycles": 14647432698, "instructions": 18911995492, "cache-references": 1120571838, "cache-misses": 5329275, "LLC-loads": 79183971, "LLC-load-misses": 612818, "LLC-store-misses": 6395799, "LLC-stores": 24226797, "L1-dcache-load-misses": 202896190, "L1-dcache-loads": 6171999727, "L1-dcache-stores": 3043166189, "GPU_Util": 0.99, "GPU_Mem": 0.67}], "model-sons": [{"cpu-cycles": 4641362305, "instructions": 9918915069, "cache-references": 7323581, "cache-misses": 1706181, "LLC-loads": 1150379, "LLC-load-misses": 467277, "LLC-store-misses": 15821, "LLC-stores": 82120, "L1-dcache-load-misses": 1813248, "L1-dcache-loads": 3375700704, "L1-dcache-stores": 1564066543, "GPU_Util": 0.99, "GPU_Mem": 0.7, "name": "inception_v3"}, {"cpu-cycles": 4625679215, "instructions": 5608312213, "cache-references": 370934220, "cache-misses": 880504, "LLC-loads": 26097327, "LLC-load-misses": 61541, "LLC-store-misses": 20378, "LLC-stores": 6875049, "L1-dcache-load-misses": 94182881, "L1-dcache-loads": 1879766204, "L1-dcache-stores": 979310866, "GPU_Util": 0.98, "GPU_Mem": 0.71, "name": "squeezenet"}, {"cpu-cycles": 4642131130, "instructions": 5763887461, "cache-references": 371273064, "cache-misses": 557923, "LLC-loads": 26059937, "LLC-load-misses": 62569, "LLC-store-misses": 20400, "LLC-stores": 6186876, "L1-dcache-load-misses": 87562091, "L1-dcache-loads": 1918436621, "L1-dcache-stores": 1005372778, "GPU_Util": 0.96, "GPU_Mem": 0.71, "name": "squeezenet"}], "inference-model-info": 1, "inference-model-sys-info": {"GPU_Util": 0.97, "GPU_Mem": 0.71}, "inference-model-latency": 11.902079999999996, "inference-model-name": "vgg_11"}}