{"2082": {"global": [{"cpu-cycles": 14430302242, "instructions": 19919419822, "cache-references": 934026947, "cache-misses": 33986564, "LLC-loads": 69371671, "LLC-load-misses": 2275759, "LLC-store-misses": 11909676, "LLC-stores": 37309094, "L1-dcache-load-misses": 237757841, "L1-dcache-loads": 6388414451, "L1-dcache-stores": 3234497595, "GPU_Util": 0.89, "GPU_Mem": 0.69}], "model-sons": [{"cpu-cycles": 4642358387, "instructions": 6301457955, "cache-references": 266813226, "cache-misses": 2718631, "LLC-loads": 20530921, "LLC-load-misses": 225266, "LLC-store-misses": 166099, "LLC-stores": 5044463, "L1-dcache-load-misses": 88436991, "L1-dcache-loads": 2108916755, "L1-dcache-stores": 1097042751, "GPU_Util": 0.95, "GPU_Mem": 0.78, "name": "inception_v3"}, {"cpu-cycles": 4646307197, "instructions": 5627393730, "cache-references": 369881325, "cache-misses": 571013, "LLC-loads": 25994614, "LLC-load-misses": 46764, "LLC-store-misses": 8391, "LLC-stores": 6395421, "L1-dcache-load-misses": 85142004, "L1-dcache-loads": 1882204906, "L1-dcache-stores": 983922875, "GPU_Util": 0.96, "GPU_Mem": 0.78, "name": "squeezenet"}, {"cpu-cycles": 4640146878, "instructions": 7907787141, "cache-references": 45044103, "cache-misses": 537929, "LLC-loads": 3200854, "LLC-load-misses": 51039, "LLC-store-misses": 8888, "LLC-stores": 769233, "L1-dcache-load-misses": 69294861, "L1-dcache-loads": 2729429939, "L1-dcache-stores": 1393644259, "GPU_Util": 0.97, "GPU_Mem": 0.78, "name": "vgg_11"}], "inference-model-info": 1, "inference-model-sys-info": {"GPU_Util": 0.97, "GPU_Mem": 0.78}, "inference-model-latency": 13.73627, "inference-model-name": "mvit"}}