{"2125": {"global": [{"cpu-cycles": 14540096773, "instructions": 14883783910, "cache-references": 1357578627, "cache-misses": 8083334, "LLC-loads": 99662990, "LLC-load-misses": 819196, "LLC-store-misses": 5682621, "LLC-stores": 28683840, "L1-dcache-load-misses": 277070911, "L1-dcache-loads": 4914999272, "L1-dcache-stores": 2560255387, "GPU_Util": 0.98, "GPU_Mem": 0.7}], "model-sons": [{"cpu-cycles": 4656331238, "instructions": 6546744867, "cache-references": 236702144, "cache-misses": 862092, "LLC-loads": 18116080, "LLC-load-misses": 111533, "LLC-store-misses": 79090, "LLC-stores": 4449000, "L1-dcache-load-misses": 97017489, "L1-dcache-loads": 2204563445, "L1-dcache-stores": 1129324949, "GPU_Util": 0.95, "GPU_Mem": 0.7, "name": "inception_v3"}, {"cpu-cycles": 4639814248, "instructions": 4987528991, "cache-references": 417206993, "cache-misses": 1079939, "LLC-loads": 29487311, "LLC-load-misses": 56890, "LLC-store-misses": 6898, "LLC-stores": 7239242, "L1-dcache-load-misses": 83292254, "L1-dcache-loads": 1664323073, "L1-dcache-stores": 864087071, "GPU_Util": 0.95, "GPU_Mem": 0.7, "name": "squeezenet"}, {"cpu-cycles": 4645565382, "instructions": 3143445243, "cache-references": 663592395, "cache-misses": 667590, "LLC-loads": 49185867, "LLC-load-misses": 85267, "LLC-store-misses": 75478, "LLC-stores": 10925981, "L1-dcache-load-misses": 101264845, "L1-dcache-loads": 959935438, "L1-dcache-stores": 536297571, "GPU_Util": 0.95, "GPU_Mem": 0.7, "name": "mobilenet_v3_small"}], "inference-model-info": 1, "inference-model-sys-info": {"GPU_Util": 0.95, "GPU_Mem": 0.7}, "inference-model-latency": 4.436319999999999, "inference-model-name": "mnasnet"}}