{"2138": {"global": [{"cpu-cycles": 14628724385, "instructions": 20820828761, "cache-references": 697718063, "cache-misses": 7983249, "LLC-loads": 50272000, "LLC-load-misses": 503944, "LLC-store-misses": 4210761, "LLC-stores": 15608468, "L1-dcache-load-misses": 283734738, "L1-dcache-loads": 7047161494, "L1-dcache-stores": 3607376331, "GPU_Util": 0.97, "GPU_Mem": 0.73}], "model-sons": [{"cpu-cycles": 4658172366, "instructions": 6996125406, "cache-references": 209495684, "cache-misses": 1078273, "LLC-loads": 16341186, "LLC-load-misses": 95293, "LLC-store-misses": 49161, "LLC-stores": 3917443, "L1-dcache-load-misses": 96471220, "L1-dcache-loads": 2394306564, "L1-dcache-stores": 1230367913, "GPU_Util": 0.96, "GPU_Mem": 0.73, "name": "inception_v3"}, {"cpu-cycles": 4653706822, "instructions": 5747229117, "cache-references": 366775202, "cache-misses": 520501, "LLC-loads": 25902963, "LLC-load-misses": 44830, "LLC-store-misses": 15012, "LLC-stores": 6315669, "L1-dcache-load-misses": 84773882, "L1-dcache-loads": 1931250171, "L1-dcache-stores": 996225159, "GPU_Util": 0.96, "GPU_Mem": 0.73, "name": "squeezenet"}, {"cpu-cycles": 4627840209, "instructions": 7631222042, "cache-references": 100219993, "cache-misses": 788621, "LLC-loads": 7229044, "LLC-load-misses": 47689, "LLC-store-misses": 7226, "LLC-stores": 1503189, "L1-dcache-load-misses": 75006794, "L1-dcache-loads": 2643614339, "L1-dcache-stores": 1346996435, "GPU_Util": 0.96, "GPU_Mem": 0.73, "name": "alexnet"}], "inference-model-info": 1, "inference-model-sys-info": {"GPU_Util": 0.97, "GPU_Mem": 0.73}, "inference-model-latency": 13.72212, "inference-model-name": "mvit"}}