{"2152": {"global": [{"cpu-cycles": 14311966355, "instructions": 16670964808, "cache-references": 1201606417, "cache-misses": 11627135, "LLC-loads": 90436963, "LLC-load-misses": 954825, "LLC-store-misses": 1325375, "LLC-stores": 22674035, "L1-dcache-load-misses": 205194887, "L1-dcache-loads": 5459038527, "L1-dcache-stores": 2728570162, "GPU_Util": 0.82, "GPU_Mem": 0.72}], "model-sons": [{"cpu-cycles": 4653463621, "instructions": 6632400244, "cache-references": 210312221, "cache-misses": 1494696, "LLC-loads": 15980717, "LLC-load-misses": 147507, "LLC-store-misses": 78748, "LLC-stores": 3943747, "L1-dcache-load-misses": 99822606, "L1-dcache-loads": 2243989053, "L1-dcache-stores": 1156712979, "GPU_Util": 0.98, "GPU_Mem": 0.75, "name": "inception_v3"}, {"cpu-cycles": 4635485353, "instructions": 5689916114, "cache-references": 375291629, "cache-misses": 1144390, "LLC-loads": 26701446, "LLC-load-misses": 81316, "LLC-store-misses": 14514, "LLC-stores": 6492687, "L1-dcache-load-misses": 88203432, "L1-dcache-loads": 1917875941, "L1-dcache-stores": 995062484, "GPU_Util": 0.96, "GPU_Mem": 0.75, "name": "squeezenet"}, {"cpu-cycles": 4640623374, "instructions": 4725059268, "cache-references": 434068152, "cache-misses": 1261069, "LLC-loads": 33508819, "LLC-load-misses": 109827, "LLC-store-misses": 88365, "LLC-stores": 7643863, "L1-dcache-load-misses": 95212064, "L1-dcache-loads": 1548472052, "L1-dcache-stores": 816607538, "GPU_Util": 0.96, "GPU_Mem": 0.75, "name": "mvit"}], "inference-model-info": 1, "inference-model-sys-info": {"GPU_Util": 0.97, "GPU_Mem": 0.75}, "inference-model-latency": 13.70921, "inference-model-name": "mvit"}}