{"2162": {"global": [{"cpu-cycles": 14724565528, "instructions": 16666923125, "cache-references": 1336855048, "cache-misses": 12170569, "LLC-loads": 99253707, "LLC-load-misses": 957798, "LLC-store-misses": 3922094, "LLC-stores": 27118267, "L1-dcache-load-misses": 235694443, "L1-dcache-loads": 5387583503, "L1-dcache-stores": 2726825733, "GPU_Util": 0.99, "GPU_Mem": 0.71}], "model-sons": [{"cpu-cycles": 4635642046, "instructions": 6627035365, "cache-references": 202907020, "cache-misses": 1453195, "LLC-loads": 15843962, "LLC-load-misses": 122695, "LLC-store-misses": 57689, "LLC-stores": 3835388, "L1-dcache-load-misses": 101971636, "L1-dcache-loads": 2230965201, "L1-dcache-stores": 1149677941, "GPU_Util": 0.96, "GPU_Mem": 0.71, "name": "inception_v3"}, {"cpu-cycles": 4648923096, "instructions": 5598015950, "cache-references": 368499051, "cache-misses": 859165, "LLC-loads": 26165018, "LLC-load-misses": 68784, "LLC-store-misses": 20253, "LLC-stores": 6453891, "L1-dcache-load-misses": 85152277, "L1-dcache-loads": 1874038082, "L1-dcache-stores": 966275616, "GPU_Util": 0.96, "GPU_Mem": 0.71, "name": "squeezenet"}, {"cpu-cycles": 4644737141, "instructions": 3744601941, "cache-references": 585640102, "cache-misses": 776569, "LLC-loads": 43792246, "LLC-load-misses": 56529, "LLC-store-misses": 54449, "LLC-stores": 10337609, "L1-dcache-load-misses": 100088730, "L1-dcache-loads": 1172115267, "L1-dcache-stores": 644994706, "GPU_Util": 0.96, "GPU_Mem": 0.71, "name": "mnasnet"}], "inference-model-info": 1, "inference-model-sys-info": {"GPU_Util": 0.97, "GPU_Mem": 0.71}, "inference-model-latency": 15.734859999999996, "inference-model-name": "vgg_13"}}