{"2189": {"global": [{"cpu-cycles": 14260057399, "instructions": 15382228149, "cache-references": 1297647139, "cache-misses": 7918862, "LLC-loads": 97032034, "LLC-load-misses": 885831, "LLC-store-misses": 5077733, "LLC-stores": 28595559, "L1-dcache-load-misses": 276552681, "L1-dcache-loads": 5099929948, "L1-dcache-stores": 2634334398, "GPU_Util": 0.97, "GPU_Mem": 0.71}], "model-sons": [{"cpu-cycles": 4628694360, "instructions": 6863381461, "cache-references": 213036862, "cache-misses": 1664775, "LLC-loads": 16701116, "LLC-load-misses": 146275, "LLC-store-misses": 33190, "LLC-stores": 3850354, "L1-dcache-load-misses": 88425011, "L1-dcache-loads": 2348479648, "L1-dcache-stores": 1197326409, "GPU_Util": 0.96, "GPU_Mem": 0.71, "name": "inception_v3"}, {"cpu-cycles": 4631011402, "instructions": 5401914596, "cache-references": 378996570, "cache-misses": 929596, "LLC-loads": 27442502, "LLC-load-misses": 72985, "LLC-store-misses": 19359, "LLC-stores": 6999238, "L1-dcache-load-misses": 91263903, "L1-dcache-loads": 1801180353, "L1-dcache-stores": 933039395, "GPU_Util": 0.96, "GPU_Mem": 0.71, "name": "squeezenet"}, {"cpu-cycles": 4633723387, "instructions": 3084044688, "cache-references": 652677806, "cache-misses": 1363555, "LLC-loads": 49593733, "LLC-load-misses": 90966, "LLC-store-misses": 56452, "LLC-stores": 11348530, "L1-dcache-load-misses": 102163025, "L1-dcache-loads": 952419815, "L1-dcache-stores": 531614473, "GPU_Util": 0.96, "GPU_Mem": 0.71, "name": "mobilenet_v3_large"}], "inference-model-info": 1, "inference-model-sys-info": {"GPU_Util": 0.97, "GPU_Mem": 0.71}, "inference-model-latency": 11.904899999999998, "inference-model-name": "vgg_11"}}