{"2235": {"global": [{"cpu-cycles": 14159088965, "instructions": 16441819599, "cache-references": 1200059758, "cache-misses": 50827040, "LLC-loads": 94697719, "LLC-load-misses": 3640067, "LLC-store-misses": 12765037, "LLC-stores": 32348304, "L1-dcache-load-misses": 231693491, "L1-dcache-loads": 5546280430, "L1-dcache-stores": 2715376439, "GPU_Util": 0.68, "GPU_Mem": 0.69}], "model-sons": [{"cpu-cycles": 4648168619, "instructions": 6438421659, "cache-references": 248123205, "cache-misses": 1900739, "LLC-loads": 20034395, "LLC-load-misses": 164735, "LLC-store-misses": 38246, "LLC-stores": 4848728, "L1-dcache-load-misses": 84086511, "L1-dcache-loads": 2199219382, "L1-dcache-stores": 1126013871, "GPU_Util": 0.93, "GPU_Mem": 0.78, "name": "inception_v3"}, {"cpu-cycles": 4636042850, "instructions": 3121412045, "cache-references": 635117330, "cache-misses": 799796, "LLC-loads": 47451095, "LLC-load-misses": 65878, "LLC-store-misses": 61463, "LLC-stores": 10913958, "L1-dcache-load-misses": 99345580, "L1-dcache-loads": 964463629, "L1-dcache-stores": 540805466, "GPU_Util": 0.96, "GPU_Mem": 0.78, "name": "shufflenet"}, {"cpu-cycles": 4646496226, "instructions": 8099468093, "cache-references": 53057137, "cache-misses": 654476, "LLC-loads": 3840826, "LLC-load-misses": 63792, "LLC-store-misses": 12164, "LLC-stores": 856873, "L1-dcache-load-misses": 68013249, "L1-dcache-loads": 2788976198, "L1-dcache-stores": 1421900643, "GPU_Util": 0.96, "GPU_Mem": 0.78, "name": "vgg_11"}], "inference-model-info": 1, "inference-model-sys-info": {"GPU_Util": 0.96, "GPU_Mem": 0.78}, "inference-model-latency": 2.8189699999999998, "inference-model-name": "alexnet"}}