{"2268": {"global": [{"cpu-cycles": 14402046027, "instructions": 17452339790, "cache-references": 1196929919, "cache-misses": 45524534, "LLC-loads": 96598692, "LLC-load-misses": 3268274, "LLC-store-misses": 10334666, "LLC-stores": 38903340, "L1-dcache-load-misses": 259256514, "L1-dcache-loads": 5629241177, "L1-dcache-stores": 2837706594, "GPU_Util": 0.88, "GPU_Mem": 0.69}], "model-sons": [{"cpu-cycles": 4647972560, "instructions": 6365415688, "cache-references": 256486959, "cache-misses": 1992515, "LLC-loads": 20036995, "LLC-load-misses": 155518, "LLC-store-misses": 64107, "LLC-stores": 4744632, "L1-dcache-load-misses": 108772044, "L1-dcache-loads": 2166438446, "L1-dcache-stores": 1115590371, "GPU_Util": 0.94, "GPU_Mem": 0.78, "name": "inception_v3"}, {"cpu-cycles": 4626437636, "instructions": 3243600661, "cache-references": 651139439, "cache-misses": 887666, "LLC-loads": 50932683, "LLC-load-misses": 76615, "LLC-store-misses": 59830, "LLC-stores": 10937143, "L1-dcache-load-misses": 104827138, "L1-dcache-loads": 998256831, "L1-dcache-stores": 559996618, "GPU_Util": 0.96, "GPU_Mem": 0.78, "name": "shufflenet"}, {"cpu-cycles": 4648652965, "instructions": 8207043458, "cache-references": 45479100, "cache-misses": 607876, "LLC-loads": 3318278, "LLC-load-misses": 47334, "LLC-store-misses": 7628, "LLC-stores": 717743, "L1-dcache-load-misses": 84326414, "L1-dcache-loads": 2829173236, "L1-dcache-stores": 1436132075, "GPU_Util": 0.96, "GPU_Mem": 0.78, "name": "vgg_16"}], "inference-model-info": 1, "inference-model-sys-info": {"GPU_Util": 0.96, "GPU_Mem": 0.78}, "inference-model-latency": 4.25243, "inference-model-name": "mobilenet_v2"}}