{"2276": {"global": [{"cpu-cycles": 14581990799, "instructions": 12318253854, "cache-references": 1654670307, "cache-misses": 7336290, "LLC-loads": 125228188, "LLC-load-misses": 614473, "LLC-store-misses": 6315898, "LLC-stores": 35919700, "L1-dcache-load-misses": 316697828, "L1-dcache-loads": 3994287001, "L1-dcache-stores": 2141810273, "GPU_Util": 0.95, "GPU_Mem": 0.7}], "model-sons": [{"cpu-cycles": 4645536925, "instructions": 5704106310, "cache-references": 330298784, "cache-misses": 2230355, "LLC-loads": 25992258, "LLC-load-misses": 212327, "LLC-store-misses": 103016, "LLC-stores": 6236823, "L1-dcache-load-misses": 106520902, "L1-dcache-loads": 1903170630, "L1-dcache-stores": 992903048, "GPU_Util": 0.94, "GPU_Mem": 0.7, "name": "inception_v3"}, {"cpu-cycles": 4653050918, "instructions": 3166239653, "cache-references": 647744609, "cache-misses": 1368974, "LLC-loads": 48565085, "LLC-load-misses": 118809, "LLC-store-misses": 51612, "LLC-stores": 10941731, "L1-dcache-load-misses": 101004918, "L1-dcache-loads": 979215764, "L1-dcache-stores": 549552475, "GPU_Util": 0.94, "GPU_Mem": 0.7, "name": "shufflenet"}, {"cpu-cycles": 4640308320, "instructions": 3115718335, "cache-references": 663296438, "cache-misses": 1574746, "LLC-loads": 50499112, "LLC-load-misses": 116793, "LLC-store-misses": 29431, "LLC-stores": 10855006, "L1-dcache-load-misses": 103276806, "L1-dcache-loads": 962356064, "L1-dcache-stores": 538476657, "GPU_Util": 0.94, "GPU_Mem": 0.7, "name": "mobilenet_v3_small"}], "inference-model-info": 1, "inference-model-sys-info": {"GPU_Util": 0.94, "GPU_Mem": 0.7}, "inference-model-latency": 4.083049999999999, "inference-model-name": "mobilenet_v3_small"}}