{"2291": {"global": [{"cpu-cycles": 14550316205, "instructions": 17117071413, "cache-references": 1058798907, "cache-misses": 16394795, "LLC-loads": 83349736, "LLC-load-misses": 2379787, "LLC-store-misses": 2840413, "LLC-stores": 19601628, "L1-dcache-load-misses": 262439791, "L1-dcache-loads": 5671905902, "L1-dcache-stores": 2960043248, "GPU_Util": 0.94, "GPU_Mem": 0.73}], "model-sons": [{"cpu-cycles": 4645419087, "instructions": 6554944649, "cache-references": 246058119, "cache-misses": 1468781, "LLC-loads": 19012895, "LLC-load-misses": 114473, "LLC-store-misses": 59262, "LLC-stores": 4669108, "L1-dcache-load-misses": 85893741, "L1-dcache-loads": 2221189556, "L1-dcache-stores": 1141491636, "GPU_Util": 0.96, "GPU_Mem": 0.73, "name": "inception_v3"}, {"cpu-cycles": 4657166072, "instructions": 3247298022, "cache-references": 650521396, "cache-misses": 893554, "LLC-loads": 50039201, "LLC-load-misses": 72589, "LLC-store-misses": 64806, "LLC-stores": 11241519, "L1-dcache-load-misses": 103992769, "L1-dcache-loads": 1008139083, "L1-dcache-stores": 565804563, "GPU_Util": 0.96, "GPU_Mem": 0.73, "name": "shufflenet"}, {"cpu-cycles": 4647352701, "instructions": 7375149233, "cache-references": 117864279, "cache-misses": 559093, "LLC-loads": 8454229, "LLC-load-misses": 49904, "LLC-store-misses": 3029, "LLC-stores": 1922520, "L1-dcache-load-misses": 68306473, "L1-dcache-loads": 2521754890, "L1-dcache-stores": 1282436308, "GPU_Util": 0.96, "GPU_Mem": 0.73, "name": "alexnet"}], "inference-model-info": 1, "inference-model-sys-info": {"GPU_Util": 0.96, "GPU_Mem": 0.73}, "inference-model-latency": 2.8454400000000004, "inference-model-name": "alexnet"}}