{"2305": {"global": [{"cpu-cycles": 14500649206, "instructions": 13430338859, "cache-references": 1434389495, "cache-misses": 12098459, "LLC-loads": 111264458, "LLC-load-misses": 1033786, "LLC-store-misses": 5048904, "LLC-stores": 28115656, "L1-dcache-load-misses": 307894229, "L1-dcache-loads": 4354835967, "L1-dcache-stores": 2332771907, "GPU_Util": 0.96, "GPU_Mem": 0.75}], "model-sons": [{"cpu-cycles": 4640776915, "instructions": 6387217003, "cache-references": 246043347, "cache-misses": 2123449, "LLC-loads": 19586279, "LLC-load-misses": 206932, "LLC-store-misses": 92765, "LLC-stores": 4556891, "L1-dcache-load-misses": 103783145, "L1-dcache-loads": 2194899044, "L1-dcache-stores": 1120031344, "GPU_Util": 0.95, "GPU_Mem": 0.75, "name": "inception_v3"}, {"cpu-cycles": 4621029538, "instructions": 3115075258, "cache-references": 639702823, "cache-misses": 1676909, "LLC-loads": 48803960, "LLC-load-misses": 100614, "LLC-store-misses": 59987, "LLC-stores": 11492638, "L1-dcache-load-misses": 100462777, "L1-dcache-loads": 972718537, "L1-dcache-stores": 541873615, "GPU_Util": 0.95, "GPU_Mem": 0.75, "name": "shufflenet"}, {"cpu-cycles": 4629287706, "instructions": 3814026945, "cache-references": 511935776, "cache-misses": 2758194, "LLC-loads": 39959225, "LLC-load-misses": 201094, "LLC-store-misses": 101360, "LLC-stores": 9225162, "L1-dcache-load-misses": 100727467, "L1-dcache-loads": 1220183647, "L1-dcache-stores": 663500554, "GPU_Util": 0.95, "GPU_Mem": 0.75, "name": "mvit"}], "inference-model-info": 1, "inference-model-sys-info": {"GPU_Util": 0.95, "GPU_Mem": 0.75}, "inference-model-latency": 2.81874, "inference-model-name": "alexnet"}}