{"2311": {"global": [{"cpu-cycles": 14823590167, "instructions": 13399582995, "cache-references": 1580723005, "cache-misses": 9431923, "LLC-loads": 121448148, "LLC-load-misses": 669912, "LLC-store-misses": 3677948, "LLC-stores": 32575727, "L1-dcache-load-misses": 295859551, "L1-dcache-loads": 4277277580, "L1-dcache-stores": 2302251098, "GPU_Util": 0.95, "GPU_Mem": 0.71}], "model-sons": [{"cpu-cycles": 4654161033, "instructions": 6390928883, "cache-references": 253234799, "cache-misses": 1194510, "LLC-loads": 19755362, "LLC-load-misses": 110528, "LLC-store-misses": 62472, "LLC-stores": 4932426, "L1-dcache-load-misses": 83561034, "L1-dcache-loads": 2141682145, "L1-dcache-stores": 1113210810, "GPU_Util": 0.95, "GPU_Mem": 0.71, "name": "inception_v3"}, {"cpu-cycles": 4647040671, "instructions": 3175169675, "cache-references": 649629175, "cache-misses": 1356780, "LLC-loads": 50109623, "LLC-load-misses": 97220, "LLC-store-misses": 41199, "LLC-stores": 11451182, "L1-dcache-load-misses": 102846445, "L1-dcache-loads": 983016175, "L1-dcache-stores": 553281054, "GPU_Util": 0.95, "GPU_Mem": 0.71, "name": "shufflenet"}, {"cpu-cycles": 4630042270, "instructions": 3436824132, "cache-references": 672155291, "cache-misses": 985712, "LLC-loads": 50647925, "LLC-load-misses": 64032, "LLC-store-misses": 55111, "LLC-stores": 11720549, "L1-dcache-load-misses": 105645456, "L1-dcache-loads": 1057226548, "L1-dcache-stores": 595911414, "GPU_Util": 0.95, "GPU_Mem": 0.71, "name": "mnasnet"}], "inference-model-info": 1, "inference-model-sys-info": {"GPU_Util": 0.94, "GPU_Mem": 0.71}, "inference-model-latency": 27.58537, "inference-model-name": "inception_v3"}}