{"2327": {"global": [{"cpu-cycles": 14585347258, "instructions": 17145554521, "cache-references": 1132144396, "cache-misses": 10847283, "LLC-loads": 87347395, "LLC-load-misses": 1214532, "LLC-store-misses": 3484520, "LLC-stores": 25707763, "L1-dcache-load-misses": 259272216, "L1-dcache-loads": 5585260596, "L1-dcache-stores": 2877534338, "GPU_Util": 0.91, "GPU_Mem": 0.74}], "model-sons": [{"cpu-cycles": 4643307440, "instructions": 6350992854, "cache-references": 241288228, "cache-misses": 1690394, "LLC-loads": 18971699, "LLC-load-misses": 150876, "LLC-store-misses": 91003, "LLC-stores": 4777254, "L1-dcache-load-misses": 97778885, "L1-dcache-loads": 2134615614, "L1-dcache-stores": 1104466092, "GPU_Util": 0.9, "GPU_Mem": 0.74, "name": "inception_v3"}, {"cpu-cycles": 4639496781, "instructions": 3230106025, "cache-references": 666143375, "cache-misses": 1109944, "LLC-loads": 50253681, "LLC-load-misses": 71329, "LLC-store-misses": 36442, "LLC-stores": 11081353, "L1-dcache-load-misses": 103803999, "L1-dcache-loads": 1006425210, "L1-dcache-stores": 566208493, "GPU_Util": 0.9, "GPU_Mem": 0.74, "name": "shufflenet"}, {"cpu-cycles": 4623897248, "instructions": 7152325713, "cache-references": 163695386, "cache-misses": 1771740, "LLC-loads": 12721651, "LLC-load-misses": 167153, "LLC-store-misses": 79913, "LLC-stores": 3400137, "L1-dcache-load-misses": 91483274, "L1-dcache-loads": 2403945316, "L1-dcache-stores": 1234489082, "GPU_Util": 0.9, "GPU_Mem": 0.74, "name": "resnext50_32x4d"}], "inference-model-info": 1, "inference-model-sys-info": {"GPU_Util": 0.9, "GPU_Mem": 0.74}, "inference-model-latency": 3.1724599999999996, "inference-model-name": "squeezenet"}}