{"2360": {"global": [{"cpu-cycles": 14392329269, "instructions": 12953291903, "cache-references": 1588176030, "cache-misses": 12565030, "LLC-loads": 121778452, "LLC-load-misses": 986787, "LLC-store-misses": 2567031, "LLC-stores": 31491084, "L1-dcache-load-misses": 307928597, "L1-dcache-loads": 4111076491, "L1-dcache-stores": 2214130679, "GPU_Util": 0.87, "GPU_Mem": 0.71}], "model-sons": [{"cpu-cycles": 4644394757, "instructions": 6180076268, "cache-references": 283267473, "cache-misses": 1725281, "LLC-loads": 20930361, "LLC-load-misses": 172221, "LLC-store-misses": 78285, "LLC-stores": 5315234, "L1-dcache-load-misses": 95720037, "L1-dcache-loads": 2091809244, "L1-dcache-stores": 1087514553, "GPU_Util": 0.95, "GPU_Mem": 0.71, "name": "inception_v3"}, {"cpu-cycles": 4646142262, "instructions": 3226988424, "cache-references": 652061858, "cache-misses": 1047374, "LLC-loads": 50228605, "LLC-load-misses": 74159, "LLC-store-misses": 56190, "LLC-stores": 11322124, "L1-dcache-load-misses": 103510427, "L1-dcache-loads": 1001393114, "L1-dcache-stores": 561990635, "GPU_Util": 0.95, "GPU_Mem": 0.71, "name": "shufflenet"}, {"cpu-cycles": 4631466174, "instructions": 3311006642, "cache-references": 640422457, "cache-misses": 1323236, "LLC-loads": 49591297, "LLC-load-misses": 114419, "LLC-store-misses": 50906, "LLC-stores": 11713985, "L1-dcache-load-misses": 104878305, "L1-dcache-loads": 1022480598, "L1-dcache-stores": 572644536, "GPU_Util": 0.95, "GPU_Mem": 0.71, "name": "mobilenet_v2"}], "inference-model-info": 1, "inference-model-sys-info": {"GPU_Util": 0.95, "GPU_Mem": 0.71}, "inference-model-latency": 3.9064000000000005, "inference-model-name": "mobilenet_v3_small"}}