{"2376": {"global": [{"cpu-cycles": 14687705282, "instructions": 21651895127, "cache-references": 742931509, "cache-misses": 92944222, "LLC-loads": 70696763, "LLC-load-misses": 10242693, "LLC-store-misses": 26487191, "LLC-stores": 44968818, "L1-dcache-load-misses": 222198930, "L1-dcache-loads": 6701058563, "L1-dcache-stores": 3356513483, "GPU_Util": 0.9, "GPU_Mem": 0.77}], "model-sons": [{"cpu-cycles": 4633550639, "instructions": 6880993537, "cache-references": 201344457, "cache-misses": 863218, "LLC-loads": 15666021, "LLC-load-misses": 102332, "LLC-store-misses": 104062, "LLC-stores": 3857409, "L1-dcache-load-misses": 100947788, "L1-dcache-loads": 2345127412, "L1-dcache-stores": 1208355337, "GPU_Util": 0.96, "GPU_Mem": 0.85, "name": "inception_v3"}, {"cpu-cycles": 4631840833, "instructions": 8130251544, "cache-references": 51679704, "cache-misses": 559106, "LLC-loads": 6718501, "LLC-load-misses": 26694, "LLC-store-misses": 28567, "LLC-stores": 791566, "L1-dcache-load-misses": 84429083, "L1-dcache-loads": 2798868409, "L1-dcache-stores": 1422562429, "GPU_Util": 0.97, "GPU_Mem": 0.85, "name": "vgg_11"}, {"cpu-cycles": 4643143266, "instructions": 8192264131, "cache-references": 45455663, "cache-misses": 408380, "LLC-loads": 3155452, "LLC-load-misses": 49486, "LLC-store-misses": 37767, "LLC-stores": 726769, "L1-dcache-load-misses": 71234132, "L1-dcache-loads": 2818800504, "L1-dcache-stores": 1434433215, "GPU_Util": 0.97, "GPU_Mem": 0.85, "name": "vgg_11"}], "inference-model-info": 1, "inference-model-sys-info": {"GPU_Util": 0.97, "GPU_Mem": 0.85}, "inference-model-latency": 13.782060000000001, "inference-model-name": "mvit"}}