{"2386": {"global": [{"cpu-cycles": 14877894488, "instructions": 20654612537, "cache-references": 807610758, "cache-misses": 109570761, "LLC-loads": 73049653, "LLC-load-misses": 10283221, "LLC-store-misses": 21761725, "LLC-stores": 46596721, "L1-dcache-load-misses": 228900801, "L1-dcache-loads": 6886512282, "L1-dcache-stores": 3326701544, "GPU_Util": 0.58, "GPU_Mem": 0.83}], "model-sons": [{"cpu-cycles": 4652593999, "instructions": 6882957261, "cache-references": 205554454, "cache-misses": 977680, "LLC-loads": 16183540, "LLC-load-misses": 86065, "LLC-store-misses": 27725, "LLC-stores": 3882127, "L1-dcache-load-misses": 104744467, "L1-dcache-loads": 2321523059, "L1-dcache-stores": 1187857942, "GPU_Util": 0.97, "GPU_Mem": 0.85, "name": "inception_v3"}, {"cpu-cycles": 4639882172, "instructions": 8036647876, "cache-references": 44362581, "cache-misses": 497722, "LLC-loads": 3177420, "LLC-load-misses": 40487, "LLC-store-misses": 7124, "LLC-stores": 776623, "L1-dcache-load-misses": 61208552, "L1-dcache-loads": 2763928869, "L1-dcache-stores": 1404488287, "GPU_Util": 0.97, "GPU_Mem": 0.85, "name": "vgg_11"}, {"cpu-cycles": 4646282520, "instructions": 8391437308, "cache-references": 41762915, "cache-misses": 443770, "LLC-loads": 2888650, "LLC-load-misses": 40644, "LLC-store-misses": 9128, "LLC-stores": 670781, "L1-dcache-load-misses": 90506798, "L1-dcache-loads": 2895158744, "L1-dcache-stores": 1465961741, "GPU_Util": 0.97, "GPU_Mem": 0.85, "name": "vgg_13"}], "inference-model-info": 1, "inference-model-sys-info": {"GPU_Util": 0.98, "GPU_Mem": 0.85}, "inference-model-latency": 15.991469999999998, "inference-model-name": "vgg_13"}}