{"2445": {"global": [{"cpu-cycles": 14560707426, "instructions": 17848478636, "cache-references": 1000298560, "cache-misses": 43533411, "LLC-loads": 79087102, "LLC-load-misses": 3312917, "LLC-store-misses": 11691358, "LLC-stores": 35685845, "L1-dcache-load-misses": 239545256, "L1-dcache-loads": 5895234958, "L1-dcache-stores": 2848324219, "GPU_Util": 0.83, "GPU_Mem": 0.74}], "model-sons": [{"cpu-cycles": 4652276037, "instructions": 6856332165, "cache-references": 207274738, "cache-misses": 1429614, "LLC-loads": 16221631, "LLC-load-misses": 115856, "LLC-store-misses": 38608, "LLC-stores": 3697152, "L1-dcache-load-misses": 95940616, "L1-dcache-loads": 2334671618, "L1-dcache-stores": 1191639214, "GPU_Util": 0.95, "GPU_Mem": 0.82, "name": "inception_v3"}, {"cpu-cycles": 4658065607, "instructions": 7864432160, "cache-references": 43703733, "cache-misses": 377778, "LLC-loads": 3226639, "LLC-load-misses": 50291, "LLC-store-misses": 15971, "LLC-stores": 682377, "L1-dcache-load-misses": 58116094, "L1-dcache-loads": 2728240710, "L1-dcache-stores": 1385840022, "GPU_Util": 0.96, "GPU_Mem": 0.82, "name": "vgg_11"}, {"cpu-cycles": 4655892083, "instructions": 4559420683, "cache-references": 429697764, "cache-misses": 1035967, "LLC-loads": 32761686, "LLC-load-misses": 88767, "LLC-store-misses": 51747, "LLC-stores": 7631005, "L1-dcache-load-misses": 98434826, "L1-dcache-loads": 1499872727, "L1-dcache-stores": 796379195, "GPU_Util": 0.96, "GPU_Mem": 0.82, "name": "mvit"}], "inference-model-info": 1, "inference-model-sys-info": {"GPU_Util": 0.96, "GPU_Mem": 0.82}, "inference-model-latency": 3.0149100000000004, "inference-model-name": "alexnet"}}