{"2464": {"global": [{"cpu-cycles": 14257212413, "instructions": 17891572122, "cache-references": 1092977055, "cache-misses": 31697108, "LLC-loads": 85985444, "LLC-load-misses": 2164740, "LLC-store-misses": 12027476, "LLC-stores": 31954032, "L1-dcache-load-misses": 232426497, "L1-dcache-loads": 5808371965, "L1-dcache-stores": 2933015693, "GPU_Util": 0.94, "GPU_Mem": 0.69}], "model-sons": [{"cpu-cycles": 4631514203, "instructions": 6419031129, "cache-references": 251478076, "cache-misses": 2484018, "LLC-loads": 19634800, "LLC-load-misses": 212855, "LLC-store-misses": 154873, "LLC-stores": 5034526, "L1-dcache-load-misses": 83391610, "L1-dcache-loads": 2146867937, "L1-dcache-stores": 1116862336, "GPU_Util": 0.95, "GPU_Mem": 0.78, "name": "inception_v3"}, {"cpu-cycles": 4643781091, "instructions": 8068351455, "cache-references": 43888803, "cache-misses": 656249, "LLC-loads": 3143947, "LLC-load-misses": 54214, "LLC-store-misses": 36142, "LLC-stores": 746296, "L1-dcache-load-misses": 57253943, "L1-dcache-loads": 2764613339, "L1-dcache-stores": 1411888046, "GPU_Util": 0.96, "GPU_Mem": 0.78, "name": "vgg_11"}, {"cpu-cycles": 4634923581, "instructions": 4010246216, "cache-references": 585432867, "cache-misses": 689434, "LLC-loads": 44755906, "LLC-load-misses": 65338, "LLC-store-misses": 28317, "LLC-stores": 10510956, "L1-dcache-load-misses": 100403942, "L1-dcache-loads": 1254539002, "L1-dcache-stores": 690185816, "GPU_Util": 0.96, "GPU_Mem": 0.78, "name": "mnasnet"}], "inference-model-info": 1, "inference-model-sys-info": {"GPU_Util": 0.96, "GPU_Mem": 0.78}, "inference-model-latency": 4.50365, "inference-model-name": "mobilenet_v2"}}