{"2473": {"global": [{"cpu-cycles": 14419327379, "instructions": 21285372291, "cache-references": 649474490, "cache-misses": 52186166, "LLC-loads": 56567540, "LLC-load-misses": 6188766, "LLC-store-misses": 13846809, "LLC-stores": 29548164, "L1-dcache-load-misses": 230308919, "L1-dcache-loads": 7277026132, "L1-dcache-stores": 3543962801, "GPU_Util": 0.59, "GPU_Mem": 0.81}], "model-sons": [{"cpu-cycles": 4608720768, "instructions": 6734873851, "cache-references": 204907982, "cache-misses": 1451869, "LLC-loads": 16000730, "LLC-load-misses": 136344, "LLC-store-misses": 53061, "LLC-stores": 3453370, "L1-dcache-load-misses": 92111784, "L1-dcache-loads": 2302547828, "L1-dcache-stores": 1178369075, "GPU_Util": 0.92, "GPU_Mem": 0.81, "name": "inception_v3"}, {"cpu-cycles": 4645596999, "instructions": 8119406222, "cache-references": 45642504, "cache-misses": 480803, "LLC-loads": 3176607, "LLC-load-misses": 37024, "LLC-store-misses": 12437, "LLC-stores": 756493, "L1-dcache-load-misses": 92871370, "L1-dcache-loads": 2798616840, "L1-dcache-stores": 1420520514, "GPU_Util": 0.92, "GPU_Mem": 0.81, "name": "vgg_11"}, {"cpu-cycles": 4650670458, "instructions": 7383161800, "cache-references": 132023425, "cache-misses": 1046125, "LLC-loads": 10437870, "LLC-load-misses": 111477, "LLC-store-misses": 41397, "LLC-stores": 2855594, "L1-dcache-load-misses": 83942103, "L1-dcache-loads": 2472478184, "L1-dcache-stores": 1263839093, "GPU_Util": 0.92, "GPU_Mem": 0.81, "name": "resnext50_32x4d"}], "inference-model-info": 1, "inference-model-sys-info": {"GPU_Util": 0.92, "GPU_Mem": 0.81}, "inference-model-latency": 3.0145599999999995, "inference-model-name": "alexnet"}}