{"2488": {"global": [{"cpu-cycles": 14428615382, "instructions": 17254452858, "cache-references": 1153614446, "cache-misses": 52952856, "LLC-loads": 91766362, "LLC-load-misses": 4111136, "LLC-store-misses": 8540102, "LLC-stores": 34303641, "L1-dcache-load-misses": 243409036, "L1-dcache-loads": 5599908525, "L1-dcache-stores": 2831482900, "GPU_Util": 0.9, "GPU_Mem": 0.7}], "model-sons": [{"cpu-cycles": 4645656786, "instructions": 6724825966, "cache-references": 204900892, "cache-misses": 1782639, "LLC-loads": 16221697, "LLC-load-misses": 134811, "LLC-store-misses": 33941, "LLC-stores": 3863454, "L1-dcache-load-misses": 82672292, "L1-dcache-loads": 2306432622, "L1-dcache-stores": 1184235546, "GPU_Util": 0.95, "GPU_Mem": 0.78, "name": "inception_v3"}, {"cpu-cycles": 4642118809, "instructions": 7926654802, "cache-references": 46237797, "cache-misses": 449744, "LLC-loads": 3318857, "LLC-load-misses": 34722, "LLC-store-misses": 18520, "LLC-stores": 728586, "L1-dcache-load-misses": 57135158, "L1-dcache-loads": 2738041806, "L1-dcache-stores": 1393213295, "GPU_Util": 0.96, "GPU_Mem": 0.78, "name": "vgg_11"}, {"cpu-cycles": 4643505599, "instructions": 3210268983, "cache-references": 659633809, "cache-misses": 1236991, "LLC-loads": 50998776, "LLC-load-misses": 113875, "LLC-store-misses": 14328, "LLC-stores": 11507139, "L1-dcache-load-misses": 106791313, "L1-dcache-loads": 999015813, "L1-dcache-stores": 562094149, "GPU_Util": 0.96, "GPU_Mem": 0.78, "name": "mobilenet_v3_large"}], "inference-model-info": 1, "inference-model-sys-info": {"GPU_Util": 0.97, "GPU_Mem": 0.78}, "inference-model-latency": 13.708259999999997, "inference-model-name": "mvit"}}