{"249": {"global": [{"cpu-cycles": 9850580278, "instructions": 7776691086, "cache-references": 1157514520, "cache-misses": 8492190, "LLC-loads": 87366112, "LLC-load-misses": 504078, "LLC-store-misses": 4168719, "LLC-stores": 23015433, "L1-dcache-load-misses": 200341495, "L1-dcache-loads": 2463828373, "L1-dcache-stores": 1326289481, "GPU_Util": 0.75, "GPU_Mem": 0.56}], "model-sons": [{"cpu-cycles": 4660709665, "instructions": 4396247358, "cache-references": 499120467, "cache-misses": 1564972, "LLC-loads": 37769148, "LLC-load-misses": 136029, "LLC-store-misses": 69459, "LLC-stores": 9338542, "L1-dcache-load-misses": 95538048, "L1-dcache-loads": 1403924697, "L1-dcache-stores": 745520600, "GPU_Util": 0.92, "GPU_Mem": 0.56, "name": "inception_v3"}, {"cpu-cycles": 4666093185, "instructions": 3121170158, "cache-references": 648988955, "cache-misses": 1305441, "LLC-loads": 49118892, "LLC-load-misses": 91480, "LLC-store-misses": 66171, "LLC-stores": 10809174, "L1-dcache-load-misses": 99773063, "L1-dcache-loads": 968245061, "L1-dcache-stores": 543099329, "GPU_Util": 0.92, "GPU_Mem": 0.56, "name": "shufflenet"}], "inference-model-info": 1, "inference-model-sys-info": {"GPU_Util": 0.92, "GPU_Mem": 0.56}, "inference-model-latency": 3.4072699999999996, "inference-model-name": "mnasnet"}}