{"2508": {"global": [{"cpu-cycles": 14430393683, "instructions": 21027659443, "cache-references": 771222308, "cache-misses": 90736671, "LLC-loads": 71283442, "LLC-load-misses": 9110647, "LLC-store-misses": 32242720, "LLC-stores": 54800539, "L1-dcache-load-misses": 231868505, "L1-dcache-loads": 6643121096, "L1-dcache-stores": 3254828910, "GPU_Util": 0.73, "GPU_Mem": 0.83}], "model-sons": [{"cpu-cycles": 4621550172, "instructions": 6772356734, "cache-references": 200235396, "cache-misses": 1690384, "LLC-loads": 15400294, "LLC-load-misses": 134962, "LLC-store-misses": 26355, "LLC-stores": 3853879, "L1-dcache-load-misses": 90924419, "L1-dcache-loads": 2310194763, "L1-dcache-stores": 1175748666, "GPU_Util": 0.94, "GPU_Mem": 0.86, "name": "inception_v3"}, {"cpu-cycles": 4634763579, "instructions": 7820050012, "cache-references": 40003842, "cache-misses": 295518, "LLC-loads": 2897453, "LLC-load-misses": 20546, "LLC-store-misses": 11489, "LLC-stores": 672984, "L1-dcache-load-misses": 89287673, "L1-dcache-loads": 2688550677, "L1-dcache-stores": 1360134348, "GPU_Util": 0.97, "GPU_Mem": 0.86, "name": "vgg_13"}, {"cpu-cycles": 4648331285, "instructions": 8306487008, "cache-references": 41019514, "cache-misses": 664918, "LLC-loads": 2912174, "LLC-load-misses": 45499, "LLC-store-misses": 7101, "LLC-stores": 692760, "L1-dcache-load-misses": 93364160, "L1-dcache-loads": 2862846430, "L1-dcache-stores": 1458940756, "GPU_Util": 0.97, "GPU_Mem": 0.86, "name": "vgg_13"}], "inference-model-info": 1, "inference-model-sys-info": {"GPU_Util": 0.97, "GPU_Mem": 0.86}, "inference-model-latency": 8.44379, "inference-model-name": "googlenet"}}