{"2538": {"global": [{"cpu-cycles": 14602163749, "instructions": 16150360879, "cache-references": 1178691207, "cache-misses": 51731843, "LLC-loads": 94254126, "LLC-load-misses": 5309220, "LLC-store-misses": 11000887, "LLC-stores": 33139696, "L1-dcache-load-misses": 260917932, "L1-dcache-loads": 5251107059, "L1-dcache-stores": 2665282362, "GPU_Util": 0.69, "GPU_Mem": 0.78}], "model-sons": [{"cpu-cycles": 4653271581, "instructions": 6503959054, "cache-references": 239945221, "cache-misses": 1524614, "LLC-loads": 18532086, "LLC-load-misses": 143691, "LLC-store-misses": 83586, "LLC-stores": 4548450, "L1-dcache-load-misses": 107280699, "L1-dcache-loads": 2207061927, "L1-dcache-stores": 1131353235, "GPU_Util": 0.94, "GPU_Mem": 0.78, "name": "inception_v3"}, {"cpu-cycles": 4647695945, "instructions": 8032263631, "cache-references": 48330784, "cache-misses": 521438, "LLC-loads": 3378210, "LLC-load-misses": 45241, "LLC-store-misses": 37894, "LLC-stores": 880300, "L1-dcache-load-misses": 85760361, "L1-dcache-loads": 2750347218, "L1-dcache-stores": 1403456346, "GPU_Util": 0.96, "GPU_Mem": 0.78, "name": "vgg_13"}, {"cpu-cycles": 4649972004, "instructions": 2979323743, "cache-references": 642954609, "cache-misses": 954210, "LLC-loads": 47140924, "LLC-load-misses": 79657, "LLC-store-misses": 45821, "LLC-stores": 11136583, "L1-dcache-load-misses": 98337509, "L1-dcache-loads": 917975920, "L1-dcache-stores": 513773361, "GPU_Util": 0.96, "GPU_Mem": 0.78, "name": "mobilenet_v3_small"}], "inference-model-info": 1, "inference-model-sys-info": {"GPU_Util": 0.96, "GPU_Mem": 0.78}, "inference-model-latency": 4.2737799999999995, "inference-model-name": "shufflenet"}}