{"2566": {"global": [{"cpu-cycles": 14479061382, "instructions": 19040066508, "cache-references": 987797937, "cache-misses": 46128386, "LLC-loads": 80256882, "LLC-load-misses": 3190881, "LLC-store-misses": 9658027, "LLC-stores": 28532090, "L1-dcache-load-misses": 234575086, "L1-dcache-loads": 6016600407, "L1-dcache-stores": 3039524427, "GPU_Util": 0.69, "GPU_Mem": 0.73}], "model-sons": [{"cpu-cycles": 4621363873, "instructions": 6543965620, "cache-references": 225291584, "cache-misses": 2130215, "LLC-loads": 17896765, "LLC-load-misses": 196696, "LLC-store-misses": 116782, "LLC-stores": 4403693, "L1-dcache-load-misses": 98504053, "L1-dcache-loads": 2202102674, "L1-dcache-stores": 1140597061, "GPU_Util": 0.95, "GPU_Mem": 0.82, "name": "inception_v3"}, {"cpu-cycles": 4647100276, "instructions": 8208521434, "cache-references": 42806100, "cache-misses": 505127, "LLC-loads": 2962553, "LLC-load-misses": 47457, "LLC-store-misses": 12587, "LLC-stores": 704399, "L1-dcache-load-misses": 95822377, "L1-dcache-loads": 2824998072, "L1-dcache-stores": 1430221365, "GPU_Util": 0.96, "GPU_Mem": 0.82, "name": "vgg_13"}, {"cpu-cycles": 4652503910, "instructions": 4626349795, "cache-references": 423382758, "cache-misses": 1854605, "LLC-loads": 33654947, "LLC-load-misses": 117964, "LLC-store-misses": 47342, "LLC-stores": 7577395, "L1-dcache-load-misses": 91841068, "L1-dcache-loads": 1528847627, "L1-dcache-stores": 811041917, "GPU_Util": 0.96, "GPU_Mem": 0.82, "name": "mvit"}], "inference-model-info": 1, "inference-model-sys-info": {"GPU_Util": 0.97, "GPU_Mem": 0.82}, "inference-model-latency": 4.41544, "inference-model-name": "shufflenet"}}