{"2598": {"global": [{"cpu-cycles": 14361418427, "instructions": 21847292100, "cache-references": 648523913, "cache-misses": 37478576, "LLC-loads": 51926126, "LLC-load-misses": 2764905, "LLC-store-misses": 14088163, "LLC-stores": 30668646, "L1-dcache-load-misses": 213654484, "L1-dcache-loads": 7181963780, "L1-dcache-stores": 3594587187, "GPU_Util": 0.9, "GPU_Mem": 0.73}], "model-sons": [{"cpu-cycles": 4646940676, "instructions": 6642329310, "cache-references": 217297306, "cache-misses": 1569940, "LLC-loads": 16715462, "LLC-load-misses": 127214, "LLC-store-misses": 65383, "LLC-stores": 4222780, "L1-dcache-load-misses": 108310428, "L1-dcache-loads": 2248738457, "L1-dcache-stores": 1162058059, "GPU_Util": 0.91, "GPU_Mem": 0.81, "name": "inception_v3"}, {"cpu-cycles": 4634867435, "instructions": 8266578643, "cache-references": 41896836, "cache-misses": 656141, "LLC-loads": 2957451, "LLC-load-misses": 46471, "LLC-store-misses": 5396, "LLC-stores": 667391, "L1-dcache-load-misses": 93217964, "L1-dcache-loads": 2854587394, "L1-dcache-stores": 1448875938, "GPU_Util": 0.92, "GPU_Mem": 0.81, "name": "vgg_13"}, {"cpu-cycles": 4628677188, "instructions": 7102423581, "cache-references": 136474353, "cache-misses": 1246431, "LLC-loads": 10365020, "LLC-load-misses": 114244, "LLC-store-misses": 52982, "LLC-stores": 2761964, "L1-dcache-load-misses": 86711549, "L1-dcache-loads": 2399060177, "L1-dcache-stores": 1224430899, "GPU_Util": 0.92, "GPU_Mem": 0.81, "name": "resnext50_32x4d"}], "inference-model-info": 1, "inference-model-sys-info": {"GPU_Util": 0.92, "GPU_Mem": 0.81}, "inference-model-latency": 3.880469999999999, "inference-model-name": "mobilenet_v3_small"}}