{"2610": {"global": [{"cpu-cycles": 14929395591, "instructions": 17257555702, "cache-references": 1145167085, "cache-misses": 50652548, "LLC-loads": 92573885, "LLC-load-misses": 5701614, "LLC-store-misses": 12433871, "LLC-stores": 32622167, "L1-dcache-load-misses": 245701811, "L1-dcache-loads": 5542524463, "L1-dcache-stores": 2851354281, "GPU_Util": 0.67, "GPU_Mem": 0.79}], "model-sons": [{"cpu-cycles": 4641697993, "instructions": 6648080212, "cache-references": 212818333, "cache-misses": 1864782, "LLC-loads": 16519490, "LLC-load-misses": 119247, "LLC-store-misses": 86406, "LLC-stores": 4031110, "L1-dcache-load-misses": 85593343, "L1-dcache-loads": 2263817712, "L1-dcache-stores": 1170035184, "GPU_Util": 0.94, "GPU_Mem": 0.79, "name": "inception_v3"}, {"cpu-cycles": 4649573580, "instructions": 8342400410, "cache-references": 42104761, "cache-misses": 663506, "LLC-loads": 3013705, "LLC-load-misses": 59215, "LLC-store-misses": 12714, "LLC-stores": 674316, "L1-dcache-load-misses": 92779271, "L1-dcache-loads": 2878679257, "L1-dcache-stores": 1460575680, "GPU_Util": 0.96, "GPU_Mem": 0.79, "name": "vgg_13"}, {"cpu-cycles": 4657594207, "instructions": 3067845698, "cache-references": 652263099, "cache-misses": 1283426, "LLC-loads": 49067922, "LLC-load-misses": 74712, "LLC-store-misses": 65767, "LLC-stores": 11335316, "L1-dcache-load-misses": 102228861, "L1-dcache-loads": 949619401, "L1-dcache-stores": 532922642, "GPU_Util": 0.96, "GPU_Mem": 0.79, "name": "mobilenet_v3_large"}], "inference-model-info": 1, "inference-model-sys-info": {"GPU_Util": 0.97, "GPU_Mem": 0.79}, "inference-model-latency": 15.75807, "inference-model-name": "vgg_13"}}