{"2626": {"global": [{"cpu-cycles": 14399391555, "instructions": 17790970763, "cache-references": 1154868924, "cache-misses": 46887620, "LLC-loads": 94244232, "LLC-load-misses": 3534502, "LLC-store-misses": 12399106, "LLC-stores": 36836873, "L1-dcache-load-misses": 243407346, "L1-dcache-loads": 5962661444, "L1-dcache-stores": 2936338338, "GPU_Util": 0.74, "GPU_Mem": 0.7}], "model-sons": [{"cpu-cycles": 4649447187, "instructions": 6286289205, "cache-references": 239598379, "cache-misses": 1703423, "LLC-loads": 24107664, "LLC-load-misses": 136098, "LLC-store-misses": 112480, "LLC-stores": 4344033, "L1-dcache-load-misses": 80758061, "L1-dcache-loads": 2128066513, "L1-dcache-stores": 1098436093, "GPU_Util": 0.94, "GPU_Mem": 0.79, "name": "inception_v3"}, {"cpu-cycles": 4652535859, "instructions": 8030741842, "cache-references": 56379578, "cache-misses": 673933, "LLC-loads": 14529465, "LLC-load-misses": 47772, "LLC-store-misses": 10198, "LLC-stores": 698976, "L1-dcache-load-misses": 92265365, "L1-dcache-loads": 2758098020, "L1-dcache-stores": 1405940835, "GPU_Util": 0.96, "GPU_Mem": 0.79, "name": "vgg_13"}, {"cpu-cycles": 4643575032, "instructions": 3880153932, "cache-references": 623232778, "cache-misses": 1043178, "LLC-loads": 46692462, "LLC-load-misses": 77729, "LLC-store-misses": 41742, "LLC-stores": 11095265, "L1-dcache-load-misses": 103960460, "L1-dcache-loads": 1232982823, "L1-dcache-stores": 677257794, "GPU_Util": 0.96, "GPU_Mem": 0.79, "name": "mobilenet_v2"}], "inference-model-info": 1, "inference-model-sys-info": {"GPU_Util": 0.96, "GPU_Mem": 0.79}, "inference-model-latency": 4.01669, "inference-model-name": "mobilenet_v3_small"}}