{"263": {"global": [{"cpu-cycles": 9823921589, "instructions": 12853179224, "cache-references": 652497014, "cache-misses": 43296842, "LLC-loads": 55740165, "LLC-load-misses": 4289786, "LLC-store-misses": 8789712, "LLC-stores": 21475306, "L1-dcache-load-misses": 153285017, "L1-dcache-loads": 4159592368, "L1-dcache-stores": 2071610464, "GPU_Util": 0.91, "GPU_Mem": 0.63}], "model-sons": [{"cpu-cycles": 4658765513, "instructions": 6114374151, "cache-references": 300780262, "cache-misses": 1561172, "LLC-loads": 24458215, "LLC-load-misses": 116950, "LLC-store-misses": 13899, "LLC-stores": 5781268, "L1-dcache-load-misses": 107132297, "L1-dcache-loads": 2043406444, "L1-dcache-stores": 1067440483, "GPU_Util": 0.95, "GPU_Mem": 0.63, "name": "inception_v3"}, {"cpu-cycles": 4660652474, "instructions": 7923044989, "cache-references": 62952851, "cache-misses": 452623, "LLC-loads": 4526509, "LLC-load-misses": 37115, "LLC-store-misses": 14786, "LLC-stores": 1134994, "L1-dcache-load-misses": 59243652, "L1-dcache-loads": 2699458795, "L1-dcache-stores": 1377370932, "GPU_Util": 0.95, "GPU_Mem": 0.63, "name": "vgg_11"}], "inference-model-info": 1, "inference-model-sys-info": {"GPU_Util": 0.95, "GPU_Mem": 0.63}, "inference-model-latency": 3.4167099999999992, "inference-model-name": "mnasnet"}}