{"2634": {"global": [{"cpu-cycles": 14352711853, "instructions": 20439827574, "cache-references": 766120055, "cache-misses": 89354173, "LLC-loads": 69293744, "LLC-load-misses": 8864235, "LLC-store-misses": 29860806, "LLC-stores": 49592129, "L1-dcache-load-misses": 216810359, "L1-dcache-loads": 6702156681, "L1-dcache-stores": 3236961528, "GPU_Util": 0.92, "GPU_Mem": 0.83}], "model-sons": [{"cpu-cycles": 4655999851, "instructions": 6879876194, "cache-references": 202780617, "cache-misses": 704155, "LLC-loads": 15918603, "LLC-load-misses": 74985, "LLC-store-misses": 22877, "LLC-stores": 3956650, "L1-dcache-load-misses": 86933017, "L1-dcache-loads": 2328913237, "L1-dcache-stores": 1199086585, "GPU_Util": 0.96, "GPU_Mem": 0.87, "name": "inception_v3"}, {"cpu-cycles": 4651696892, "instructions": 8170321331, "cache-references": 39738694, "cache-misses": 459226, "LLC-loads": 2778409, "LLC-load-misses": 39095, "LLC-store-misses": 6810, "LLC-stores": 674918, "L1-dcache-load-misses": 106768388, "L1-dcache-loads": 2815773433, "L1-dcache-stores": 1434752485, "GPU_Util": 0.97, "GPU_Mem": 0.87, "name": "vgg_16"}, {"cpu-cycles": 4645337749, "instructions": 8028984779, "cache-references": 38793439, "cache-misses": 505674, "LLC-loads": 2787641, "LLC-load-misses": 29670, "LLC-store-misses": 3882, "LLC-stores": 641398, "L1-dcache-load-misses": 101293301, "L1-dcache-loads": 2773141906, "L1-dcache-stores": 1411663137, "GPU_Util": 0.97, "GPU_Mem": 0.87, "name": "vgg_16"}], "inference-model-info": 1, "inference-model-sys-info": {"GPU_Util": 0.97, "GPU_Mem": 0.87}, "inference-model-latency": 8.450380000000001, "inference-model-name": "googlenet"}}