{"2667": {"global": [{"cpu-cycles": 14464148268, "instructions": 22574174488, "cache-references": 572241470, "cache-misses": 40140221, "LLC-loads": 49136978, "LLC-load-misses": 4283198, "LLC-store-misses": 9250194, "LLC-stores": 24120311, "L1-dcache-load-misses": 202649009, "L1-dcache-loads": 7544032277, "L1-dcache-stores": 3767128054, "GPU_Util": 0.95, "GPU_Mem": 0.71}], "model-sons": [{"cpu-cycles": 4642790966, "instructions": 6803011052, "cache-references": 224766519, "cache-misses": 1825216, "LLC-loads": 17980767, "LLC-load-misses": 141464, "LLC-store-misses": 82590, "LLC-stores": 4120797, "L1-dcache-load-misses": 83190870, "L1-dcache-loads": 2314546044, "L1-dcache-stores": 1187585481, "GPU_Util": 0.97, "GPU_Mem": 0.81, "name": "inception_v3"}, {"cpu-cycles": 4641653348, "instructions": 7992558095, "cache-references": 40033563, "cache-misses": 508142, "LLC-loads": 2812253, "LLC-load-misses": 40369, "LLC-store-misses": 4913, "LLC-stores": 613346, "L1-dcache-load-misses": 103831662, "L1-dcache-loads": 2759032947, "L1-dcache-stores": 1401826908, "GPU_Util": 0.97, "GPU_Mem": 0.81, "name": "vgg_16"}, {"cpu-cycles": 4621044500, "instructions": 7758260403, "cache-references": 99737428, "cache-misses": 515570, "LLC-loads": 7290585, "LLC-load-misses": 35893, "LLC-store-misses": 7495, "LLC-stores": 1658737, "L1-dcache-load-misses": 71864380, "L1-dcache-loads": 2673955200, "L1-dcache-stores": 1367322116, "GPU_Util": 0.97, "GPU_Mem": 0.81, "name": "alexnet"}], "inference-model-info": 1, "inference-model-sys-info": {"GPU_Util": 0.98, "GPU_Mem": 0.81}, "inference-model-latency": 20.69866, "inference-model-name": "vgg_16"}}