{"2685": {"global": [{"cpu-cycles": 14428352623, "instructions": 18191861008, "cache-references": 985054261, "cache-misses": 46852378, "LLC-loads": 77937329, "LLC-load-misses": 3584154, "LLC-store-misses": 10897184, "LLC-stores": 33614945, "L1-dcache-load-misses": 237754089, "L1-dcache-loads": 5883494402, "L1-dcache-stores": 2981621112, "GPU_Util": 0.91, "GPU_Mem": 0.73}], "model-sons": [{"cpu-cycles": 4629917996, "instructions": 6631530939, "cache-references": 223244379, "cache-misses": 2297771, "LLC-loads": 16928006, "LLC-load-misses": 175237, "LLC-store-misses": 172175, "LLC-stores": 4745813, "L1-dcache-load-misses": 88548753, "L1-dcache-loads": 2244251813, "L1-dcache-stores": 1154854717, "GPU_Util": 0.95, "GPU_Mem": 0.83, "name": "inception_v3"}, {"cpu-cycles": 4637422124, "instructions": 8448243107, "cache-references": 38679974, "cache-misses": 597120, "LLC-loads": 2808603, "LLC-load-misses": 56004, "LLC-store-misses": 42232, "LLC-stores": 702255, "L1-dcache-load-misses": 91704630, "L1-dcache-loads": 2898417533, "L1-dcache-stores": 1477495050, "GPU_Util": 0.96, "GPU_Mem": 0.83, "name": "vgg_16"}, {"cpu-cycles": 4645486115, "instructions": 4591992994, "cache-references": 422157056, "cache-misses": 2198492, "LLC-loads": 32450800, "LLC-load-misses": 152122, "LLC-store-misses": 72526, "LLC-stores": 7527408, "L1-dcache-load-misses": 89143185, "L1-dcache-loads": 1523838555, "L1-dcache-stores": 804689466, "GPU_Util": 0.96, "GPU_Mem": 0.83, "name": "mvit"}], "inference-model-info": 1, "inference-model-sys-info": {"GPU_Util": 0.96, "GPU_Mem": 0.83}, "inference-model-latency": 4.55498, "inference-model-name": "mnasnet"}}