{"2738": {"global": [{"cpu-cycles": 14662301087, "instructions": 17607923455, "cache-references": 1152192296, "cache-misses": 45004939, "LLC-loads": 95951831, "LLC-load-misses": 5782950, "LLC-store-misses": 11741508, "LLC-stores": 39223244, "L1-dcache-load-misses": 277968461, "L1-dcache-loads": 5804082742, "L1-dcache-stores": 2965556957, "GPU_Util": 0.94, "GPU_Mem": 0.79}], "model-sons": [{"cpu-cycles": 4655923156, "instructions": 6773479998, "cache-references": 207660991, "cache-misses": 1179299, "LLC-loads": 16353074, "LLC-load-misses": 125541, "LLC-store-misses": 63674, "LLC-stores": 3908820, "L1-dcache-load-misses": 90702343, "L1-dcache-loads": 2300960593, "L1-dcache-stores": 1184035671, "GPU_Util": 0.96, "GPU_Mem": 0.79, "name": "inception_v3"}, {"cpu-cycles": 4653678073, "instructions": 8491322654, "cache-references": 40290407, "cache-misses": 628027, "LLC-loads": 2856401, "LLC-load-misses": 34333, "LLC-store-misses": 2347, "LLC-stores": 664955, "L1-dcache-load-misses": 119284037, "L1-dcache-loads": 2931573958, "L1-dcache-stores": 1493685214, "GPU_Util": 0.96, "GPU_Mem": 0.79, "name": "vgg_16"}, {"cpu-cycles": 4644988839, "instructions": 3805179494, "cache-references": 622958905, "cache-misses": 903866, "LLC-loads": 48286875, "LLC-load-misses": 113841, "LLC-store-misses": 49653, "LLC-stores": 11145958, "L1-dcache-load-misses": 105805570, "L1-dcache-loads": 1203047095, "L1-dcache-stores": 660168002, "GPU_Util": 0.96, "GPU_Mem": 0.79, "name": "mobilenet_v2"}], "inference-model-info": 1, "inference-model-sys-info": {"GPU_Util": 0.97, "GPU_Mem": 0.79}, "inference-model-latency": 3.9874199999999997, "inference-model-name": "mobilenet_v3_small"}}