{"274": {"global": [{"cpu-cycles": 9931631571, "instructions": 12981378625, "cache-references": 666439420, "cache-misses": 49067297, "LLC-loads": 59141262, "LLC-load-misses": 5120242, "LLC-store-misses": 11238647, "LLC-stores": 25029021, "L1-dcache-load-misses": 168325242, "L1-dcache-loads": 4070039742, "L1-dcache-stores": 2118001584, "GPU_Util": 0.69, "GPU_Mem": 0.64}], "model-sons": [{"cpu-cycles": 4679947575, "instructions": 6046214866, "cache-references": 300381154, "cache-misses": 979496, "LLC-loads": 22054547, "LLC-load-misses": 87713, "LLC-store-misses": 82720, "LLC-stores": 5818154, "L1-dcache-load-misses": 93953973, "L1-dcache-loads": 1999054653, "L1-dcache-stores": 1030103034, "GPU_Util": 0.93, "GPU_Mem": 0.64, "name": "inception_v3"}, {"cpu-cycles": 4676545864, "instructions": 8062513341, "cache-references": 64615968, "cache-misses": 682843, "LLC-loads": 4558361, "LLC-load-misses": 45342, "LLC-store-misses": 12883, "LLC-stores": 1086635, "L1-dcache-load-misses": 94908564, "L1-dcache-loads": 2786223376, "L1-dcache-stores": 1414438919, "GPU_Util": 0.95, "GPU_Mem": 0.64, "name": "vgg_13"}], "inference-model-info": 1, "inference-model-sys-info": {"GPU_Util": 0.95, "GPU_Mem": 0.64}, "inference-model-latency": 4.03338, "inference-model-name": "mobilenet_v3_small"}}