{"2746": {"global": [{"cpu-cycles": 14813533258, "instructions": 12294350161, "cache-references": 1653537782, "cache-misses": 8039178, "LLC-loads": 128625507, "LLC-load-misses": 537123, "LLC-store-misses": 6584335, "LLC-stores": 38149936, "L1-dcache-load-misses": 312491261, "L1-dcache-loads": 3964292512, "L1-dcache-stores": 2159637687, "GPU_Util": 0.76, "GPU_Mem": 0.7}], "model-sons": [{"cpu-cycles": 4640476513, "instructions": 5866870246, "cache-references": 336184045, "cache-misses": 1958597, "LLC-loads": 30916447, "LLC-load-misses": 202459, "LLC-store-misses": 138807, "LLC-stores": 6361748, "L1-dcache-load-misses": 100517212, "L1-dcache-loads": 1942064593, "L1-dcache-stores": 1012804547, "GPU_Util": 0.94, "GPU_Mem": 0.7, "name": "inception_v3"}, {"cpu-cycles": 4639861757, "instructions": 3098252914, "cache-references": 660321125, "cache-misses": 1070618, "LLC-loads": 49617346, "LLC-load-misses": 54746, "LLC-store-misses": 51762, "LLC-stores": 11052491, "L1-dcache-load-misses": 102765676, "L1-dcache-loads": 958484956, "L1-dcache-stores": 538416516, "GPU_Util": 0.94, "GPU_Mem": 0.7, "name": "mobilenet_v3_small"}, {"cpu-cycles": 4644750401, "instructions": 3011164400, "cache-references": 647456805, "cache-misses": 1287209, "LLC-loads": 47483743, "LLC-load-misses": 108956, "LLC-store-misses": 81243, "LLC-stores": 10583925, "L1-dcache-load-misses": 98780341, "L1-dcache-loads": 934517514, "L1-dcache-stores": 521242482, "GPU_Util": 0.94, "GPU_Mem": 0.7, "name": "mobilenet_v3_small"}], "inference-model-info": 1, "inference-model-sys-info": {"GPU_Util": 0.95, "GPU_Mem": 0.7}, "inference-model-latency": 7.5913699999999995, "inference-model-name": "googlenet"}}