{"2760": {"global": [{"cpu-cycles": 14509158665, "instructions": 17393459874, "cache-references": 1036759728, "cache-misses": 10524347, "LLC-loads": 84464150, "LLC-load-misses": 840557, "LLC-store-misses": 4144617, "LLC-stores": 22672022, "L1-dcache-load-misses": 297377507, "L1-dcache-loads": 5877041840, "L1-dcache-stores": 3004815854, "GPU_Util": 0.95, "GPU_Mem": 0.73}], "model-sons": [{"cpu-cycles": 4634984424, "instructions": 6422063975, "cache-references": 245026854, "cache-misses": 1561101, "LLC-loads": 25833660, "LLC-load-misses": 129149, "LLC-store-misses": 47153, "LLC-stores": 4255628, "L1-dcache-load-misses": 101173972, "L1-dcache-loads": 2157690144, "L1-dcache-stores": 1113467179, "GPU_Util": 0.96, "GPU_Mem": 0.73, "name": "inception_v3"}, {"cpu-cycles": 4633977995, "instructions": 3029601784, "cache-references": 655227469, "cache-misses": 1229259, "LLC-loads": 49106417, "LLC-load-misses": 76252, "LLC-store-misses": 22966, "LLC-stores": 11000066, "L1-dcache-load-misses": 101285485, "L1-dcache-loads": 938682136, "L1-dcache-stores": 526184489, "GPU_Util": 0.96, "GPU_Mem": 0.73, "name": "mobilenet_v3_small"}, {"cpu-cycles": 4653056280, "instructions": 7587516648, "cache-references": 113570515, "cache-misses": 481890, "LLC-loads": 8079019, "LLC-load-misses": 35431, "LLC-store-misses": 10854, "LLC-stores": 1771832, "L1-dcache-load-misses": 90918645, "L1-dcache-loads": 2600705800, "L1-dcache-stores": 1332478854, "GPU_Util": 0.96, "GPU_Mem": 0.73, "name": "alexnet"}], "inference-model-info": 1, "inference-model-sys-info": {"GPU_Util": 0.96, "GPU_Mem": 0.73}, "inference-model-latency": 8.08771, "inference-model-name": "googlenet"}}