{"2786": {"global": [{"cpu-cycles": 14532793471, "instructions": 13725221327, "cache-references": 1437447859, "cache-misses": 16044712, "LLC-loads": 109163103, "LLC-load-misses": 955616, "LLC-store-misses": 1737506, "LLC-stores": 26538365, "L1-dcache-load-misses": 296898463, "L1-dcache-loads": 4345654859, "L1-dcache-stores": 2342001518, "GPU_Util": 0.7, "GPU_Mem": 0.75}], "model-sons": [{"cpu-cycles": 4635436537, "instructions": 6395091133, "cache-references": 239780069, "cache-misses": 2326975, "LLC-loads": 18119873, "LLC-load-misses": 173082, "LLC-store-misses": 130323, "LLC-stores": 4660519, "L1-dcache-load-misses": 95410748, "L1-dcache-loads": 2158285398, "L1-dcache-stores": 1116395058, "GPU_Util": 0.95, "GPU_Mem": 0.75, "name": "inception_v3"}, {"cpu-cycles": 4633540592, "instructions": 3091009243, "cache-references": 665371432, "cache-misses": 1831870, "LLC-loads": 49373707, "LLC-load-misses": 154916, "LLC-store-misses": 104077, "LLC-stores": 11015350, "L1-dcache-load-misses": 101196597, "L1-dcache-loads": 955901998, "L1-dcache-stores": 536750382, "GPU_Util": 0.95, "GPU_Mem": 0.75, "name": "mobilenet_v3_small"}, {"cpu-cycles": 4626573479, "instructions": 3893516848, "cache-references": 504056892, "cache-misses": 2621243, "LLC-loads": 39005100, "LLC-load-misses": 167676, "LLC-store-misses": 102265, "LLC-stores": 8955982, "L1-dcache-load-misses": 94412751, "L1-dcache-loads": 1265154975, "L1-dcache-stores": 674824623, "GPU_Util": 0.95, "GPU_Mem": 0.75, "name": "mvit"}], "inference-model-info": 1, "inference-model-sys-info": {"GPU_Util": 0.96, "GPU_Mem": 0.75}, "inference-model-latency": 4.33931, "inference-model-name": "mobilenet_v2"}}