{"2797": {"global": [{"cpu-cycles": 14903650069, "instructions": 13396032501, "cache-references": 1568804956, "cache-misses": 12460505, "LLC-loads": 117305509, "LLC-load-misses": 555149, "LLC-store-misses": 527921, "LLC-stores": 28342395, "L1-dcache-load-misses": 300442475, "L1-dcache-loads": 4200852163, "L1-dcache-stores": 2286019377, "GPU_Util": 0.77, "GPU_Mem": 0.71}], "model-sons": [{"cpu-cycles": 4648555761, "instructions": 6358648600, "cache-references": 249675672, "cache-misses": 1602903, "LLC-loads": 18470252, "LLC-load-misses": 112178, "LLC-store-misses": 56122, "LLC-stores": 4978574, "L1-dcache-load-misses": 93669601, "L1-dcache-loads": 2150197015, "L1-dcache-stores": 1105128139, "GPU_Util": 0.95, "GPU_Mem": 0.71, "name": "inception_v3"}, {"cpu-cycles": 4654159085, "instructions": 3073966950, "cache-references": 657758154, "cache-misses": 1072273, "LLC-loads": 47344787, "LLC-load-misses": 121794, "LLC-store-misses": 62568, "LLC-stores": 10951822, "L1-dcache-load-misses": 99779910, "L1-dcache-loads": 946618221, "L1-dcache-stores": 533335361, "GPU_Util": 0.95, "GPU_Mem": 0.71, "name": "mobilenet_v3_small"}, {"cpu-cycles": 4624585026, "instructions": 3371207390, "cache-references": 647411532, "cache-misses": 1545350, "LLC-loads": 49447069, "LLC-load-misses": 86656, "LLC-store-misses": 52699, "LLC-stores": 11075812, "L1-dcache-load-misses": 104051416, "L1-dcache-loads": 1042618808, "L1-dcache-stores": 586391322, "GPU_Util": 0.95, "GPU_Mem": 0.71, "name": "mnasnet"}], "inference-model-info": 1, "inference-model-sys-info": {"GPU_Util": 0.95, "GPU_Mem": 0.71}, "inference-model-latency": 4.37798, "inference-model-name": "mnasnet"}}