{"2801": {"global": [{"cpu-cycles": 14786135864, "instructions": 16947571383, "cache-references": 1098026787, "cache-misses": 14908927, "LLC-loads": 82944133, "LLC-load-misses": 1138318, "LLC-store-misses": 1209387, "LLC-stores": 22611720, "L1-dcache-load-misses": 275753952, "L1-dcache-loads": 5549901539, "L1-dcache-stores": 2903609035, "GPU_Util": 0.65, "GPU_Mem": 0.73}], "model-sons": [{"cpu-cycles": 4643541627, "instructions": 6257487015, "cache-references": 240777556, "cache-misses": 1896518, "LLC-loads": 18441595, "LLC-load-misses": 155637, "LLC-store-misses": 65514, "LLC-stores": 4625715, "L1-dcache-load-misses": 92024851, "L1-dcache-loads": 2105932329, "L1-dcache-stores": 1087604431, "GPU_Util": 0.9, "GPU_Mem": 0.73, "name": "inception_v3"}, {"cpu-cycles": 4638992060, "instructions": 3000280980, "cache-references": 635187673, "cache-misses": 1416678, "LLC-loads": 47084056, "LLC-load-misses": 101521, "LLC-store-misses": 37822, "LLC-stores": 10844948, "L1-dcache-load-misses": 98249165, "L1-dcache-loads": 925476220, "L1-dcache-stores": 516173392, "GPU_Util": 0.9, "GPU_Mem": 0.73, "name": "mobilenet_v3_small"}, {"cpu-cycles": 4642530961, "instructions": 7213472115, "cache-references": 161155412, "cache-misses": 1669742, "LLC-loads": 12971779, "LLC-load-misses": 118856, "LLC-store-misses": 44567, "LLC-stores": 3344521, "L1-dcache-load-misses": 96349390, "L1-dcache-loads": 2416280211, "L1-dcache-stores": 1232187999, "GPU_Util": 0.9, "GPU_Mem": 0.73, "name": "resnext50_32x4d"}], "inference-model-info": 1, "inference-model-sys-info": {"GPU_Util": 0.91, "GPU_Mem": 0.73}, "inference-model-latency": 28.232820000000007, "inference-model-name": "inception_v3"}}