{"2870": {"global": [{"cpu-cycles": 14251809451, "instructions": 18818911744, "cache-references": 756937038, "cache-misses": 13117619, "LLC-loads": 57741836, "LLC-load-misses": 1111353, "LLC-store-misses": 1295847, "LLC-stores": 14791573, "L1-dcache-load-misses": 269842997, "L1-dcache-loads": 6284113582, "L1-dcache-stores": 3240373034, "GPU_Util": 0.96, "GPU_Mem": 0.77}], "model-sons": [{"cpu-cycles": 4635909470, "instructions": 6570183294, "cache-references": 206183317, "cache-misses": 2292438, "LLC-loads": 15509045, "LLC-load-misses": 205135, "LLC-store-misses": 101780, "LLC-stores": 4019061, "L1-dcache-load-misses": 101003554, "L1-dcache-loads": 2236831081, "L1-dcache-stores": 1150870145, "GPU_Util": 0.96, "GPU_Mem": 0.77, "name": "inception_v3"}, {"cpu-cycles": 4648806571, "instructions": 7406192327, "cache-references": 99694136, "cache-misses": 429683, "LLC-loads": 7210120, "LLC-load-misses": 41688, "LLC-store-misses": 42547, "LLC-stores": 1687134, "L1-dcache-load-misses": 74174221, "L1-dcache-loads": 2538958079, "L1-dcache-stores": 1295255553, "GPU_Util": 0.96, "GPU_Mem": 0.77, "name": "alexnet"}, {"cpu-cycles": 4654186561, "instructions": 4590678157, "cache-references": 435174132, "cache-misses": 2922940, "LLC-loads": 33544699, "LLC-load-misses": 161966, "LLC-store-misses": 60019, "LLC-stores": 8000145, "L1-dcache-load-misses": 88966949, "L1-dcache-loads": 1505118701, "L1-dcache-stores": 809011942, "GPU_Util": 0.96, "GPU_Mem": 0.77, "name": "mvit"}], "inference-model-info": 1, "inference-model-sys-info": {"GPU_Util": 0.96, "GPU_Mem": 0.77}, "inference-model-latency": 4.5016, "inference-model-name": "mobilenet_v2"}}