{"2946": {"global": [{"cpu-cycles": 14524904320, "instructions": 14847894588, "cache-references": 1294388355, "cache-misses": 14013030, "LLC-loads": 99896965, "LLC-load-misses": 1276094, "LLC-store-misses": 3482470, "LLC-stores": 28453335, "L1-dcache-load-misses": 291215542, "L1-dcache-loads": 4831145971, "L1-dcache-stores": 2552525769, "GPU_Util": 0.96, "GPU_Mem": 0.75}], "model-sons": [{"cpu-cycles": 4626695870, "instructions": 6760923563, "cache-references": 201680590, "cache-misses": 2530101, "LLC-loads": 16087689, "LLC-load-misses": 201207, "LLC-store-misses": 84737, "LLC-stores": 3756691, "L1-dcache-load-misses": 92030027, "L1-dcache-loads": 2320126129, "L1-dcache-stores": 1186649799, "GPU_Util": 0.96, "GPU_Mem": 0.75, "name": "inception_v3"}, {"cpu-cycles": 4632172649, "instructions": 4502335575, "cache-references": 433329956, "cache-misses": 2679071, "LLC-loads": 34266233, "LLC-load-misses": 229722, "LLC-store-misses": 102132, "LLC-stores": 7595990, "L1-dcache-load-misses": 93595146, "L1-dcache-loads": 1483214309, "L1-dcache-stores": 797405118, "GPU_Util": 0.96, "GPU_Mem": 0.75, "name": "mvit"}, {"cpu-cycles": 4631648567, "instructions": 3568925467, "cache-references": 604236227, "cache-misses": 1367271, "LLC-loads": 45626213, "LLC-load-misses": 79746, "LLC-store-misses": 26210, "LLC-stores": 11268574, "L1-dcache-load-misses": 99486458, "L1-dcache-loads": 1119570080, "L1-dcache-stores": 616933759, "GPU_Util": 0.96, "GPU_Mem": 0.75, "name": "mnasnet"}], "inference-model-info": 1, "inference-model-sys-info": {"GPU_Util": 0.97, "GPU_Mem": 0.75}, "inference-model-latency": 15.748479999999997, "inference-model-name": "vgg_13"}}