{"2980": {"global": [{"cpu-cycles": 14363281552, "instructions": 14438827536, "cache-references": 1365642535, "cache-misses": 10544788, "LLC-loads": 104171619, "LLC-load-misses": 1168258, "LLC-store-misses": 6532915, "LLC-stores": 30642865, "L1-dcache-load-misses": 294867262, "L1-dcache-loads": 4849173366, "L1-dcache-stores": 2475337835, "GPU_Util": 0.96, "GPU_Mem": 0.75}], "model-sons": [{"cpu-cycles": 4634025997, "instructions": 6675986597, "cache-references": 214864334, "cache-misses": 2327972, "LLC-loads": 16001924, "LLC-load-misses": 190510, "LLC-store-misses": 111773, "LLC-stores": 4050504, "L1-dcache-load-misses": 100632275, "L1-dcache-loads": 2269342258, "L1-dcache-stores": 1164074254, "GPU_Util": 0.96, "GPU_Mem": 0.75, "name": "inception_v3"}, {"cpu-cycles": 4622696711, "instructions": 4635976178, "cache-references": 439841705, "cache-misses": 3036001, "LLC-loads": 33878620, "LLC-load-misses": 240193, "LLC-store-misses": 140232, "LLC-stores": 7592351, "L1-dcache-load-misses": 92170869, "L1-dcache-loads": 1524360091, "L1-dcache-stores": 809478359, "GPU_Util": 0.96, "GPU_Mem": 0.75, "name": "mvit"}, {"cpu-cycles": 4625884682, "instructions": 3198963783, "cache-references": 675439358, "cache-misses": 1986725, "LLC-loads": 51535823, "LLC-load-misses": 134059, "LLC-store-misses": 101514, "LLC-stores": 11420585, "L1-dcache-load-misses": 105402417, "L1-dcache-loads": 985551707, "L1-dcache-stores": 554522167, "GPU_Util": 0.96, "GPU_Mem": 0.75, "name": "mobilenet_v3_large"}], "inference-model-info": 1, "inference-model-sys-info": {"GPU_Util": 0.94, "GPU_Mem": 0.75}, "inference-model-latency": 26.463430000000002, "inference-model-name": "resnext50_32x4d"}}