{"2992": {"global": [{"cpu-cycles": 14324967611, "instructions": 14601462872, "cache-references": 1339315004, "cache-misses": 16459306, "LLC-loads": 102355179, "LLC-load-misses": 1556753, "LLC-store-misses": 2319649, "LLC-stores": 25372086, "L1-dcache-load-misses": 277250380, "L1-dcache-loads": 4802492560, "L1-dcache-stores": 2519502743, "GPU_Util": 0.97, "GPU_Mem": 0.76}], "model-sons": [{"cpu-cycles": 4650886138, "instructions": 6618455655, "cache-references": 206898866, "cache-misses": 2379717, "LLC-loads": 15784942, "LLC-load-misses": 211479, "LLC-store-misses": 98645, "LLC-stores": 4040225, "L1-dcache-load-misses": 87117914, "L1-dcache-loads": 2242376506, "L1-dcache-stores": 1149198963, "GPU_Util": 0.96, "GPU_Mem": 0.76, "name": "inception_v3"}, {"cpu-cycles": 4643375200, "instructions": 4603643401, "cache-references": 433856503, "cache-misses": 2653680, "LLC-loads": 33995654, "LLC-load-misses": 184020, "LLC-store-misses": 124721, "LLC-stores": 7418557, "L1-dcache-load-misses": 92160612, "L1-dcache-loads": 1529254225, "L1-dcache-stores": 810227782, "GPU_Util": 0.96, "GPU_Mem": 0.76, "name": "mvit"}, {"cpu-cycles": 4654521457, "instructions": 3420447913, "cache-references": 638198237, "cache-misses": 1525171, "LLC-loads": 47770112, "LLC-load-misses": 139451, "LLC-store-misses": 60259, "LLC-stores": 11774016, "L1-dcache-load-misses": 102668685, "L1-dcache-loads": 1055068993, "L1-dcache-stores": 590728735, "GPU_Util": 0.96, "GPU_Mem": 0.76, "name": "mobilenet_v2"}], "inference-model-info": 1, "inference-model-sys-info": {"GPU_Util": 0.97, "GPU_Mem": 0.76}, "inference-model-latency": 13.666090000000002, "inference-model-name": "mvit"}}