{"3048": {"global": [{"cpu-cycles": 14682114423, "instructions": 14291873290, "cache-references": 1465978251, "cache-misses": 14183072, "LLC-loads": 112702031, "LLC-load-misses": 1075756, "LLC-store-misses": 911244, "LLC-stores": 27096822, "L1-dcache-load-misses": 298325295, "L1-dcache-loads": 4572366221, "L1-dcache-stores": 2432705807, "GPU_Util": 0.96, "GPU_Mem": 0.72}], "model-sons": [{"cpu-cycles": 4642109080, "instructions": 6623426190, "cache-references": 207938188, "cache-misses": 1417076, "LLC-loads": 16223587, "LLC-load-misses": 109416, "LLC-store-misses": 37533, "LLC-stores": 3876154, "L1-dcache-load-misses": 92471665, "L1-dcache-loads": 2250988498, "L1-dcache-stores": 1145552195, "GPU_Util": 0.96, "GPU_Mem": 0.72, "name": "inception_v3"}, {"cpu-cycles": 4626301096, "instructions": 3773346699, "cache-references": 586763986, "cache-misses": 1145682, "LLC-loads": 45509172, "LLC-load-misses": 122254, "LLC-store-misses": 45616, "LLC-stores": 10437505, "L1-dcache-load-misses": 101392739, "L1-dcache-loads": 1200194032, "L1-dcache-stores": 663637966, "GPU_Util": 0.96, "GPU_Mem": 0.72, "name": "mnasnet"}, {"cpu-cycles": 4642133781, "instructions": 3447448377, "cache-references": 628659364, "cache-misses": 859454, "LLC-loads": 48125031, "LLC-load-misses": 48626, "LLC-store-misses": 16643, "LLC-stores": 11258357, "L1-dcache-load-misses": 103656658, "L1-dcache-loads": 1067549988, "L1-dcache-stores": 595671118, "GPU_Util": 0.96, "GPU_Mem": 0.72, "name": "mobilenet_v2"}], "inference-model-info": 1, "inference-model-sys-info": {"GPU_Util": 0.96, "GPU_Mem": 0.72}, "inference-model-latency": 13.57724, "inference-model-name": "mvit"}}