{"3053": {"global": [{"cpu-cycles": 14421809424, "instructions": 21678838785, "cache-references": 576770722, "cache-misses": 10880578, "LLC-loads": 45956643, "LLC-load-misses": 1382263, "LLC-store-misses": 5941813, "LLC-stores": 17603138, "L1-dcache-load-misses": 251626156, "L1-dcache-loads": 7293909182, "L1-dcache-stores": 3645243134, "GPU_Util": 0.87, "GPU_Mem": 0.77}], "model-sons": [{"cpu-cycles": 4644262360, "instructions": 6671228602, "cache-references": 211802730, "cache-misses": 1304565, "LLC-loads": 16429933, "LLC-load-misses": 120921, "LLC-store-misses": 55942, "LLC-stores": 3816248, "L1-dcache-load-misses": 107465766, "L1-dcache-loads": 2281008899, "L1-dcache-stores": 1165909804, "GPU_Util": 0.87, "GPU_Mem": 0.77, "name": "inception_v3"}, {"cpu-cycles": 4644965726, "instructions": 7190820210, "cache-references": 139723375, "cache-misses": 1583125, "LLC-loads": 10962431, "LLC-load-misses": 127069, "LLC-store-misses": 29864, "LLC-stores": 2811337, "L1-dcache-load-misses": 102079104, "L1-dcache-loads": 2446810078, "L1-dcache-stores": 1247141243, "GPU_Util": 0.87, "GPU_Mem": 0.77, "name": "resnext50_32x4d"}, {"cpu-cycles": 4645399394, "instructions": 7471067480, "cache-references": 135824789, "cache-misses": 1697601, "LLC-loads": 10707833, "LLC-load-misses": 148577, "LLC-store-misses": 53111, "LLC-stores": 2750926, "L1-dcache-load-misses": 103174086, "L1-dcache-loads": 2527776499, "L1-dcache-stores": 1291734333, "GPU_Util": 0.87, "GPU_Mem": 0.77, "name": "resnext50_32x4d"}], "inference-model-info": 1, "inference-model-sys-info": {"GPU_Util": 0.88, "GPU_Mem": 0.77}, "inference-model-latency": 29.50797, "inference-model-name": "inception_v3"}}