{"3091": {"global": [{"cpu-cycles": 14573055612, "instructions": 17693426901, "cache-references": 989895775, "cache-misses": 9852053, "LLC-loads": 76741111, "LLC-load-misses": 768119, "LLC-store-misses": 2668830, "LLC-stores": 21394005, "L1-dcache-load-misses": 333539317, "L1-dcache-loads": 5916563780, "L1-dcache-stores": 3103254808, "GPU_Util": 0.78, "GPU_Mem": 0.74}], "model-sons": [{"cpu-cycles": 4637657930, "instructions": 6506264851, "cache-references": 207100672, "cache-misses": 1560417, "LLC-loads": 15663251, "LLC-load-misses": 114643, "LLC-store-misses": 68278, "LLC-stores": 4054708, "L1-dcache-load-misses": 100224459, "L1-dcache-loads": 2198727040, "L1-dcache-stores": 1126279678, "GPU_Util": 0.92, "GPU_Mem": 0.74, "name": "inception_v3"}, {"cpu-cycles": 4657354468, "instructions": 7201255537, "cache-references": 137660192, "cache-misses": 1755764, "LLC-loads": 10777621, "LLC-load-misses": 151964, "LLC-store-misses": 51306, "LLC-stores": 2738434, "L1-dcache-load-misses": 118878886, "L1-dcache-loads": 2409998008, "L1-dcache-stores": 1234859815, "GPU_Util": 0.92, "GPU_Mem": 0.74, "name": "resnext50_32x4d"}, {"cpu-cycles": 4649043764, "instructions": 3886372827, "cache-references": 610505734, "cache-misses": 889310, "LLC-loads": 47506902, "LLC-load-misses": 74802, "LLC-store-misses": 42020, "LLC-stores": 10861971, "L1-dcache-load-misses": 103655727, "L1-dcache-loads": 1227241511, "L1-dcache-stores": 670165552, "GPU_Util": 0.92, "GPU_Mem": 0.74, "name": "mobilenet_v2"}], "inference-model-info": 1, "inference-model-sys-info": {"GPU_Util": 0.92, "GPU_Mem": 0.74}, "inference-model-latency": 4.519470000000001, "inference-model-name": "mnasnet"}}