{"3107": {"global": [{"cpu-cycles": 14676347752, "instructions": 13252628984, "cache-references": 1537928482, "cache-misses": 16377215, "LLC-loads": 117146337, "LLC-load-misses": 1072720, "LLC-store-misses": 3146407, "LLC-stores": 29464571, "L1-dcache-load-misses": 286353443, "L1-dcache-loads": 4159618256, "L1-dcache-stores": 2227446888, "GPU_Util": 0.95, "GPU_Mem": 0.72}], "model-sons": [{"cpu-cycles": 4648503922, "instructions": 6581253674, "cache-references": 232856676, "cache-misses": 1883221, "LLC-loads": 18402784, "LLC-load-misses": 149876, "LLC-store-misses": 109803, "LLC-stores": 4456378, "L1-dcache-load-misses": 80825488, "L1-dcache-loads": 2228187635, "L1-dcache-stores": 1149848411, "GPU_Util": 0.95, "GPU_Mem": 0.72, "name": "inception_v3"}, {"cpu-cycles": 4644576392, "instructions": 3163079902, "cache-references": 652622343, "cache-misses": 1570965, "LLC-loads": 49742705, "LLC-load-misses": 121764, "LLC-store-misses": 99306, "LLC-stores": 11451553, "L1-dcache-load-misses": 103223973, "L1-dcache-loads": 975981337, "L1-dcache-stores": 547969670, "GPU_Util": 0.95, "GPU_Mem": 0.72, "name": "mobilenet_v3_large"}, {"cpu-cycles": 4639675946, "instructions": 3069779604, "cache-references": 644927883, "cache-misses": 1615967, "LLC-loads": 48666268, "LLC-load-misses": 83858, "LLC-store-misses": 17983, "LLC-stores": 11308694, "L1-dcache-load-misses": 101619112, "L1-dcache-loads": 949690450, "L1-dcache-stores": 533287111, "GPU_Util": 0.95, "GPU_Mem": 0.72, "name": "mobilenet_v3_large"}], "inference-model-info": 1, "inference-model-sys-info": {"GPU_Util": 0.95, "GPU_Mem": 0.72}, "inference-model-latency": 5.37384, "inference-model-name": "mobilenet_v3_large"}}