{"3111": {"global": [{"cpu-cycles": 14584436659, "instructions": 13338636302, "cache-references": 1544070285, "cache-misses": 11909138, "LLC-loads": 117917554, "LLC-load-misses": 608197, "LLC-store-misses": 1699822, "LLC-stores": 30714902, "L1-dcache-load-misses": 298893150, "L1-dcache-loads": 4320758111, "L1-dcache-stores": 2340415211, "GPU_Util": 0.97, "GPU_Mem": 0.72}], "model-sons": [{"cpu-cycles": 4651837885, "instructions": 6654630360, "cache-references": 207913499, "cache-misses": 1727982, "LLC-loads": 16108311, "LLC-load-misses": 160383, "LLC-store-misses": 106589, "LLC-stores": 4070843, "L1-dcache-load-misses": 87238876, "L1-dcache-loads": 2233746505, "L1-dcache-stores": 1155309748, "GPU_Util": 0.95, "GPU_Mem": 0.72, "name": "inception_v3"}, {"cpu-cycles": 4641675597, "instructions": 3096814254, "cache-references": 649885698, "cache-misses": 1925106, "LLC-loads": 49251927, "LLC-load-misses": 143554, "LLC-store-misses": 42615, "LLC-stores": 10951685, "L1-dcache-load-misses": 102803082, "L1-dcache-loads": 958023517, "L1-dcache-stores": 538892690, "GPU_Util": 0.96, "GPU_Mem": 0.72, "name": "mobilenet_v3_large"}, {"cpu-cycles": 4608294829, "instructions": 3366345962, "cache-references": 653809634, "cache-misses": 2199731, "LLC-loads": 50006939, "LLC-load-misses": 158099, "LLC-store-misses": 35162, "LLC-stores": 12050675, "L1-dcache-load-misses": 104609755, "L1-dcache-loads": 1050365486, "L1-dcache-stores": 582870894, "GPU_Util": 0.96, "GPU_Mem": 0.72, "name": "mobilenet_v2"}], "inference-model-info": 1, "inference-model-sys-info": {"GPU_Util": 0.95, "GPU_Mem": 0.72}, "inference-model-latency": 3.420699999999999, "inference-model-name": "squeezenet"}}