{"3173": {"global": [{"cpu-cycles": 14147895321, "instructions": 11572372201, "cache-references": 1717753381, "cache-misses": 5254382, "LLC-loads": 130625988, "LLC-load-misses": 527374, "LLC-store-misses": 9504456, "LLC-stores": 39446270, "L1-dcache-load-misses": 304646815, "L1-dcache-loads": 3756182809, "L1-dcache-stores": 2031929574, "GPU_Util": 0.98, "GPU_Mem": 0.69}], "model-sons": [{"cpu-cycles": 4638429056, "instructions": 4447353074, "cache-references": 525541659, "cache-misses": 1114734, "LLC-loads": 41180820, "LLC-load-misses": 130460, "LLC-store-misses": 93575, "LLC-stores": 9320012, "L1-dcache-load-misses": 99194545, "L1-dcache-loads": 1404859643, "L1-dcache-stores": 750836822, "GPU_Util": 0.98, "GPU_Mem": 0.69, "name": "googlenet"}, {"cpu-cycles": 4631858450, "instructions": 3965344823, "cache-references": 537881573, "cache-misses": 1361944, "LLC-loads": 41492936, "LLC-load-misses": 69294, "LLC-store-misses": 16551, "LLC-stores": 9707501, "L1-dcache-load-misses": 96671103, "L1-dcache-loads": 1286402893, "L1-dcache-stores": 682584744, "GPU_Util": 0.98, "GPU_Mem": 0.69, "name": "googlenet"}, {"cpu-cycles": 4645003060, "instructions": 3137558056, "cache-references": 642672021, "cache-misses": 1546849, "LLC-loads": 47662505, "LLC-load-misses": 130215, "LLC-store-misses": 63045, "LLC-stores": 11521465, "L1-dcache-load-misses": 101132001, "L1-dcache-loads": 970270325, "L1-dcache-stores": 545005145, "GPU_Util": 0.98, "GPU_Mem": 0.69, "name": "shufflenet"}], "inference-model-info": 1, "inference-model-sys-info": {"GPU_Util": 0.98, "GPU_Mem": 0.69}, "inference-model-latency": 2.8044500000000006, "inference-model-name": "alexnet"}}