{"3191": {"global": [{"cpu-cycles": 14605775225, "instructions": 15113552740, "cache-references": 1360234406, "cache-misses": 58752862, "LLC-loads": 112519147, "LLC-load-misses": 7286493, "LLC-store-misses": 15676163, "LLC-stores": 44953965, "L1-dcache-load-misses": 266944621, "L1-dcache-loads": 4847718009, "L1-dcache-stores": 2489348776, "GPU_Util": 0.78, "GPU_Mem": 0.76}], "model-sons": [{"cpu-cycles": 4648138928, "instructions": 4815410936, "cache-references": 451013560, "cache-misses": 1365469, "LLC-loads": 34219743, "LLC-load-misses": 86759, "LLC-store-misses": 52403, "LLC-stores": 8057580, "L1-dcache-load-misses": 93267423, "L1-dcache-loads": 1584107308, "L1-dcache-stores": 839576489, "GPU_Util": 0.99, "GPU_Mem": 0.76, "name": "googlenet"}, {"cpu-cycles": 4637232704, "instructions": 4742816819, "cache-references": 448114268, "cache-misses": 1150927, "LLC-loads": 34600289, "LLC-load-misses": 100274, "LLC-store-misses": 51101, "LLC-stores": 8048812, "L1-dcache-load-misses": 92074429, "L1-dcache-loads": 1538826243, "L1-dcache-stores": 820269658, "GPU_Util": 0.99, "GPU_Mem": 0.76, "name": "googlenet"}, {"cpu-cycles": 4645428891, "instructions": 8187703611, "cache-references": 43946865, "cache-misses": 627916, "LLC-loads": 3086332, "LLC-load-misses": 45673, "LLC-store-misses": 5218, "LLC-stores": 702418, "L1-dcache-load-misses": 60280479, "L1-dcache-loads": 2826912960, "L1-dcache-stores": 1441576746, "GPU_Util": 0.99, "GPU_Mem": 0.76, "name": "vgg_11"}], "inference-model-info": 1, "inference-model-sys-info": {"GPU_Util": 0.99, "GPU_Mem": 0.76}, "inference-model-latency": 5.428989999999999, "inference-model-name": "mobilenet_v3_large"}}