{"321": {"global": [{"cpu-cycles": 9685765265, "instructions": 13383013646, "cache-references": 463623403, "cache-misses": 5313097, "LLC-loads": 36315318, "LLC-load-misses": 608160, "LLC-store-misses": 5459921, "LLC-stores": 13288232, "L1-dcache-load-misses": 192404082, "L1-dcache-loads": 4654622890, "L1-dcache-stores": 2351811661, "GPU_Util": 0.95, "GPU_Mem": 0.59}], "model-sons": [{"cpu-cycles": 4654259128, "instructions": 5916645573, "cache-references": 321097815, "cache-misses": 829774, "LLC-loads": 23283108, "LLC-load-misses": 84504, "LLC-store-misses": 31072, "LLC-stores": 5370005, "L1-dcache-load-misses": 104337813, "L1-dcache-loads": 2021276124, "L1-dcache-stores": 1026621790, "GPU_Util": 0.95, "GPU_Mem": 0.59, "name": "inception_v3"}, {"cpu-cycles": 4667366680, "instructions": 7147951453, "cache-references": 152052014, "cache-misses": 508385, "LLC-loads": 11453195, "LLC-load-misses": 24134, "LLC-store-misses": 6072, "LLC-stores": 2006749, "L1-dcache-load-misses": 79018232, "L1-dcache-loads": 2497757631, "L1-dcache-stores": 1272881252, "GPU_Util": 0.95, "GPU_Mem": 0.59, "name": "alexnet"}], "inference-model-info": 1, "inference-model-sys-info": {"GPU_Util": 0.95, "GPU_Mem": 0.59}, "inference-model-latency": 4.63926, "inference-model-name": "mobilenet_v3_large"}}