{"3210": {"global": [{"cpu-cycles": 14293944764, "instructions": 16013256874, "cache-references": 1383998517, "cache-misses": 50429621, "LLC-loads": 109604870, "LLC-load-misses": 3332464, "LLC-store-misses": 14906830, "LLC-stores": 47099197, "L1-dcache-load-misses": 260774866, "L1-dcache-loads": 5025667788, "L1-dcache-stores": 2588671758, "GPU_Util": 0.74, "GPU_Mem": 0.67}], "model-sons": [{"cpu-cycles": 4636967734, "instructions": 4317477979, "cache-references": 498966218, "cache-misses": 2034028, "LLC-loads": 38497649, "LLC-load-misses": 143177, "LLC-store-misses": 74214, "LLC-stores": 9285496, "L1-dcache-load-misses": 94868975, "L1-dcache-loads": 1384799422, "L1-dcache-stores": 740695768, "GPU_Util": 0.99, "GPU_Mem": 0.77, "name": "googlenet"}, {"cpu-cycles": 4620322387, "instructions": 4928938360, "cache-references": 454856673, "cache-misses": 1209750, "LLC-loads": 35081290, "LLC-load-misses": 72044, "LLC-store-misses": 34260, "LLC-stores": 7957868, "L1-dcache-load-misses": 92009523, "L1-dcache-loads": 1621626295, "L1-dcache-stores": 849460232, "GPU_Util": 0.99, "GPU_Mem": 0.77, "name": "googlenet"}, {"cpu-cycles": 4622950762, "instructions": 8286780937, "cache-references": 40603811, "cache-misses": 558790, "LLC-loads": 2842426, "LLC-load-misses": 44652, "LLC-store-misses": 13905, "LLC-stores": 749326, "L1-dcache-load-misses": 116704452, "L1-dcache-loads": 2870132153, "L1-dcache-stores": 1459195780, "GPU_Util": 0.99, "GPU_Mem": 0.77, "name": "vgg_16"}], "inference-model-info": 1, "inference-model-sys-info": {"GPU_Util": 0.99, "GPU_Mem": 0.77}, "inference-model-latency": 4.322070000000001, "inference-model-name": "shufflenet"}}