{"3224": {"global": [{"cpu-cycles": 14682057662, "instructions": 12393451420, "cache-references": 1710593099, "cache-misses": 15430824, "LLC-loads": 130717596, "LLC-load-misses": 1131739, "LLC-store-misses": 526040, "LLC-stores": 30771230, "L1-dcache-load-misses": 303630614, "L1-dcache-loads": 3908382175, "L1-dcache-stores": 2096734309, "GPU_Util": 0.98, "GPU_Mem": 0.68}], "model-sons": [{"cpu-cycles": 4639226433, "instructions": 4595907297, "cache-references": 507305399, "cache-misses": 1755259, "LLC-loads": 39159399, "LLC-load-misses": 141311, "LLC-store-misses": 36460, "LLC-stores": 9173890, "L1-dcache-load-misses": 97782470, "L1-dcache-loads": 1468821805, "L1-dcache-stores": 788172731, "GPU_Util": 0.98, "GPU_Mem": 0.68, "name": "googlenet"}, {"cpu-cycles": 4649635555, "instructions": 4320716534, "cache-references": 513843563, "cache-misses": 893625, "LLC-loads": 40184564, "LLC-load-misses": 88784, "LLC-store-misses": 82853, "LLC-stores": 9221740, "L1-dcache-load-misses": 99256097, "L1-dcache-loads": 1385807195, "L1-dcache-stores": 742130772, "GPU_Util": 0.98, "GPU_Mem": 0.68, "name": "googlenet"}, {"cpu-cycles": 4657611328, "instructions": 3187372466, "cache-references": 681194832, "cache-misses": 1176408, "LLC-loads": 50476647, "LLC-load-misses": 104556, "LLC-store-misses": 60375, "LLC-stores": 11212377, "L1-dcache-load-misses": 104477625, "L1-dcache-loads": 984292209, "L1-dcache-stores": 553483292, "GPU_Util": 0.98, "GPU_Mem": 0.68, "name": "mobilenet_v3_small"}], "inference-model-info": 1, "inference-model-sys-info": {"GPU_Util": 0.98, "GPU_Mem": 0.68}, "inference-model-latency": 4.33113, "inference-model-name": "shufflenet"}}