{"3245": {"global": [{"cpu-cycles": 14373875013, "instructions": 16597411609, "cache-references": 1185570205, "cache-misses": 22355711, "LLC-loads": 93534888, "LLC-load-misses": 2081522, "LLC-store-misses": 9578954, "LLC-stores": 32426688, "L1-dcache-load-misses": 268946375, "L1-dcache-loads": 5443144922, "L1-dcache-stores": 2846982470, "GPU_Util": 0.73, "GPU_Mem": 0.71}], "model-sons": [{"cpu-cycles": 4643291231, "instructions": 4807602099, "cache-references": 450912424, "cache-misses": 1058864, "LLC-loads": 37515378, "LLC-load-misses": 94560, "LLC-store-misses": 47006, "LLC-stores": 8000261, "L1-dcache-load-misses": 92427873, "L1-dcache-loads": 1562212242, "L1-dcache-stores": 834936654, "GPU_Util": 0.99, "GPU_Mem": 0.71, "name": "googlenet"}, {"cpu-cycles": 4650441063, "instructions": 5099139885, "cache-references": 440878471, "cache-misses": 1224362, "LLC-loads": 34387227, "LLC-load-misses": 141610, "LLC-store-misses": 41947, "LLC-stores": 7810664, "L1-dcache-load-misses": 96078245, "L1-dcache-loads": 1666684944, "L1-dcache-stores": 885880054, "GPU_Util": 0.99, "GPU_Mem": 0.71, "name": "googlenet"}, {"cpu-cycles": 4656450194, "instructions": 7809629585, "cache-references": 98781034, "cache-misses": 511891, "LLC-loads": 7169075, "LLC-load-misses": 38900, "LLC-store-misses": 7500, "LLC-stores": 1641734, "L1-dcache-load-misses": 79993644, "L1-dcache-loads": 2692020353, "L1-dcache-stores": 1374363744, "GPU_Util": 0.99, "GPU_Mem": 0.71, "name": "alexnet"}], "inference-model-info": 1, "inference-model-sys-info": {"GPU_Util": 0.99, "GPU_Mem": 0.71}, "inference-model-latency": 4.5275799999999995, "inference-model-name": "mnasnet"}}