{"3261": {"global": [{"cpu-cycles": 14591245001, "instructions": 14653152612, "cache-references": 1384757846, "cache-misses": 12961705, "LLC-loads": 105460764, "LLC-load-misses": 1085369, "LLC-store-misses": 6374285, "LLC-stores": 30890697, "L1-dcache-load-misses": 284947052, "L1-dcache-loads": 4766392710, "L1-dcache-stores": 2491644665, "GPU_Util": 0.99, "GPU_Mem": 0.73}], "model-sons": [{"cpu-cycles": 4631672710, "instructions": 4835490561, "cache-references": 446202210, "cache-misses": 1965799, "LLC-loads": 34447738, "LLC-load-misses": 133753, "LLC-store-misses": 37284, "LLC-stores": 7949589, "L1-dcache-load-misses": 104663401, "L1-dcache-loads": 1588624043, "L1-dcache-stores": 841192453, "GPU_Util": 0.99, "GPU_Mem": 0.73, "name": "googlenet"}, {"cpu-cycles": 4635771756, "instructions": 4880732900, "cache-references": 450634370, "cache-misses": 1847044, "LLC-loads": 34053780, "LLC-load-misses": 135501, "LLC-store-misses": 62034, "LLC-stores": 8275958, "L1-dcache-load-misses": 94138603, "L1-dcache-loads": 1603103391, "L1-dcache-stores": 845595315, "GPU_Util": 0.99, "GPU_Mem": 0.73, "name": "googlenet"}, {"cpu-cycles": 4635831961, "instructions": 4670458658, "cache-references": 426499593, "cache-misses": 2500946, "LLC-loads": 33772758, "LLC-load-misses": 153170, "LLC-store-misses": 60249, "LLC-stores": 7421776, "L1-dcache-load-misses": 92072415, "L1-dcache-loads": 1526134946, "L1-dcache-stores": 819832673, "GPU_Util": 0.99, "GPU_Mem": 0.73, "name": "mvit"}], "inference-model-info": 1, "inference-model-sys-info": {"GPU_Util": 0.99, "GPU_Mem": 0.73}, "inference-model-latency": 5.38853, "inference-model-name": "mobilenet_v3_large"}}