{"3317": {"global": [{"cpu-cycles": 14577248594, "instructions": 13569764846, "cache-references": 1560329481, "cache-misses": 12237182, "LLC-loads": 121298695, "LLC-load-misses": 790007, "LLC-store-misses": 2899093, "LLC-stores": 29232229, "L1-dcache-load-misses": 298106766, "L1-dcache-loads": 4258345776, "L1-dcache-stores": 2312177191, "GPU_Util": 0.98, "GPU_Mem": 0.7}], "model-sons": [{"cpu-cycles": 4636368704, "instructions": 4733169614, "cache-references": 463509164, "cache-misses": 1238405, "LLC-loads": 35693572, "LLC-load-misses": 95108, "LLC-store-misses": 90496, "LLC-stores": 8040532, "L1-dcache-load-misses": 96371477, "L1-dcache-loads": 1542249394, "L1-dcache-stores": 813764891, "GPU_Util": 0.99, "GPU_Mem": 0.7, "name": "googlenet"}, {"cpu-cycles": 4648414350, "instructions": 5041011605, "cache-references": 442968567, "cache-misses": 1334596, "LLC-loads": 34018543, "LLC-load-misses": 92302, "LLC-store-misses": 74147, "LLC-stores": 7834277, "L1-dcache-load-misses": 95606444, "L1-dcache-loads": 1645348524, "L1-dcache-stores": 875968390, "GPU_Util": 0.99, "GPU_Mem": 0.7, "name": "googlenet"}, {"cpu-cycles": 4645609040, "instructions": 3581178754, "cache-references": 637645139, "cache-misses": 1030926, "LLC-loads": 49138320, "LLC-load-misses": 85507, "LLC-store-misses": 75878, "LLC-stores": 11113019, "L1-dcache-load-misses": 102874358, "L1-dcache-loads": 1127829957, "L1-dcache-stores": 621789097, "GPU_Util": 0.99, "GPU_Mem": 0.7, "name": "mobilenet_v2"}], "inference-model-info": 1, "inference-model-sys-info": {"GPU_Util": 0.99, "GPU_Mem": 0.7}, "inference-model-latency": 5.393210000000002, "inference-model-name": "mobilenet_v3_large"}}