{"3325": {"global": [{"cpu-cycles": 14340681736, "instructions": 17761304493, "cache-references": 1149944657, "cache-misses": 7728828, "LLC-loads": 82093560, "LLC-load-misses": 803647, "LLC-store-misses": 4899466, "LLC-stores": 28492593, "L1-dcache-load-misses": 226507071, "L1-dcache-loads": 5879702141, "L1-dcache-stores": 2966617866, "GPU_Util": 0.99, "GPU_Mem": 0.68}], "model-sons": [{"cpu-cycles": 4633805399, "instructions": 5115148879, "cache-references": 440268315, "cache-misses": 944989, "LLC-loads": 34789921, "LLC-load-misses": 74195, "LLC-store-misses": 29550, "LLC-stores": 7602467, "L1-dcache-load-misses": 92320809, "L1-dcache-loads": 1661899544, "L1-dcache-stores": 883341817, "GPU_Util": 0.99, "GPU_Mem": 0.68, "name": "googlenet"}, {"cpu-cycles": 4635051064, "instructions": 5694598760, "cache-references": 365128147, "cache-misses": 616179, "LLC-loads": 25713696, "LLC-load-misses": 72965, "LLC-store-misses": 9468, "LLC-stores": 6474035, "L1-dcache-load-misses": 87222595, "L1-dcache-loads": 1906121750, "L1-dcache-stores": 985516979, "GPU_Util": 0.99, "GPU_Mem": 0.68, "name": "squeezenet"}, {"cpu-cycles": 4635015252, "instructions": 5638300760, "cache-references": 365537126, "cache-misses": 538548, "LLC-loads": 26241638, "LLC-load-misses": 53728, "LLC-store-misses": 12811, "LLC-stores": 6532019, "L1-dcache-load-misses": 88771088, "L1-dcache-loads": 1877888895, "L1-dcache-stores": 977104116, "GPU_Util": 0.99, "GPU_Mem": 0.68, "name": "squeezenet"}], "inference-model-info": 1, "inference-model-sys-info": {"GPU_Util": 0.99, "GPU_Mem": 0.68}, "inference-model-latency": 20.273719999999997, "inference-model-name": "vgg_16"}}