{"3337": {"global": [{"cpu-cycles": 14476080829, "instructions": 13053536857, "cache-references": 1633408156, "cache-misses": 8299919, "LLC-loads": 123335842, "LLC-load-misses": 504892, "LLC-store-misses": 899760, "LLC-stores": 31219315, "L1-dcache-load-misses": 293715451, "L1-dcache-loads": 4160516302, "L1-dcache-stores": 2262341500, "GPU_Util": 0.89, "GPU_Mem": 0.68}], "model-sons": [{"cpu-cycles": 4626642952, "instructions": 4353152466, "cache-references": 520491849, "cache-misses": 1317374, "LLC-loads": 40740833, "LLC-load-misses": 112635, "LLC-store-misses": 45991, "LLC-stores": 9077419, "L1-dcache-load-misses": 99189211, "L1-dcache-loads": 1402534349, "L1-dcache-stores": 753632146, "GPU_Util": 0.99, "GPU_Mem": 0.68, "name": "googlenet"}, {"cpu-cycles": 4637987126, "instructions": 5097941440, "cache-references": 433077654, "cache-misses": 582076, "LLC-loads": 31229232, "LLC-load-misses": 69400, "LLC-store-misses": 20119, "LLC-stores": 7561652, "L1-dcache-load-misses": 85200042, "L1-dcache-loads": 1685781190, "L1-dcache-stores": 882963711, "GPU_Util": 0.99, "GPU_Mem": 0.68, "name": "squeezenet"}, {"cpu-cycles": 4622684839, "instructions": 3234992156, "cache-references": 661665314, "cache-misses": 900013, "LLC-loads": 51287085, "LLC-load-misses": 54967, "LLC-store-misses": 54449, "LLC-stores": 11705008, "L1-dcache-load-misses": 104331783, "L1-dcache-loads": 995845840, "L1-dcache-stores": 557734817, "GPU_Util": 0.99, "GPU_Mem": 0.68, "name": "shufflenet"}], "inference-model-info": 1, "inference-model-sys-info": {"GPU_Util": 0.99, "GPU_Mem": 0.68}, "inference-model-latency": 11.21709, "inference-model-name": "vgg_11"}}