{"3348": {"global": [{"cpu-cycles": 14692607143, "instructions": 16529610035, "cache-references": 1276230751, "cache-misses": 34770349, "LLC-loads": 96547790, "LLC-load-misses": 2423144, "LLC-store-misses": 16805666, "LLC-stores": 38758101, "L1-dcache-load-misses": 240400008, "L1-dcache-loads": 5392364743, "L1-dcache-stores": 2702415809, "GPU_Util": 0.99, "GPU_Mem": 0.66}], "model-sons": [{"cpu-cycles": 4648206606, "instructions": 3665561952, "cache-references": 592938973, "cache-misses": 3586514, "LLC-loads": 45399906, "LLC-load-misses": 194835, "LLC-store-misses": 53078, "LLC-stores": 10609714, "L1-dcache-load-misses": 101226984, "L1-dcache-loads": 1168103233, "L1-dcache-stores": 634516607, "GPU_Util": 0.99, "GPU_Mem": 0.75, "name": "googlenet"}, {"cpu-cycles": 4652578269, "instructions": 5709445013, "cache-references": 364544159, "cache-misses": 380433, "LLC-loads": 26007542, "LLC-load-misses": 46137, "LLC-store-misses": 17514, "LLC-stores": 6750400, "L1-dcache-load-misses": 90286869, "L1-dcache-loads": 1900571515, "L1-dcache-stores": 987402889, "GPU_Util": 0.99, "GPU_Mem": 0.75, "name": "squeezenet"}, {"cpu-cycles": 4639856335, "instructions": 8054549037, "cache-references": 44837638, "cache-misses": 581488, "LLC-loads": 3291779, "LLC-load-misses": 55412, "LLC-store-misses": 6082, "LLC-stores": 752988, "L1-dcache-load-misses": 67354989, "L1-dcache-loads": 2787343524, "L1-dcache-stores": 1420989762, "GPU_Util": 0.99, "GPU_Mem": 0.75, "name": "vgg_11"}], "inference-model-info": 1, "inference-model-sys-info": {"GPU_Util": 0.99, "GPU_Mem": 0.75}, "inference-model-latency": 8.328260000000002, "inference-model-name": "googlenet"}}