{"335": {"global": [{"cpu-cycles": 9872940875, "instructions": 9427314748, "cache-references": 942803752, "cache-misses": 14530147, "LLC-loads": 73890715, "LLC-load-misses": 1051583, "LLC-store-misses": 2764711, "LLC-stores": 21148853, "L1-dcache-load-misses": 209003082, "L1-dcache-loads": 2980180004, "L1-dcache-stores": 1589502006, "GPU_Util": 0.92, "GPU_Mem": 0.61}], "model-sons": [{"cpu-cycles": 4657975215, "instructions": 5893839061, "cache-references": 319672062, "cache-misses": 1582190, "LLC-loads": 24674989, "LLC-load-misses": 135192, "LLC-store-misses": 122427, "LLC-stores": 6235242, "L1-dcache-load-misses": 104941240, "L1-dcache-loads": 1965387709, "L1-dcache-stores": 1020740909, "GPU_Util": 0.94, "GPU_Mem": 0.61, "name": "inception_v3"}, {"cpu-cycles": 4659018696, "instructions": 3138344692, "cache-references": 605964290, "cache-misses": 2028172, "LLC-loads": 47361625, "LLC-load-misses": 109516, "LLC-store-misses": 58782, "LLC-stores": 11009877, "L1-dcache-load-misses": 100809942, "L1-dcache-loads": 975695959, "L1-dcache-stores": 547682717, "GPU_Util": 0.95, "GPU_Mem": 0.61, "name": "mvit"}], "inference-model-info": 1, "inference-model-sys-info": {"GPU_Util": 0.95, "GPU_Mem": 0.61}, "inference-model-latency": 4.676770000000001, "inference-model-name": "mobilenet_v3_large"}}