{"3363": {"global": [{"cpu-cycles": 14148975346, "instructions": 16781498396, "cache-references": 1261365649, "cache-misses": 26258875, "LLC-loads": 96345178, "LLC-load-misses": 2203901, "LLC-store-misses": 11500676, "LLC-stores": 33339589, "L1-dcache-load-misses": 228984830, "L1-dcache-loads": 5514098789, "L1-dcache-stores": 2715109146, "GPU_Util": 0.99, "GPU_Mem": 0.65}], "model-sons": [{"cpu-cycles": 4632109745, "instructions": 3777799690, "cache-references": 591102347, "cache-misses": 3930914, "LLC-loads": 45760222, "LLC-load-misses": 245085, "LLC-store-misses": 70678, "LLC-stores": 10233438, "L1-dcache-load-misses": 101456773, "L1-dcache-loads": 1198428885, "L1-dcache-stores": 656111844, "GPU_Util": 0.99, "GPU_Mem": 0.76, "name": "googlenet"}, {"cpu-cycles": 4636209179, "instructions": 5444530995, "cache-references": 364091188, "cache-misses": 325295, "LLC-loads": 26208539, "LLC-load-misses": 32723, "LLC-store-misses": 7866, "LLC-stores": 6544777, "L1-dcache-load-misses": 86564457, "L1-dcache-loads": 1848148468, "L1-dcache-stores": 945648854, "GPU_Util": 0.99, "GPU_Mem": 0.76, "name": "squeezenet"}, {"cpu-cycles": 4638620416, "instructions": 7981565589, "cache-references": 41897515, "cache-misses": 592483, "LLC-loads": 2947657, "LLC-load-misses": 60254, "LLC-store-misses": 19179, "LLC-stores": 735095, "L1-dcache-load-misses": 92026990, "L1-dcache-loads": 2711288462, "L1-dcache-stores": 1387766321, "GPU_Util": 0.99, "GPU_Mem": 0.76, "name": "vgg_13"}], "inference-model-info": 1, "inference-model-sys-info": {"GPU_Util": 0.99, "GPU_Mem": 0.76}, "inference-model-latency": 3.43938, "inference-model-name": "squeezenet"}}