{"3378": {"global": [{"cpu-cycles": 14782020236, "instructions": 17071228162, "cache-references": 1250921275, "cache-misses": 31838211, "LLC-loads": 97680159, "LLC-load-misses": 2368878, "LLC-store-misses": 5838663, "LLC-stores": 30203201, "L1-dcache-load-misses": 233347885, "L1-dcache-loads": 5354404729, "L1-dcache-stores": 2746140692, "GPU_Util": 0.96, "GPU_Mem": 0.65}], "model-sons": [{"cpu-cycles": 4647798829, "instructions": 3440774324, "cache-references": 646333680, "cache-misses": 3359061, "LLC-loads": 50710067, "LLC-load-misses": 194795, "LLC-store-misses": 73055, "LLC-stores": 11307783, "L1-dcache-load-misses": 107319849, "L1-dcache-loads": 1046447740, "L1-dcache-stores": 582729961, "GPU_Util": 0.99, "GPU_Mem": 0.76, "name": "googlenet"}, {"cpu-cycles": 4643655653, "instructions": 5707530111, "cache-references": 369870474, "cache-misses": 612562, "LLC-loads": 25831014, "LLC-load-misses": 67496, "LLC-store-misses": 18468, "LLC-stores": 6781126, "L1-dcache-load-misses": 86161913, "L1-dcache-loads": 1905685242, "L1-dcache-stores": 996785350, "GPU_Util": 0.99, "GPU_Mem": 0.76, "name": "squeezenet"}, {"cpu-cycles": 4648863346, "instructions": 7855541288, "cache-references": 39573765, "cache-misses": 285544, "LLC-loads": 2756240, "LLC-load-misses": 16507, "LLC-store-misses": 6036, "LLC-stores": 630119, "L1-dcache-load-misses": 82816890, "L1-dcache-loads": 2707482859, "L1-dcache-stores": 1370797865, "GPU_Util": 0.99, "GPU_Mem": 0.76, "name": "vgg_16"}], "inference-model-info": 1, "inference-model-sys-info": {"GPU_Util": 0.99, "GPU_Mem": 0.76}, "inference-model-latency": 4.4326799999999995, "inference-model-name": "shufflenet"}}