{"3397": {"global": [{"cpu-cycles": 14227130021, "instructions": 12839156470, "cache-references": 1585031335, "cache-misses": 11235844, "LLC-loads": 118107993, "LLC-load-misses": 823320, "LLC-store-misses": 2554397, "LLC-stores": 27692466, "L1-dcache-load-misses": 287034373, "L1-dcache-loads": 4165765501, "L1-dcache-stores": 2167071458, "GPU_Util": 0.99, "GPU_Mem": 0.68}], "model-sons": [{"cpu-cycles": 4636367566, "instructions": 4538505882, "cache-references": 495329864, "cache-misses": 1813774, "LLC-loads": 39513233, "LLC-load-misses": 128519, "LLC-store-misses": 18889, "LLC-stores": 8375993, "L1-dcache-load-misses": 95844559, "L1-dcache-loads": 1496292120, "L1-dcache-stores": 787531852, "GPU_Util": 0.99, "GPU_Mem": 0.68, "name": "googlenet"}, {"cpu-cycles": 4635824057, "instructions": 5129916817, "cache-references": 428665405, "cache-misses": 577512, "LLC-loads": 30615362, "LLC-load-misses": 64329, "LLC-store-misses": 20079, "LLC-stores": 7612335, "L1-dcache-load-misses": 89858395, "L1-dcache-loads": 1689396661, "L1-dcache-stores": 892242332, "GPU_Util": 0.99, "GPU_Mem": 0.68, "name": "squeezenet"}, {"cpu-cycles": 4642947168, "instructions": 3019085909, "cache-references": 647321846, "cache-misses": 1283147, "LLC-loads": 47373511, "LLC-load-misses": 92134, "LLC-store-misses": 14884, "LLC-stores": 11142449, "L1-dcache-load-misses": 100964513, "L1-dcache-loads": 935485656, "L1-dcache-stores": 526109146, "GPU_Util": 0.99, "GPU_Mem": 0.68, "name": "mobilenet_v3_small"}], "inference-model-info": 1, "inference-model-sys-info": {"GPU_Util": 0.99, "GPU_Mem": 0.68}, "inference-model-latency": 2.90063, "inference-model-name": "alexnet"}}