{"3454": {"global": [{"cpu-cycles": 14706365697, "instructions": 17487528507, "cache-references": 1236402259, "cache-misses": 11098962, "LLC-loads": 92415502, "LLC-load-misses": 1309073, "LLC-store-misses": 1037165, "LLC-stores": 23554056, "L1-dcache-load-misses": 214875753, "L1-dcache-loads": 5541537295, "L1-dcache-stores": 2767115717, "GPU_Util": 0.98, "GPU_Mem": 0.71}], "model-sons": [{"cpu-cycles": 4631882610, "instructions": 5147304976, "cache-references": 444353648, "cache-misses": 1015542, "LLC-loads": 35101313, "LLC-load-misses": 84249, "LLC-store-misses": 68255, "LLC-stores": 7982614, "L1-dcache-load-misses": 94742957, "L1-dcache-loads": 1680601056, "L1-dcache-stores": 890943400, "GPU_Util": 0.95, "GPU_Mem": 0.71, "name": "googlenet"}, {"cpu-cycles": 4643061882, "instructions": 5426888087, "cache-references": 381097197, "cache-misses": 656537, "LLC-loads": 26298443, "LLC-load-misses": 51317, "LLC-store-misses": 7529, "LLC-stores": 6569447, "L1-dcache-load-misses": 82466512, "L1-dcache-loads": 1822034848, "L1-dcache-stores": 939440605, "GPU_Util": 0.95, "GPU_Mem": 0.71, "name": "squeezenet"}, {"cpu-cycles": 4632547229, "instructions": 7349894575, "cache-references": 135588000, "cache-misses": 1383896, "LLC-loads": 10641375, "LLC-load-misses": 133211, "LLC-store-misses": 36316, "LLC-stores": 2882603, "L1-dcache-load-misses": 76158014, "L1-dcache-loads": 2456744691, "L1-dcache-stores": 1258023111, "GPU_Util": 0.95, "GPU_Mem": 0.71, "name": "resnext50_32x4d"}], "inference-model-info": 1, "inference-model-sys-info": {"GPU_Util": 0.95, "GPU_Mem": 0.71}, "inference-model-latency": 13.69626, "inference-model-name": "mvit"}}