{"3474": {"global": [{"cpu-cycles": 14684802137, "instructions": 14443230751, "cache-references": 1514414398, "cache-misses": 14908028, "LLC-loads": 112553085, "LLC-load-misses": 1029241, "LLC-store-misses": 336129, "LLC-stores": 26870830, "L1-dcache-load-misses": 289812469, "L1-dcache-loads": 4529052184, "L1-dcache-stores": 2418467064, "GPU_Util": 0.99, "GPU_Mem": 0.69}], "model-sons": [{"cpu-cycles": 4625957347, "instructions": 4774078797, "cache-references": 443911104, "cache-misses": 1442238, "LLC-loads": 33880716, "LLC-load-misses": 101553, "LLC-store-misses": 41434, "LLC-stores": 8006923, "L1-dcache-load-misses": 91351960, "L1-dcache-loads": 1556769309, "L1-dcache-stores": 828405432, "GPU_Util": 0.99, "GPU_Mem": 0.69, "name": "googlenet"}, {"cpu-cycles": 4643805938, "instructions": 5558797242, "cache-references": 372393418, "cache-misses": 791946, "LLC-loads": 26189733, "LLC-load-misses": 58618, "LLC-store-misses": 20082, "LLC-stores": 6273753, "L1-dcache-load-misses": 92500386, "L1-dcache-loads": 1851719701, "L1-dcache-stores": 965123591, "GPU_Util": 0.99, "GPU_Mem": 0.69, "name": "squeezenet"}, {"cpu-cycles": 4654208617, "instructions": 3859109468, "cache-references": 631971276, "cache-misses": 1048098, "LLC-loads": 48643762, "LLC-load-misses": 84354, "LLC-store-misses": 74092, "LLC-stores": 11254698, "L1-dcache-load-misses": 105578459, "L1-dcache-loads": 1212750026, "L1-dcache-stores": 672125367, "GPU_Util": 0.99, "GPU_Mem": 0.69, "name": "mobilenet_v2"}], "inference-model-info": 1, "inference-model-sys-info": {"GPU_Util": 0.99, "GPU_Mem": 0.69}, "inference-model-latency": 8.309350000000002, "inference-model-name": "googlenet"}}