{"3533": {"global": [{"cpu-cycles": 14547202070, "instructions": 15226201121, "cache-references": 1354188380, "cache-misses": 46731890, "LLC-loads": 112952162, "LLC-load-misses": 5177456, "LLC-store-misses": 8984834, "LLC-stores": 35481690, "L1-dcache-load-misses": 330345651, "L1-dcache-loads": 4887522400, "L1-dcache-stores": 2560103054, "GPU_Util": 0.8, "GPU_Mem": 0.76}], "model-sons": [{"cpu-cycles": 4647220174, "instructions": 4417045379, "cache-references": 519947824, "cache-misses": 918231, "LLC-loads": 40818075, "LLC-load-misses": 80022, "LLC-store-misses": 51457, "LLC-stores": 9263829, "L1-dcache-load-misses": 100073771, "L1-dcache-loads": 1411910720, "L1-dcache-stores": 759636429, "GPU_Util": 0.99, "GPU_Mem": 0.76, "name": "googlenet"}, {"cpu-cycles": 4640753228, "instructions": 3261895851, "cache-references": 663687750, "cache-misses": 897730, "LLC-loads": 50631540, "LLC-load-misses": 67472, "LLC-store-misses": 39445, "LLC-stores": 11080942, "L1-dcache-load-misses": 104572577, "L1-dcache-loads": 1011898632, "L1-dcache-stores": 567193683, "GPU_Util": 0.99, "GPU_Mem": 0.76, "name": "shufflenet"}, {"cpu-cycles": 4628913127, "instructions": 8124871493, "cache-references": 46891140, "cache-misses": 609190, "LLC-loads": 3594237, "LLC-load-misses": 52914, "LLC-store-misses": 39267, "LLC-stores": 786165, "L1-dcache-load-misses": 123226938, "L1-dcache-loads": 2791390650, "L1-dcache-stores": 1423163073, "GPU_Util": 0.99, "GPU_Mem": 0.76, "name": "vgg_16"}], "inference-model-info": 1, "inference-model-sys-info": {"GPU_Util": 0.99, "GPU_Mem": 0.76}, "inference-model-latency": 11.310899999999998, "inference-model-name": "vgg_11"}}