{"3566": {"global": [{"cpu-cycles": 14166014550, "instructions": 15280542190, "cache-references": 1300214985, "cache-misses": 7277085, "LLC-loads": 97851273, "LLC-load-misses": 529711, "LLC-store-misses": 3416130, "LLC-stores": 24528095, "L1-dcache-load-misses": 290397465, "L1-dcache-loads": 4989668586, "L1-dcache-stores": 2645651295, "GPU_Util": 0.96, "GPU_Mem": 0.7}], "model-sons": [{"cpu-cycles": 4644708647, "instructions": 4312833639, "cache-references": 542469699, "cache-misses": 1054148, "LLC-loads": 41473993, "LLC-load-misses": 74286, "LLC-store-misses": 34733, "LLC-stores": 9184624, "L1-dcache-load-misses": 98063285, "L1-dcache-loads": 1375793370, "L1-dcache-stores": 735969651, "GPU_Util": 0.99, "GPU_Mem": 0.7, "name": "googlenet"}, {"cpu-cycles": 4626606628, "instructions": 3093519251, "cache-references": 635772675, "cache-misses": 1134270, "LLC-loads": 47298646, "LLC-load-misses": 100227, "LLC-store-misses": 63324, "LLC-stores": 11232417, "L1-dcache-load-misses": 98308890, "L1-dcache-loads": 960838114, "L1-dcache-stores": 539672075, "GPU_Util": 0.99, "GPU_Mem": 0.7, "name": "shufflenet"}, {"cpu-cycles": 4638238078, "instructions": 7640813661, "cache-references": 114191340, "cache-misses": 586420, "LLC-loads": 8384989, "LLC-load-misses": 34213, "LLC-store-misses": 3947, "LLC-stores": 1840430, "L1-dcache-load-misses": 87317831, "L1-dcache-loads": 2623792526, "L1-dcache-stores": 1338093732, "GPU_Util": 0.99, "GPU_Mem": 0.7, "name": "alexnet"}], "inference-model-info": 1, "inference-model-sys-info": {"GPU_Util": 0.99, "GPU_Mem": 0.7}, "inference-model-latency": 12.91664, "inference-model-name": "mvit"}}