{"3573": {"global": [{"cpu-cycles": 14436093748, "instructions": 11380521658, "cache-references": 1705929366, "cache-misses": 10794439, "LLC-loads": 131241244, "LLC-load-misses": 822612, "LLC-store-misses": 6096503, "LLC-stores": 33656566, "L1-dcache-load-misses": 297604821, "L1-dcache-loads": 3684899691, "L1-dcache-stores": 1959982438, "GPU_Util": 0.98, "GPU_Mem": 0.72}], "model-sons": [{"cpu-cycles": 4655204721, "instructions": 4240304939, "cache-references": 538076913, "cache-misses": 1505689, "LLC-loads": 41497681, "LLC-load-misses": 128133, "LLC-store-misses": 38989, "LLC-stores": 9380497, "L1-dcache-load-misses": 99539857, "L1-dcache-loads": 1367474269, "L1-dcache-stores": 731795291, "GPU_Util": 0.99, "GPU_Mem": 0.72, "name": "googlenet"}, {"cpu-cycles": 4658238595, "instructions": 3131341017, "cache-references": 645848200, "cache-misses": 1001158, "LLC-loads": 48459394, "LLC-load-misses": 89229, "LLC-store-misses": 105257, "LLC-stores": 11431512, "L1-dcache-load-misses": 99369097, "L1-dcache-loads": 965079454, "L1-dcache-stores": 544714264, "GPU_Util": 0.99, "GPU_Mem": 0.72, "name": "shufflenet"}, {"cpu-cycles": 4630435257, "instructions": 3926438395, "cache-references": 513393424, "cache-misses": 2917460, "LLC-loads": 40539779, "LLC-load-misses": 159726, "LLC-store-misses": 86049, "LLC-stores": 9002920, "L1-dcache-load-misses": 94384578, "L1-dcache-loads": 1284452865, "L1-dcache-stores": 699101236, "GPU_Util": 0.99, "GPU_Mem": 0.72, "name": "mvit"}], "inference-model-info": 1, "inference-model-sys-info": {"GPU_Util": 0.99, "GPU_Mem": 0.72}, "inference-model-latency": 3.1887700000000008, "inference-model-name": "squeezenet"}}