{"3613": {"global": [{"cpu-cycles": 14390922571, "instructions": 9820226413, "cache-references": 1924824463, "cache-misses": 8690482, "LLC-loads": 146254890, "LLC-load-misses": 528807, "LLC-store-misses": 5373489, "LLC-stores": 39060570, "L1-dcache-load-misses": 308485069, "L1-dcache-loads": 3065782457, "L1-dcache-stores": 1709556785, "GPU_Util": 0.98, "GPU_Mem": 0.68}], "model-sons": [{"cpu-cycles": 4623862862, "instructions": 3276435531, "cache-references": 630940978, "cache-misses": 1610738, "LLC-loads": 47947681, "LLC-load-misses": 148248, "LLC-store-misses": 77559, "LLC-stores": 11228204, "L1-dcache-load-misses": 101312038, "L1-dcache-loads": 1002025685, "L1-dcache-stores": 556472977, "GPU_Util": 0.98, "GPU_Mem": 0.68, "name": "googlenet"}, {"cpu-cycles": 4627083237, "instructions": 3120603397, "cache-references": 627007476, "cache-misses": 1266234, "LLC-loads": 48230601, "LLC-load-misses": 85181, "LLC-store-misses": 53065, "LLC-stores": 10625949, "L1-dcache-load-misses": 98969167, "L1-dcache-loads": 965883426, "L1-dcache-stores": 540819862, "GPU_Util": 0.98, "GPU_Mem": 0.68, "name": "shufflenet"}, {"cpu-cycles": 4649140043, "instructions": 3152708314, "cache-references": 663028854, "cache-misses": 1472726, "LLC-loads": 50180767, "LLC-load-misses": 109844, "LLC-store-misses": 56426, "LLC-stores": 11297398, "L1-dcache-load-misses": 102541955, "L1-dcache-loads": 976763451, "L1-dcache-stores": 543560832, "GPU_Util": 0.98, "GPU_Mem": 0.68, "name": "mobilenet_v3_large"}], "inference-model-info": 1, "inference-model-sys-info": {"GPU_Util": 0.96, "GPU_Mem": 0.68}, "inference-model-latency": 27.45564, "inference-model-name": "inception_v3"}}