{"3641": {"global": [{"cpu-cycles": 14219175016, "instructions": 19695736097, "cache-references": 771604536, "cache-misses": 79372383, "LLC-loads": 74134036, "LLC-load-misses": 10985090, "LLC-store-misses": 19628583, "LLC-stores": 35982123, "L1-dcache-load-misses": 271323086, "L1-dcache-loads": 6413991179, "L1-dcache-stores": 3393883846, "GPU_Util": 0.57, "GPU_Mem": 0.82}], "model-sons": [{"cpu-cycles": 4617032428, "instructions": 5034729510, "cache-references": 446596699, "cache-misses": 1276094, "LLC-loads": 35302695, "LLC-load-misses": 84140, "LLC-store-misses": 42921, "LLC-stores": 7807037, "L1-dcache-load-misses": 96418069, "L1-dcache-loads": 1646949030, "L1-dcache-stores": 869114880, "GPU_Util": 0.99, "GPU_Mem": 0.82, "name": "googlenet"}, {"cpu-cycles": 4635071267, "instructions": 8114254306, "cache-references": 44389222, "cache-misses": 332155, "LLC-loads": 3225244, "LLC-load-misses": 38653, "LLC-store-misses": 33399, "LLC-stores": 753564, "L1-dcache-load-misses": 57734604, "L1-dcache-loads": 2786170247, "L1-dcache-stores": 1421077248, "GPU_Util": 0.99, "GPU_Mem": 0.82, "name": "vgg_11"}, {"cpu-cycles": 4636476174, "instructions": 8379116694, "cache-references": 45616338, "cache-misses": 499540, "LLC-loads": 3223865, "LLC-load-misses": 35850, "LLC-store-misses": 28891, "LLC-stores": 785305, "L1-dcache-load-misses": 64919189, "L1-dcache-loads": 2881002333, "L1-dcache-stores": 1465261624, "GPU_Util": 0.99, "GPU_Mem": 0.82, "name": "vgg_11"}], "inference-model-info": 1, "inference-model-sys-info": {"GPU_Util": 0.97, "GPU_Mem": 0.82}, "inference-model-latency": 29.671509999999998, "inference-model-name": "inception_v3"}}