{"365": {"global": [{"cpu-cycles": 10043972929, "instructions": 8589036418, "cache-references": 1077120448, "cache-misses": 8999487, "LLC-loads": 82092267, "LLC-load-misses": 479142, "LLC-store-misses": 1948730, "LLC-stores": 23690400, "L1-dcache-load-misses": 210500868, "L1-dcache-loads": 2741297839, "L1-dcache-stores": 1498059913, "GPU_Util": 0.93, "GPU_Mem": 0.57}], "model-sons": [{"cpu-cycles": 4664004703, "instructions": 5075743158, "cache-references": 421320854, "cache-misses": 1234238, "LLC-loads": 32333691, "LLC-load-misses": 106574, "LLC-store-misses": 65499, "LLC-stores": 7935141, "L1-dcache-load-misses": 102593558, "L1-dcache-loads": 1680800330, "L1-dcache-stores": 876823118, "GPU_Util": 0.93, "GPU_Mem": 0.57, "name": "inception_v3"}, {"cpu-cycles": 4666734076, "instructions": 3084923901, "cache-references": 647193404, "cache-misses": 1423710, "LLC-loads": 48695810, "LLC-load-misses": 97033, "LLC-store-misses": 35266, "LLC-stores": 11101828, "L1-dcache-load-misses": 101951306, "L1-dcache-loads": 953151891, "L1-dcache-stores": 534141783, "GPU_Util": 0.93, "GPU_Mem": 0.57, "name": "mobilenet_v3_large"}], "inference-model-info": 1, "inference-model-sys-info": {"GPU_Util": 0.93, "GPU_Mem": 0.57}, "inference-model-latency": 21.29906, "inference-model-name": "inception_v3"}}