{"3686": {"global": [{"cpu-cycles": 14560908010, "instructions": 14628625858, "cache-references": 1342889962, "cache-misses": 46550096, "LLC-loads": 109778041, "LLC-load-misses": 6058838, "LLC-store-misses": 6424180, "LLC-stores": 32590265, "L1-dcache-load-misses": 287159167, "L1-dcache-loads": 4808127469, "L1-dcache-stores": 2508967326, "GPU_Util": 0.99, "GPU_Mem": 0.75}], "model-sons": [{"cpu-cycles": 4645455154, "instructions": 4272146635, "cache-references": 507843332, "cache-misses": 934335, "LLC-loads": 38400176, "LLC-load-misses": 99621, "LLC-store-misses": 73204, "LLC-stores": 9260156, "L1-dcache-load-misses": 97317993, "L1-dcache-loads": 1350145723, "L1-dcache-stores": 726306587, "GPU_Util": 0.99, "GPU_Mem": 0.75, "name": "googlenet"}, {"cpu-cycles": 4644486594, "instructions": 7972865618, "cache-references": 49030445, "cache-misses": 442709, "LLC-loads": 3598455, "LLC-load-misses": 23932, "LLC-store-misses": 10958, "LLC-stores": 819089, "L1-dcache-load-misses": 58954714, "L1-dcache-loads": 2746423247, "L1-dcache-stores": 1396911134, "GPU_Util": 0.99, "GPU_Mem": 0.75, "name": "vgg_11"}, {"cpu-cycles": 4652221649, "instructions": 3179269244, "cache-references": 674971818, "cache-misses": 673509, "LLC-loads": 51693447, "LLC-load-misses": 90645, "LLC-store-misses": 92159, "LLC-stores": 10515271, "L1-dcache-load-misses": 104810760, "L1-dcache-loads": 978067928, "L1-dcache-stores": 549642094, "GPU_Util": 0.99, "GPU_Mem": 0.75, "name": "mobilenet_v3_small"}], "inference-model-info": 1, "inference-model-sys-info": {"GPU_Util": 0.99, "GPU_Mem": 0.75}, "inference-model-latency": 4.270969999999999, "inference-model-name": "shufflenet"}}