{"3709": {"global": [{"cpu-cycles": 14418325930, "instructions": 19782192912, "cache-references": 824201231, "cache-misses": 27691094, "LLC-loads": 65598449, "LLC-load-misses": 2377213, "LLC-store-misses": 11772626, "LLC-stores": 25561135, "L1-dcache-load-misses": 217311456, "L1-dcache-loads": 6615554471, "L1-dcache-stores": 3183852896, "GPU_Util": 0.9, "GPU_Mem": 0.69}], "model-sons": [{"cpu-cycles": 4638795917, "instructions": 4636312208, "cache-references": 466531530, "cache-misses": 1448958, "LLC-loads": 36084016, "LLC-load-misses": 112144, "LLC-store-misses": 35644, "LLC-stores": 8224922, "L1-dcache-load-misses": 94306426, "L1-dcache-loads": 1518204098, "L1-dcache-stores": 804403301, "GPU_Util": 0.99, "GPU_Mem": 0.77, "name": "googlenet"}, {"cpu-cycles": 4656441877, "instructions": 7921951613, "cache-references": 46192534, "cache-misses": 371286, "LLC-loads": 3226372, "LLC-load-misses": 32753, "LLC-store-misses": 10920, "LLC-stores": 799968, "L1-dcache-load-misses": 57162639, "L1-dcache-loads": 2721479944, "L1-dcache-stores": 1387697892, "GPU_Util": 0.99, "GPU_Mem": 0.77, "name": "vgg_11"}, {"cpu-cycles": 4651063566, "instructions": 7533781837, "cache-references": 93016495, "cache-misses": 409400, "LLC-loads": 7119645, "LLC-load-misses": 31484, "LLC-store-misses": 1848, "LLC-stores": 1536967, "L1-dcache-load-misses": 77065925, "L1-dcache-loads": 2627420237, "L1-dcache-stores": 1332343324, "GPU_Util": 0.99, "GPU_Mem": 0.77, "name": "alexnet"}], "inference-model-info": 1, "inference-model-sys-info": {"GPU_Util": 0.99, "GPU_Mem": 0.77}, "inference-model-latency": 5.4676300000000015, "inference-model-name": "mobilenet_v3_large"}}