{"3716": {"global": [{"cpu-cycles": 14740428813, "instructions": 14767115969, "cache-references": 1366937172, "cache-misses": 63611779, "LLC-loads": 110200912, "LLC-load-misses": 5934559, "LLC-store-misses": 14739361, "LLC-stores": 39804122, "L1-dcache-load-misses": 269574518, "L1-dcache-loads": 4742031260, "L1-dcache-stores": 2443992278, "GPU_Util": 0.99, "GPU_Mem": 0.79}], "model-sons": [{"cpu-cycles": 4640244799, "instructions": 4884664281, "cache-references": 447717908, "cache-misses": 1097754, "LLC-loads": 34094165, "LLC-load-misses": 81336, "LLC-store-misses": 66265, "LLC-stores": 7881692, "L1-dcache-load-misses": 93028340, "L1-dcache-loads": 1596566960, "L1-dcache-stores": 847314563, "GPU_Util": 0.99, "GPU_Mem": 0.79, "name": "googlenet"}, {"cpu-cycles": 4662092699, "instructions": 8317731654, "cache-references": 45892771, "cache-misses": 576979, "LLC-loads": 3182512, "LLC-load-misses": 57342, "LLC-store-misses": 12372, "LLC-stores": 761255, "L1-dcache-load-misses": 72698578, "L1-dcache-loads": 2837677408, "L1-dcache-stores": 1441684215, "GPU_Util": 0.99, "GPU_Mem": 0.79, "name": "vgg_11"}, {"cpu-cycles": 4655674339, "instructions": 4875253960, "cache-references": 420995826, "cache-misses": 2035096, "LLC-loads": 33192673, "LLC-load-misses": 127609, "LLC-store-misses": 57896, "LLC-stores": 7647924, "L1-dcache-load-misses": 102428267, "L1-dcache-loads": 1618344518, "L1-dcache-stores": 861267133, "GPU_Util": 0.99, "GPU_Mem": 0.79, "name": "mvit"}], "inference-model-info": 1, "inference-model-sys-info": {"GPU_Util": 0.99, "GPU_Mem": 0.79}, "inference-model-latency": 15.775529999999998, "inference-model-name": "vgg_13"}}