{"3730": {"global": [{"cpu-cycles": 14503795030, "instructions": 15511414813, "cache-references": 1407993272, "cache-misses": 60121088, "LLC-loads": 116630708, "LLC-load-misses": 6492054, "LLC-store-misses": 17036109, "LLC-stores": 48877345, "L1-dcache-load-misses": 294532004, "L1-dcache-loads": 4889646601, "L1-dcache-stores": 2557175400, "GPU_Util": 0.84, "GPU_Mem": 0.76}], "model-sons": [{"cpu-cycles": 4640391690, "instructions": 4991014539, "cache-references": 445444421, "cache-misses": 1343703, "LLC-loads": 35258044, "LLC-load-misses": 89082, "LLC-store-misses": 11228, "LLC-stores": 8141664, "L1-dcache-load-misses": 93399160, "L1-dcache-loads": 1645284545, "L1-dcache-stores": 868688311, "GPU_Util": 0.99, "GPU_Mem": 0.76, "name": "googlenet"}, {"cpu-cycles": 4636326810, "instructions": 8068793336, "cache-references": 44578449, "cache-misses": 487149, "LLC-loads": 3090488, "LLC-load-misses": 38619, "LLC-store-misses": 15436, "LLC-stores": 701175, "L1-dcache-load-misses": 64874949, "L1-dcache-loads": 2773232106, "L1-dcache-stores": 1414091495, "GPU_Util": 0.99, "GPU_Mem": 0.76, "name": "vgg_11"}, {"cpu-cycles": 4631951978, "instructions": 4050753551, "cache-references": 582920750, "cache-misses": 1152955, "LLC-loads": 44293668, "LLC-load-misses": 76765, "LLC-store-misses": 13661, "LLC-stores": 10140455, "L1-dcache-load-misses": 103995282, "L1-dcache-loads": 1307640178, "L1-dcache-stores": 715957152, "GPU_Util": 0.99, "GPU_Mem": 0.76, "name": "mnasnet"}], "inference-model-info": 1, "inference-model-sys-info": {"GPU_Util": 0.99, "GPU_Mem": 0.76}, "inference-model-latency": 15.76649, "inference-model-name": "vgg_13"}}