{"3750": {"global": [{"cpu-cycles": 14462355934, "instructions": 19049344330, "cache-references": 936129274, "cache-misses": 28392026, "LLC-loads": 81184411, "LLC-load-misses": 1965422, "LLC-store-misses": 15172587, "LLC-stores": 34907933, "L1-dcache-load-misses": 246617981, "L1-dcache-loads": 6118162536, "L1-dcache-stores": 3072380428, "GPU_Util": 0.92, "GPU_Mem": 0.7}], "model-sons": [{"cpu-cycles": 4635938733, "instructions": 4921445315, "cache-references": 462693342, "cache-misses": 1088875, "LLC-loads": 36373143, "LLC-load-misses": 94303, "LLC-store-misses": 56333, "LLC-stores": 8391629, "L1-dcache-load-misses": 92825996, "L1-dcache-loads": 1602205319, "L1-dcache-stores": 853131975, "GPU_Util": 0.94, "GPU_Mem": 0.78, "name": "googlenet"}, {"cpu-cycles": 4639596045, "instructions": 8221807703, "cache-references": 45401851, "cache-misses": 577713, "LLC-loads": 3275339, "LLC-load-misses": 42545, "LLC-store-misses": 7063, "LLC-stores": 748401, "L1-dcache-load-misses": 71299824, "L1-dcache-loads": 2830762950, "L1-dcache-stores": 1443571825, "GPU_Util": 0.95, "GPU_Mem": 0.78, "name": "vgg_11"}, {"cpu-cycles": 4646162887, "instructions": 6973927117, "cache-references": 156411866, "cache-misses": 1096129, "LLC-loads": 20923654, "LLC-load-misses": 86141, "LLC-store-misses": 55393, "LLC-stores": 3024187, "L1-dcache-load-misses": 90144354, "L1-dcache-loads": 2331007502, "L1-dcache-stores": 1202181706, "GPU_Util": 0.95, "GPU_Mem": 0.78, "name": "resnext50_32x4d"}], "inference-model-info": 1, "inference-model-sys-info": {"GPU_Util": 0.92, "GPU_Mem": 0.78}, "inference-model-latency": 27.153039999999997, "inference-model-name": "resnext50_32x4d"}}