{"3767": {"global": [{"cpu-cycles": 14397127649, "instructions": 15336975954, "cache-references": 1395013049, "cache-misses": 47202441, "LLC-loads": 116635006, "LLC-load-misses": 4583796, "LLC-store-misses": 16962218, "LLC-stores": 45609727, "L1-dcache-load-misses": 308105378, "L1-dcache-loads": 4752136045, "L1-dcache-stores": 2597119541, "GPU_Util": 0.99, "GPU_Mem": 0.76}], "model-sons": [{"cpu-cycles": 4648595220, "instructions": 5027116723, "cache-references": 461556569, "cache-misses": 828872, "LLC-loads": 41917538, "LLC-load-misses": 89533, "LLC-store-misses": 75079, "LLC-stores": 7840756, "L1-dcache-load-misses": 92873943, "L1-dcache-loads": 1640536013, "L1-dcache-stores": 870449031, "GPU_Util": 0.99, "GPU_Mem": 0.76, "name": "googlenet"}, {"cpu-cycles": 4645989520, "instructions": 7587035696, "cache-references": 64452267, "cache-misses": 403267, "LLC-loads": 13870986, "LLC-load-misses": 34434, "LLC-store-misses": 35210, "LLC-stores": 713426, "L1-dcache-load-misses": 82959518, "L1-dcache-loads": 2610043563, "L1-dcache-stores": 1329899380, "GPU_Util": 0.99, "GPU_Mem": 0.76, "name": "vgg_11"}, {"cpu-cycles": 4633558414, "instructions": 3665999721, "cache-references": 625266573, "cache-misses": 745373, "LLC-loads": 47655263, "LLC-load-misses": 77300, "LLC-store-misses": 66372, "LLC-stores": 11436726, "L1-dcache-load-misses": 104448435, "L1-dcache-loads": 1158926413, "L1-dcache-stores": 636039326, "GPU_Util": 0.99, "GPU_Mem": 0.76, "name": "mobilenet_v2"}], "inference-model-info": 1, "inference-model-sys-info": {"GPU_Util": 0.97, "GPU_Mem": 0.76}, "inference-model-latency": 29.762449999999998, "inference-model-name": "inception_v3"}}