{"3787": {"global": [{"cpu-cycles": 14499679684, "instructions": 19703059310, "cache-references": 748562687, "cache-misses": 78048030, "LLC-loads": 71304291, "LLC-load-misses": 11259854, "LLC-store-misses": 21588620, "LLC-stores": 34664467, "L1-dcache-load-misses": 298597384, "L1-dcache-loads": 6657388497, "L1-dcache-stores": 3409597715, "GPU_Util": 0.51, "GPU_Mem": 0.83}], "model-sons": [{"cpu-cycles": 4640572852, "instructions": 5040310198, "cache-references": 432739559, "cache-misses": 1203149, "LLC-loads": 33875701, "LLC-load-misses": 76041, "LLC-store-misses": 39901, "LLC-stores": 7556825, "L1-dcache-load-misses": 91700005, "L1-dcache-loads": 1648089896, "L1-dcache-stores": 873510455, "GPU_Util": 0.99, "GPU_Mem": 0.83, "name": "googlenet"}, {"cpu-cycles": 4650748399, "instructions": 8396410841, "cache-references": 41052109, "cache-misses": 464498, "LLC-loads": 2945976, "LLC-load-misses": 43096, "LLC-store-misses": 10162, "LLC-stores": 648968, "L1-dcache-load-misses": 100326582, "L1-dcache-loads": 2894966583, "L1-dcache-stores": 1477297050, "GPU_Util": 0.99, "GPU_Mem": 0.83, "name": "vgg_13"}, {"cpu-cycles": 4651593614, "instructions": 8386169001, "cache-references": 40469763, "cache-misses": 487635, "LLC-loads": 2864217, "LLC-load-misses": 35423, "LLC-store-misses": 6667, "LLC-stores": 698555, "L1-dcache-load-misses": 85206943, "L1-dcache-loads": 2883226505, "L1-dcache-stores": 1472463785, "GPU_Util": 0.99, "GPU_Mem": 0.83, "name": "vgg_13"}], "inference-model-info": 1, "inference-model-sys-info": {"GPU_Util": 1.0, "GPU_Mem": 0.83}, "inference-model-latency": 20.70582, "inference-model-name": "vgg_16"}}