{"3846": {"global": [{"cpu-cycles": 14403576319, "instructions": 15783297001, "cache-references": 1333428897, "cache-misses": 57879080, "LLC-loads": 107549261, "LLC-load-misses": 3673432, "LLC-store-misses": 16179684, "LLC-stores": 44878159, "L1-dcache-load-misses": 257354037, "L1-dcache-loads": 4675609005, "L1-dcache-stores": 2477422864, "GPU_Util": 0.86, "GPU_Mem": 0.76}], "model-sons": [{"cpu-cycles": 4634305120, "instructions": 4922348052, "cache-references": 443418137, "cache-misses": 1808285, "LLC-loads": 34861246, "LLC-load-misses": 98876, "LLC-store-misses": 18734, "LLC-stores": 7571197, "L1-dcache-load-misses": 102962280, "L1-dcache-loads": 1639873177, "L1-dcache-stores": 860167941, "GPU_Util": 0.99, "GPU_Mem": 0.8, "name": "googlenet"}, {"cpu-cycles": 4630470179, "instructions": 8301676605, "cache-references": 41978083, "cache-misses": 604299, "LLC-loads": 2934574, "LLC-load-misses": 59325, "LLC-store-misses": 18696, "LLC-stores": 655019, "L1-dcache-load-misses": 88894665, "L1-dcache-loads": 2858367761, "L1-dcache-stores": 1457702914, "GPU_Util": 0.99, "GPU_Mem": 0.8, "name": "vgg_13"}, {"cpu-cycles": 4633918281, "instructions": 4624031543, "cache-references": 426793779, "cache-misses": 2713767, "LLC-loads": 33663499, "LLC-load-misses": 162224, "LLC-store-misses": 77859, "LLC-stores": 7627857, "L1-dcache-load-misses": 89971847, "L1-dcache-loads": 1513319709, "L1-dcache-stores": 808333206, "GPU_Util": 0.99, "GPU_Mem": 0.8, "name": "mvit"}], "inference-model-info": 1, "inference-model-sys-info": {"GPU_Util": 0.99, "GPU_Mem": 0.8}, "inference-model-latency": 13.679670000000003, "inference-model-name": "mvit"}}