{"3868": {"global": [{"cpu-cycles": 14447169826, "instructions": 20152082113, "cache-references": 916498761, "cache-misses": 44751191, "LLC-loads": 74176605, "LLC-load-misses": 3094097, "LLC-store-misses": 7088931, "LLC-stores": 25473365, "L1-dcache-load-misses": 242436531, "L1-dcache-loads": 6523072391, "L1-dcache-stores": 3298532489, "GPU_Util": 0.62, "GPU_Mem": 0.7}], "model-sons": [{"cpu-cycles": 4638174031, "instructions": 4537806687, "cache-references": 477877885, "cache-misses": 1527690, "LLC-loads": 37871859, "LLC-load-misses": 164014, "LLC-store-misses": 56961, "LLC-stores": 8775428, "L1-dcache-load-misses": 100395012, "L1-dcache-loads": 1461667848, "L1-dcache-stores": 782691994, "GPU_Util": 0.92, "GPU_Mem": 0.79, "name": "googlenet"}, {"cpu-cycles": 4644688327, "instructions": 8364868370, "cache-references": 42249816, "cache-misses": 403251, "LLC-loads": 3017910, "LLC-load-misses": 18340, "LLC-store-misses": 2009, "LLC-stores": 689444, "L1-dcache-load-misses": 103519423, "L1-dcache-loads": 2879865259, "L1-dcache-stores": 1466455216, "GPU_Util": 0.95, "GPU_Mem": 0.79, "name": "vgg_13"}, {"cpu-cycles": 4653150996, "instructions": 7264502928, "cache-references": 137993794, "cache-misses": 1104796, "LLC-loads": 11011796, "LLC-load-misses": 147920, "LLC-store-misses": 55452, "LLC-stores": 2871324, "L1-dcache-load-misses": 92730453, "L1-dcache-loads": 2446979659, "L1-dcache-stores": 1253302555, "GPU_Util": 0.95, "GPU_Mem": 0.79, "name": "resnext50_32x4d"}], "inference-model-info": 1, "inference-model-sys-info": {"GPU_Util": 0.95, "GPU_Mem": 0.79}, "inference-model-latency": 4.368320000000001, "inference-model-name": "shufflenet"}}