{"3950": {"global": [{"cpu-cycles": 14304044895, "instructions": 15760500852, "cache-references": 1321761360, "cache-misses": 43052840, "LLC-loads": 104478533, "LLC-load-misses": 2885380, "LLC-store-misses": 11569947, "LLC-stores": 42498778, "L1-dcache-load-misses": 269177151, "L1-dcache-loads": 4776182039, "L1-dcache-stores": 2485504388, "GPU_Util": 0.63, "GPU_Mem": 0.7}], "model-sons": [{"cpu-cycles": 4639239830, "instructions": 4239691423, "cache-references": 546637445, "cache-misses": 3282621, "LLC-loads": 42990887, "LLC-load-misses": 201935, "LLC-store-misses": 75056, "LLC-stores": 9371567, "L1-dcache-load-misses": 99974336, "L1-dcache-loads": 1364954316, "L1-dcache-stores": 738596929, "GPU_Util": 0.99, "GPU_Mem": 0.8, "name": "googlenet"}, {"cpu-cycles": 4634483291, "instructions": 8009160289, "cache-references": 38094453, "cache-misses": 724946, "LLC-loads": 2787753, "LLC-load-misses": 59465, "LLC-store-misses": 10488, "LLC-stores": 617456, "L1-dcache-load-misses": 97070868, "L1-dcache-loads": 2754814463, "L1-dcache-stores": 1401859241, "GPU_Util": 0.99, "GPU_Mem": 0.8, "name": "vgg_16"}, {"cpu-cycles": 4641054125, "instructions": 4653035005, "cache-references": 421222689, "cache-misses": 2300909, "LLC-loads": 33059530, "LLC-load-misses": 161258, "LLC-store-misses": 76546, "LLC-stores": 7834571, "L1-dcache-load-misses": 97464548, "L1-dcache-loads": 1527916644, "L1-dcache-stores": 807533676, "GPU_Util": 0.99, "GPU_Mem": 0.8, "name": "mvit"}], "inference-model-info": 1, "inference-model-sys-info": {"GPU_Util": 0.99, "GPU_Mem": 0.8}, "inference-model-latency": 8.40709, "inference-model-name": "googlenet"}}