{"4003": {"global": [{"cpu-cycles": 14302496389, "instructions": 15200118652, "cache-references": 1355159724, "cache-misses": 47801920, "LLC-loads": 110547403, "LLC-load-misses": 5207521, "LLC-store-misses": 15478383, "LLC-stores": 38526954, "L1-dcache-load-misses": 317621956, "L1-dcache-loads": 4800851177, "L1-dcache-stores": 2526421205, "GPU_Util": 0.86, "GPU_Mem": 0.77}], "model-sons": [{"cpu-cycles": 4645171787, "instructions": 4975827671, "cache-references": 452224682, "cache-misses": 617134, "LLC-loads": 35092170, "LLC-load-misses": 71242, "LLC-store-misses": 58674, "LLC-stores": 8039575, "L1-dcache-load-misses": 97227547, "L1-dcache-loads": 1603758930, "L1-dcache-stores": 853314386, "GPU_Util": 0.99, "GPU_Mem": 0.77, "name": "googlenet"}, {"cpu-cycles": 4648219986, "instructions": 8163430835, "cache-references": 40279114, "cache-misses": 702518, "LLC-loads": 2893202, "LLC-load-misses": 45321, "LLC-store-misses": 9888, "LLC-stores": 675237, "L1-dcache-load-misses": 120880948, "L1-dcache-loads": 2804604816, "L1-dcache-stores": 1424456438, "GPU_Util": 0.99, "GPU_Mem": 0.77, "name": "vgg_16"}, {"cpu-cycles": 4636666693, "instructions": 3224295491, "cache-references": 676708416, "cache-misses": 640896, "LLC-loads": 50830904, "LLC-load-misses": 60721, "LLC-store-misses": 57210, "LLC-stores": 11208887, "L1-dcache-load-misses": 104700331, "L1-dcache-loads": 992315115, "L1-dcache-stores": 554609252, "GPU_Util": 0.99, "GPU_Mem": 0.77, "name": "mobilenet_v3_large"}], "inference-model-info": 1, "inference-model-sys-info": {"GPU_Util": 0.99, "GPU_Mem": 0.77}, "inference-model-latency": 5.44473, "inference-model-name": "mobilenet_v3_large"}}