{"4028": {"global": [{"cpu-cycles": 14318817057, "instructions": 9637663168, "cache-references": 1924219231, "cache-misses": 9523899, "LLC-loads": 144685323, "LLC-load-misses": 806187, "LLC-store-misses": 3443908, "LLC-stores": 35666060, "L1-dcache-load-misses": 309177618, "L1-dcache-loads": 3015383884, "L1-dcache-stores": 1690164566, "GPU_Util": 0.94, "GPU_Mem": 0.68}], "model-sons": [{"cpu-cycles": 4638545253, "instructions": 3319727951, "cache-references": 633969675, "cache-misses": 1920107, "LLC-loads": 48872260, "LLC-load-misses": 133169, "LLC-store-misses": 63655, "LLC-stores": 10911519, "L1-dcache-load-misses": 104043241, "L1-dcache-loads": 1017827560, "L1-dcache-stores": 565889478, "GPU_Util": 0.98, "GPU_Mem": 0.68, "name": "googlenet"}, {"cpu-cycles": 4650469398, "instructions": 2997153914, "cache-references": 648787090, "cache-misses": 1062716, "LLC-loads": 48049310, "LLC-load-misses": 104707, "LLC-store-misses": 100986, "LLC-stores": 10533317, "L1-dcache-load-misses": 97610881, "L1-dcache-loads": 924222106, "L1-dcache-stores": 519868731, "GPU_Util": 0.98, "GPU_Mem": 0.68, "name": "mobilenet_v3_small"}, {"cpu-cycles": 4639557952, "instructions": 3069273831, "cache-references": 637807196, "cache-misses": 2076538, "LLC-loads": 48614145, "LLC-load-misses": 107386, "LLC-store-misses": 59492, "LLC-stores": 11101974, "L1-dcache-load-misses": 101526612, "L1-dcache-loads": 950944456, "L1-dcache-stores": 534702411, "GPU_Util": 0.98, "GPU_Mem": 0.68, "name": "mobilenet_v3_small"}], "inference-model-info": 1, "inference-model-sys-info": {"GPU_Util": 0.98, "GPU_Mem": 0.68}, "inference-model-latency": 12.19704, "inference-model-name": "mvit"}}