{"4037": {"global": [{"cpu-cycles": 14252292829, "instructions": 15031573864, "cache-references": 1318617664, "cache-misses": 4889649, "LLC-loads": 100636352, "LLC-load-misses": 679593, "LLC-store-misses": 9664809, "LLC-stores": 30286883, "L1-dcache-load-misses": 301223943, "L1-dcache-loads": 5010288303, "L1-dcache-stores": 2638430113, "GPU_Util": 0.99, "GPU_Mem": 0.7}], "model-sons": [{"cpu-cycles": 4618244431, "instructions": 4332901322, "cache-references": 508235425, "cache-misses": 1113583, "LLC-loads": 39541592, "LLC-load-misses": 116648, "LLC-store-misses": 69587, "LLC-stores": 9004039, "L1-dcache-load-misses": 100539106, "L1-dcache-loads": 1396937272, "L1-dcache-stores": 745603476, "GPU_Util": 0.99, "GPU_Mem": 0.7, "name": "googlenet"}, {"cpu-cycles": 4636836090, "instructions": 3183653413, "cache-references": 687842664, "cache-misses": 507364, "LLC-loads": 51368416, "LLC-load-misses": 61233, "LLC-store-misses": 102915, "LLC-stores": 11192844, "L1-dcache-load-misses": 103764732, "L1-dcache-loads": 979654770, "L1-dcache-stores": 551097766, "GPU_Util": 0.99, "GPU_Mem": 0.7, "name": "mobilenet_v3_small"}, {"cpu-cycles": 4639372787, "instructions": 7475260799, "cache-references": 109552985, "cache-misses": 448450, "LLC-loads": 8139558, "LLC-load-misses": 22177, "LLC-store-misses": 3244, "LLC-stores": 1732617, "L1-dcache-load-misses": 86560962, "L1-dcache-loads": 2568749969, "L1-dcache-stores": 1309693796, "GPU_Util": 0.99, "GPU_Mem": 0.7, "name": "alexnet"}], "inference-model-info": 1, "inference-model-sys-info": {"GPU_Util": 0.99, "GPU_Mem": 0.7}, "inference-model-latency": 11.651620000000001, "inference-model-name": "vgg_11"}}