{"4056": {"global": [{"cpu-cycles": 14624983388, "instructions": 11572321534, "cache-references": 1681179452, "cache-misses": 7361636, "LLC-loads": 129276037, "LLC-load-misses": 538014, "LLC-store-misses": 4877675, "LLC-stores": 34828659, "L1-dcache-load-misses": 298470337, "L1-dcache-loads": 3725192003, "L1-dcache-stores": 2012856313, "GPU_Util": 0.69, "GPU_Mem": 0.72}], "model-sons": [{"cpu-cycles": 4638592006, "instructions": 4394711307, "cache-references": 512486411, "cache-misses": 1895379, "LLC-loads": 40147164, "LLC-load-misses": 175645, "LLC-store-misses": 98037, "LLC-stores": 9478629, "L1-dcache-load-misses": 97342681, "L1-dcache-loads": 1393959469, "L1-dcache-stores": 754672180, "GPU_Util": 0.99, "GPU_Mem": 0.72, "name": "googlenet"}, {"cpu-cycles": 4632967857, "instructions": 3046745644, "cache-references": 649390631, "cache-misses": 1836812, "LLC-loads": 48801851, "LLC-load-misses": 111976, "LLC-store-misses": 39179, "LLC-stores": 11165076, "L1-dcache-load-misses": 100814227, "L1-dcache-loads": 941616029, "L1-dcache-stores": 529472593, "GPU_Util": 0.98, "GPU_Mem": 0.72, "name": "mobilenet_v3_small"}, {"cpu-cycles": 4641520618, "instructions": 3976469907, "cache-references": 497355198, "cache-misses": 2452244, "LLC-loads": 39110383, "LLC-load-misses": 187358, "LLC-store-misses": 124300, "LLC-stores": 8457165, "L1-dcache-load-misses": 93847795, "L1-dcache-loads": 1273844536, "L1-dcache-stores": 687492516, "GPU_Util": 0.98, "GPU_Mem": 0.72, "name": "mvit"}], "inference-model-info": 1, "inference-model-sys-info": {"GPU_Util": 0.99, "GPU_Mem": 0.72}, "inference-model-latency": 13.12368, "inference-model-name": "mvit"}}