{"4084": {"global": [{"cpu-cycles": 14913572194, "instructions": 14938103829, "cache-references": 1351156391, "cache-misses": 8269346, "LLC-loads": 101966106, "LLC-load-misses": 407392, "LLC-store-misses": 1634378, "LLC-stores": 27509082, "L1-dcache-load-misses": 319074312, "L1-dcache-loads": 4825519849, "L1-dcache-stores": 2576449126, "GPU_Util": 0.94, "GPU_Mem": 0.71}], "model-sons": [{"cpu-cycles": 4639980474, "instructions": 4472242665, "cache-references": 519865426, "cache-misses": 777040, "LLC-loads": 40569385, "LLC-load-misses": 56294, "LLC-store-misses": 41969, "LLC-stores": 9453267, "L1-dcache-load-misses": 101120796, "L1-dcache-loads": 1421237617, "L1-dcache-stores": 766125920, "GPU_Util": 0.93, "GPU_Mem": 0.71, "name": "googlenet"}, {"cpu-cycles": 4646448234, "instructions": 3005812923, "cache-references": 645180017, "cache-misses": 1710415, "LLC-loads": 47338792, "LLC-load-misses": 103804, "LLC-store-misses": 13511, "LLC-stores": 10575601, "L1-dcache-load-misses": 99938905, "L1-dcache-loads": 930861310, "L1-dcache-stores": 522809605, "GPU_Util": 0.93, "GPU_Mem": 0.71, "name": "mobilenet_v3_small"}, {"cpu-cycles": 4640998089, "instructions": 7002235291, "cache-references": 162247747, "cache-misses": 1358557, "LLC-loads": 12460077, "LLC-load-misses": 152023, "LLC-store-misses": 77301, "LLC-stores": 3213283, "L1-dcache-load-misses": 111178558, "L1-dcache-loads": 2347335417, "L1-dcache-stores": 1197053714, "GPU_Util": 0.93, "GPU_Mem": 0.71, "name": "resnext50_32x4d"}], "inference-model-info": 1, "inference-model-sys-info": {"GPU_Util": 0.95, "GPU_Mem": 0.71}, "inference-model-latency": 13.141519999999996, "inference-model-name": "mvit"}}