{"4118": {"global": [{"cpu-cycles": 14340585951, "instructions": 20772012453, "cache-references": 655592846, "cache-misses": 7920729, "LLC-loads": 50084329, "LLC-load-misses": 572861, "LLC-store-misses": 2077986, "LLC-stores": 12303237, "L1-dcache-load-misses": 246359708, "L1-dcache-loads": 7045529911, "L1-dcache-stores": 3629142749, "GPU_Util": 0.68, "GPU_Mem": 0.72}], "model-sons": [{"cpu-cycles": 4647068675, "instructions": 5061361803, "cache-references": 440267136, "cache-misses": 1156637, "LLC-loads": 34293835, "LLC-load-misses": 58331, "LLC-store-misses": 36787, "LLC-stores": 7691201, "L1-dcache-load-misses": 91573346, "L1-dcache-loads": 1662877459, "L1-dcache-stores": 875085741, "GPU_Util": 0.99, "GPU_Mem": 0.72, "name": "googlenet"}, {"cpu-cycles": 4656736101, "instructions": 7691972802, "cache-references": 98645496, "cache-misses": 353005, "LLC-loads": 7159573, "LLC-load-misses": 46701, "LLC-store-misses": 34208, "LLC-stores": 1509222, "L1-dcache-load-misses": 70592248, "L1-dcache-loads": 2638780264, "L1-dcache-stores": 1343517184, "GPU_Util": 0.99, "GPU_Mem": 0.72, "name": "alexnet"}, {"cpu-cycles": 4653404172, "instructions": 7920522530, "cache-references": 97722875, "cache-misses": 682027, "LLC-loads": 7158606, "LLC-load-misses": 35622, "LLC-store-misses": 29335, "LLC-stores": 1613639, "L1-dcache-load-misses": 78214131, "L1-dcache-loads": 2725637705, "L1-dcache-stores": 1388987064, "GPU_Util": 0.99, "GPU_Mem": 0.72, "name": "alexnet"}], "inference-model-info": 1, "inference-model-sys-info": {"GPU_Util": 0.99, "GPU_Mem": 0.72}, "inference-model-latency": 8.344859999999999, "inference-model-name": "googlenet"}}