{"413": {"global": [{"cpu-cycles": 9718438369, "instructions": 7217694781, "cache-references": 1234540456, "cache-misses": 7328275, "LLC-loads": 90662377, "LLC-load-misses": 588158, "LLC-store-misses": 4510702, "LLC-stores": 25824209, "L1-dcache-load-misses": 205172792, "L1-dcache-loads": 2241967754, "L1-dcache-stores": 1233461871, "GPU_Util": 0.99, "GPU_Mem": 0.54}], "model-sons": [{"cpu-cycles": 4651788409, "instructions": 3305673352, "cache-references": 628868136, "cache-misses": 933795, "LLC-loads": 48218483, "LLC-load-misses": 83744, "LLC-store-misses": 34959, "LLC-stores": 11362096, "L1-dcache-load-misses": 104111971, "L1-dcache-loads": 1012396039, "L1-dcache-stores": 560988911, "GPU_Util": 0.99, "GPU_Mem": 0.54, "name": "googlenet"}, {"cpu-cycles": 4651489142, "instructions": 3743016156, "cache-references": 592511845, "cache-misses": 525629, "LLC-loads": 41647406, "LLC-load-misses": 57329, "LLC-store-misses": 10767, "LLC-stores": 10713310, "L1-dcache-load-misses": 96442162, "L1-dcache-loads": 1211129579, "L1-dcache-stores": 644987803, "GPU_Util": 0.99, "GPU_Mem": 0.54, "name": "squeezenet"}], "inference-model-info": 1, "inference-model-sys-info": {"GPU_Util": 0.99, "GPU_Mem": 0.54}, "inference-model-latency": 15.26913, "inference-model-name": "vgg_16"}}