{"4138": {"global": [{"cpu-cycles": 14735949901, "instructions": 16342626106, "cache-references": 1111331919, "cache-misses": 28665100, "LLC-loads": 87634983, "LLC-load-misses": 3402918, "LLC-store-misses": 1628388, "LLC-stores": 20855037, "L1-dcache-load-misses": 268474533, "L1-dcache-loads": 5405361735, "L1-dcache-stores": 2834893570, "GPU_Util": 0.99, "GPU_Mem": 0.74}], "model-sons": [{"cpu-cycles": 4629621503, "instructions": 5094930890, "cache-references": 446356506, "cache-misses": 1862257, "LLC-loads": 34342846, "LLC-load-misses": 125368, "LLC-store-misses": 36497, "LLC-stores": 8110294, "L1-dcache-load-misses": 107518263, "L1-dcache-loads": 1671529129, "L1-dcache-stores": 882659221, "GPU_Util": 0.99, "GPU_Mem": 0.74, "name": "googlenet"}, {"cpu-cycles": 4639059706, "instructions": 7299850658, "cache-references": 95438088, "cache-misses": 469062, "LLC-loads": 7144317, "LLC-load-misses": 40552, "LLC-store-misses": 12527, "LLC-stores": 1651924, "L1-dcache-load-misses": 66745838, "L1-dcache-loads": 2505906647, "L1-dcache-stores": 1277166671, "GPU_Util": 0.99, "GPU_Mem": 0.74, "name": "alexnet"}, {"cpu-cycles": 4650948074, "instructions": 4543050624, "cache-references": 429608377, "cache-misses": 2295231, "LLC-loads": 33532789, "LLC-load-misses": 183292, "LLC-store-misses": 76943, "LLC-stores": 7691992, "L1-dcache-load-misses": 89639715, "L1-dcache-loads": 1501663910, "L1-dcache-stores": 814094340, "GPU_Util": 0.99, "GPU_Mem": 0.74, "name": "mvit"}], "inference-model-info": 1, "inference-model-sys-info": {"GPU_Util": 0.99, "GPU_Mem": 0.74}, "inference-model-latency": 4.042199999999999, "inference-model-name": "mobilenet_v3_small"}}