{"4151": {"global": [{"cpu-cycles": 14433544472, "instructions": 16230309297, "cache-references": 1163024183, "cache-misses": 7383270, "LLC-loads": 88653906, "LLC-load-misses": 652091, "LLC-store-misses": 2781068, "LLC-stores": 25654490, "L1-dcache-load-misses": 298614001, "L1-dcache-loads": 5432053711, "L1-dcache-stores": 2858804820, "GPU_Util": 0.74, "GPU_Mem": 0.71}], "model-sons": [{"cpu-cycles": 4646331575, "instructions": 4943292847, "cache-references": 443443706, "cache-misses": 892000, "LLC-loads": 34444525, "LLC-load-misses": 64945, "LLC-store-misses": 28107, "LLC-stores": 7798650, "L1-dcache-load-misses": 91115658, "L1-dcache-loads": 1616235318, "L1-dcache-stores": 850614833, "GPU_Util": 0.99, "GPU_Mem": 0.71, "name": "googlenet"}, {"cpu-cycles": 4664584058, "instructions": 7503753208, "cache-references": 99548854, "cache-misses": 499369, "LLC-loads": 7179239, "LLC-load-misses": 35672, "LLC-store-misses": 10012, "LLC-stores": 1613575, "L1-dcache-load-misses": 95593781, "L1-dcache-loads": 2566879949, "L1-dcache-stores": 1309129465, "GPU_Util": 0.99, "GPU_Mem": 0.71, "name": "alexnet"}, {"cpu-cycles": 4653040052, "instructions": 3707603317, "cache-references": 599165237, "cache-misses": 1221067, "LLC-loads": 45413335, "LLC-load-misses": 102933, "LLC-store-misses": 36483, "LLC-stores": 10382438, "L1-dcache-load-misses": 101238948, "L1-dcache-loads": 1175715578, "L1-dcache-stores": 640177856, "GPU_Util": 0.99, "GPU_Mem": 0.71, "name": "mnasnet"}], "inference-model-info": 1, "inference-model-sys-info": {"GPU_Util": 0.99, "GPU_Mem": 0.71}, "inference-model-latency": 20.376279999999998, "inference-model-name": "vgg_16"}}