{"4166": {"global": [{"cpu-cycles": 14388998243, "instructions": 19853974919, "cache-references": 728748706, "cache-misses": 9286574, "LLC-loads": 55054301, "LLC-load-misses": 605459, "LLC-store-misses": 2995126, "LLC-stores": 16623339, "L1-dcache-load-misses": 269071199, "L1-dcache-loads": 6659329923, "L1-dcache-stores": 3464092372, "GPU_Util": 0.96, "GPU_Mem": 0.73}], "model-sons": [{"cpu-cycles": 4642859955, "instructions": 4796528359, "cache-references": 452607179, "cache-misses": 1206332, "LLC-loads": 34441893, "LLC-load-misses": 101403, "LLC-store-misses": 65401, "LLC-stores": 8029911, "L1-dcache-load-misses": 93072912, "L1-dcache-loads": 1568326350, "L1-dcache-stores": 828390894, "GPU_Util": 0.94, "GPU_Mem": 0.73, "name": "googlenet"}, {"cpu-cycles": 4633105409, "instructions": 7810376740, "cache-references": 96766821, "cache-misses": 499101, "LLC-loads": 7217782, "LLC-load-misses": 33637, "LLC-store-misses": 34726, "LLC-stores": 1707506, "L1-dcache-load-misses": 69788065, "L1-dcache-loads": 2682890343, "L1-dcache-stores": 1373370121, "GPU_Util": 0.94, "GPU_Mem": 0.73, "name": "alexnet"}, {"cpu-cycles": 4640227493, "instructions": 7277944850, "cache-references": 136448464, "cache-misses": 1437476, "LLC-loads": 10498883, "LLC-load-misses": 124561, "LLC-store-misses": 84746, "LLC-stores": 2896210, "L1-dcache-load-misses": 100429336, "L1-dcache-loads": 2451376630, "L1-dcache-stores": 1257472504, "GPU_Util": 0.94, "GPU_Mem": 0.73, "name": "resnext50_32x4d"}], "inference-model-info": 1, "inference-model-sys-info": {"GPU_Util": 0.95, "GPU_Mem": 0.73}, "inference-model-latency": 3.8451900000000006, "inference-model-name": "mobilenet_v3_small"}}