{"4210": {"global": [{"cpu-cycles": 14387217518, "instructions": 14831252792, "cache-references": 1320253852, "cache-misses": 13713367, "LLC-loads": 103553787, "LLC-load-misses": 1126506, "LLC-store-misses": 2926109, "LLC-stores": 28979196, "L1-dcache-load-misses": 297488659, "L1-dcache-loads": 4900938124, "L1-dcache-stores": 2581866463, "GPU_Util": 0.99, "GPU_Mem": 0.76}], "model-sons": [{"cpu-cycles": 4649975827, "instructions": 5120162338, "cache-references": 439497596, "cache-misses": 1908296, "LLC-loads": 34162531, "LLC-load-misses": 146616, "LLC-store-misses": 75494, "LLC-stores": 7714167, "L1-dcache-load-misses": 89802382, "L1-dcache-loads": 1665089722, "L1-dcache-stores": 887127918, "GPU_Util": 0.99, "GPU_Mem": 0.76, "name": "googlenet"}, {"cpu-cycles": 4650836471, "instructions": 4765107926, "cache-references": 420548007, "cache-misses": 3327778, "LLC-loads": 33310555, "LLC-load-misses": 214565, "LLC-store-misses": 100657, "LLC-stores": 7255539, "L1-dcache-load-misses": 104316588, "L1-dcache-loads": 1572610722, "L1-dcache-stores": 844577045, "GPU_Util": 0.99, "GPU_Mem": 0.76, "name": "mvit"}, {"cpu-cycles": 4643226882, "instructions": 4811273917, "cache-references": 437559778, "cache-misses": 2688146, "LLC-loads": 33912016, "LLC-load-misses": 226023, "LLC-store-misses": 117215, "LLC-stores": 7593704, "L1-dcache-load-misses": 96697213, "L1-dcache-loads": 1614378558, "L1-dcache-stores": 851587151, "GPU_Util": 0.99, "GPU_Mem": 0.76, "name": "mvit"}], "inference-model-info": 1, "inference-model-sys-info": {"GPU_Util": 0.99, "GPU_Mem": 0.76}, "inference-model-latency": 13.60669, "inference-model-name": "mvit"}}