{"4265": {"global": [{"cpu-cycles": 14422604187, "instructions": 13264988321, "cache-references": 1526300148, "cache-misses": 10075374, "LLC-loads": 117585044, "LLC-load-misses": 864433, "LLC-store-misses": 8012457, "LLC-stores": 33680851, "L1-dcache-load-misses": 293285456, "L1-dcache-loads": 4310898151, "L1-dcache-stores": 2318596898, "GPU_Util": 0.99, "GPU_Mem": 0.73}], "model-sons": [{"cpu-cycles": 4637019164, "instructions": 5140361600, "cache-references": 435827835, "cache-misses": 1559251, "LLC-loads": 33953762, "LLC-load-misses": 132234, "LLC-store-misses": 114557, "LLC-stores": 7978265, "L1-dcache-load-misses": 91742221, "L1-dcache-loads": 1662558860, "L1-dcache-stores": 882950017, "GPU_Util": 0.99, "GPU_Mem": 0.73, "name": "googlenet"}, {"cpu-cycles": 4648294457, "instructions": 4436319985, "cache-references": 432709098, "cache-misses": 2739218, "LLC-loads": 33367972, "LLC-load-misses": 174494, "LLC-store-misses": 81820, "LLC-stores": 7725579, "L1-dcache-load-misses": 88722508, "L1-dcache-loads": 1472338201, "L1-dcache-stores": 781110425, "GPU_Util": 0.99, "GPU_Mem": 0.73, "name": "mvit"}, {"cpu-cycles": 4640568773, "instructions": 3631451704, "cache-references": 631651103, "cache-misses": 1371556, "LLC-loads": 48655637, "LLC-load-misses": 115709, "LLC-store-misses": 64611, "LLC-stores": 11107722, "L1-dcache-load-misses": 104785699, "L1-dcache-loads": 1122721075, "L1-dcache-stores": 624520243, "GPU_Util": 0.99, "GPU_Mem": 0.73, "name": "mobilenet_v2"}], "inference-model-info": 1, "inference-model-sys-info": {"GPU_Util": 0.99, "GPU_Mem": 0.73}, "inference-model-latency": 3.0032399999999995, "inference-model-name": "alexnet"}}