{"4279": {"global": [{"cpu-cycles": 14537346497, "instructions": 13428025018, "cache-references": 1673233925, "cache-misses": 15943377, "LLC-loads": 128352485, "LLC-load-misses": 1018480, "LLC-store-misses": 207725, "LLC-stores": 29555419, "L1-dcache-load-misses": 307553384, "L1-dcache-loads": 4110069469, "L1-dcache-stores": 2240780657, "GPU_Util": 0.94, "GPU_Mem": 0.69}], "model-sons": [{"cpu-cycles": 4643532823, "instructions": 5005665624, "cache-references": 452926986, "cache-misses": 1424172, "LLC-loads": 35162023, "LLC-load-misses": 99552, "LLC-store-misses": 42716, "LLC-stores": 7892345, "L1-dcache-load-misses": 100709801, "L1-dcache-loads": 1640555966, "L1-dcache-stores": 863118512, "GPU_Util": 0.98, "GPU_Mem": 0.69, "name": "googlenet"}, {"cpu-cycles": 4642469583, "instructions": 3917643119, "cache-references": 609317971, "cache-misses": 1176676, "LLC-loads": 45806727, "LLC-load-misses": 91190, "LLC-store-misses": 37023, "LLC-stores": 10255770, "L1-dcache-load-misses": 100980610, "L1-dcache-loads": 1239385039, "L1-dcache-stores": 679252448, "GPU_Util": 0.99, "GPU_Mem": 0.69, "name": "mnasnet"}, {"cpu-cycles": 4649857915, "instructions": 3967212114, "cache-references": 590639923, "cache-misses": 1113762, "LLC-loads": 45597168, "LLC-load-misses": 77250, "LLC-store-misses": 72408, "LLC-stores": 10535535, "L1-dcache-load-misses": 104105417, "L1-dcache-loads": 1265633861, "L1-dcache-stores": 691044617, "GPU_Util": 0.99, "GPU_Mem": 0.69, "name": "mnasnet"}], "inference-model-info": 1, "inference-model-sys-info": {"GPU_Util": 0.99, "GPU_Mem": 0.69}, "inference-model-latency": 3.00217, "inference-model-name": "alexnet"}}