{"4312": {"global": [{"cpu-cycles": 14296687482, "instructions": 11694818943, "cache-references": 1759765437, "cache-misses": 11471589, "LLC-loads": 132917387, "LLC-load-misses": 780557, "LLC-store-misses": 3412325, "LLC-stores": 33010794, "L1-dcache-load-misses": 301421933, "L1-dcache-loads": 3654872117, "L1-dcache-stores": 2001134392, "GPU_Util": 0.98, "GPU_Mem": 0.69}], "model-sons": [{"cpu-cycles": 4639089652, "instructions": 4906771953, "cache-references": 475509811, "cache-misses": 1578652, "LLC-loads": 35796940, "LLC-load-misses": 93352, "LLC-store-misses": 29368, "LLC-stores": 8564591, "L1-dcache-load-misses": 95810206, "L1-dcache-loads": 1598607114, "L1-dcache-stores": 846479557, "GPU_Util": 0.98, "GPU_Mem": 0.69, "name": "googlenet"}, {"cpu-cycles": 4648131887, "instructions": 3542408115, "cache-references": 620701569, "cache-misses": 1219115, "LLC-loads": 47344390, "LLC-load-misses": 127395, "LLC-store-misses": 62944, "LLC-stores": 10967797, "L1-dcache-load-misses": 102154639, "L1-dcache-loads": 1098256690, "L1-dcache-stores": 615025861, "GPU_Util": 0.98, "GPU_Mem": 0.69, "name": "mnasnet"}, {"cpu-cycles": 4638680294, "instructions": 3076579154, "cache-references": 650168966, "cache-misses": 1115405, "LLC-loads": 49214970, "LLC-load-misses": 60893, "LLC-store-misses": 41836, "LLC-stores": 11001523, "L1-dcache-load-misses": 99762839, "L1-dcache-loads": 953639870, "L1-dcache-stores": 530155818, "GPU_Util": 0.98, "GPU_Mem": 0.69, "name": "mobilenet_v3_large"}], "inference-model-info": 1, "inference-model-sys-info": {"GPU_Util": 0.99, "GPU_Mem": 0.69}, "inference-model-latency": 4.445310000000001, "inference-model-name": "mobilenet_v2"}}