{"4340": {"global": [{"cpu-cycles": 14808474732, "instructions": 19856922516, "cache-references": 816865883, "cache-misses": 13516396, "LLC-loads": 62950903, "LLC-load-misses": 1148632, "LLC-store-misses": 3520875, "LLC-stores": 18675319, "L1-dcache-load-misses": 259435173, "L1-dcache-loads": 6501564459, "L1-dcache-stores": 3336493182, "GPU_Util": 0.91, "GPU_Mem": 0.74}], "model-sons": [{"cpu-cycles": 4624522760, "instructions": 5014351203, "cache-references": 447678534, "cache-misses": 1567537, "LLC-loads": 34184872, "LLC-load-misses": 97441, "LLC-store-misses": 26677, "LLC-stores": 7773380, "L1-dcache-load-misses": 91191419, "L1-dcache-loads": 1635294505, "L1-dcache-stores": 862546499, "GPU_Util": 0.9, "GPU_Mem": 0.74, "name": "googlenet"}, {"cpu-cycles": 4649333903, "instructions": 7280167005, "cache-references": 141611446, "cache-misses": 1406762, "LLC-loads": 10780668, "LLC-load-misses": 104193, "LLC-store-misses": 62462, "LLC-stores": 2813314, "L1-dcache-load-misses": 89509810, "L1-dcache-loads": 2445346638, "L1-dcache-stores": 1249726472, "GPU_Util": 0.9, "GPU_Mem": 0.74, "name": "resnext50_32x4d"}, {"cpu-cycles": 4634233641, "instructions": 7321300196, "cache-references": 137653908, "cache-misses": 1650440, "LLC-loads": 10735255, "LLC-load-misses": 138897, "LLC-store-misses": 58125, "LLC-stores": 2745378, "L1-dcache-load-misses": 93102045, "L1-dcache-loads": 2457206064, "L1-dcache-stores": 1253181773, "GPU_Util": 0.9, "GPU_Mem": 0.74, "name": "resnext50_32x4d"}], "inference-model-info": 1, "inference-model-sys-info": {"GPU_Util": 0.91, "GPU_Mem": 0.74}, "inference-model-latency": 4.449190000000001, "inference-model-name": "mobilenet_v2"}}