{"437": {"global": [{"cpu-cycles": 9898642576, "instructions": 10949079329, "cache-references": 750998555, "cache-misses": 21672279, "LLC-loads": 62266481, "LLC-load-misses": 3293550, "LLC-store-misses": 4587827, "LLC-stores": 20956181, "L1-dcache-load-misses": 188682442, "L1-dcache-loads": 3657217912, "L1-dcache-stores": 1941085050, "GPU_Util": 0.74, "GPU_Mem": 0.61}], "model-sons": [{"cpu-cycles": 4654392843, "instructions": 3342237832, "cache-references": 635054475, "cache-misses": 1370300, "LLC-loads": 48491255, "LLC-load-misses": 89101, "LLC-store-misses": 18175, "LLC-stores": 11452042, "L1-dcache-load-misses": 103903630, "L1-dcache-loads": 1021995366, "L1-dcache-stores": 568911974, "GPU_Util": 0.99, "GPU_Mem": 0.61, "name": "googlenet"}, {"cpu-cycles": 4658030768, "instructions": 7686686697, "cache-references": 70276746, "cache-misses": 307678, "LLC-loads": 5019813, "LLC-load-misses": 34103, "LLC-store-misses": 12426, "LLC-stores": 1182741, "L1-dcache-load-misses": 69738761, "L1-dcache-loads": 2647827904, "L1-dcache-stores": 1351360260, "GPU_Util": 0.99, "GPU_Mem": 0.61, "name": "vgg_11"}], "inference-model-info": 1, "inference-model-sys-info": {"GPU_Util": 0.99, "GPU_Mem": 0.61}, "inference-model-latency": 2.5530399999999998, "inference-model-name": "squeezenet"}}