{"4379": {"global": [{"cpu-cycles": 14543991721, "instructions": 11429308498, "cache-references": 1854878732, "cache-misses": 11692866, "LLC-loads": 137858679, "LLC-load-misses": 670569, "LLC-store-misses": 930355, "LLC-stores": 32569382, "L1-dcache-load-misses": 310224678, "L1-dcache-loads": 3523470951, "L1-dcache-stores": 1977151449, "GPU_Util": 0.93, "GPU_Mem": 0.69}], "model-sons": [{"cpu-cycles": 4617518156, "instructions": 4515775459, "cache-references": 503190276, "cache-misses": 2113973, "LLC-loads": 38690654, "LLC-load-misses": 119416, "LLC-store-misses": 28963, "LLC-stores": 8777079, "L1-dcache-load-misses": 96814650, "L1-dcache-loads": 1520885146, "L1-dcache-stores": 781126072, "GPU_Util": 0.98, "GPU_Mem": 0.69, "name": "googlenet"}, {"cpu-cycles": 4633759520, "instructions": 3124586755, "cache-references": 658667484, "cache-misses": 1603277, "LLC-loads": 49443762, "LLC-load-misses": 139461, "LLC-store-misses": 57193, "LLC-stores": 11165808, "L1-dcache-load-misses": 102629479, "L1-dcache-loads": 961228676, "L1-dcache-stores": 536030964, "GPU_Util": 0.98, "GPU_Mem": 0.69, "name": "mobilenet_v3_large"}, {"cpu-cycles": 4625483574, "instructions": 3247643386, "cache-references": 685301392, "cache-misses": 1420194, "LLC-loads": 51584702, "LLC-load-misses": 74955, "LLC-store-misses": 39068, "LLC-stores": 11365865, "L1-dcache-load-misses": 107141722, "L1-dcache-loads": 1005616309, "L1-dcache-stores": 561525820, "GPU_Util": 0.98, "GPU_Mem": 0.69, "name": "mobilenet_v3_large"}], "inference-model-info": 1, "inference-model-sys-info": {"GPU_Util": 0.98, "GPU_Mem": 0.69}, "inference-model-latency": 4.507829999999999, "inference-model-name": "mnasnet"}}