{"4405": {"global": [{"cpu-cycles": 14734203538, "instructions": 12240585797, "cache-references": 1754268925, "cache-misses": 10382914, "LLC-loads": 133289613, "LLC-load-misses": 454058, "LLC-store-misses": 523646, "LLC-stores": 33318124, "L1-dcache-load-misses": 306700019, "L1-dcache-loads": 3812354020, "L1-dcache-stores": 2120427895, "GPU_Util": 0.99, "GPU_Mem": 0.7}], "model-sons": [{"cpu-cycles": 4646744735, "instructions": 5004817038, "cache-references": 454471911, "cache-misses": 988368, "LLC-loads": 35437362, "LLC-load-misses": 51158, "LLC-store-misses": 12725, "LLC-stores": 7589282, "L1-dcache-load-misses": 94610891, "L1-dcache-loads": 1654548304, "L1-dcache-stores": 860520779, "GPU_Util": 0.99, "GPU_Mem": 0.7, "name": "googlenet"}, {"cpu-cycles": 4642884716, "instructions": 3533443951, "cache-references": 637462237, "cache-misses": 834840, "LLC-loads": 49130910, "LLC-load-misses": 121016, "LLC-store-misses": 72404, "LLC-stores": 11615626, "L1-dcache-load-misses": 104553237, "L1-dcache-loads": 1105999247, "L1-dcache-stores": 614292881, "GPU_Util": 0.99, "GPU_Mem": 0.7, "name": "mobilenet_v2"}, {"cpu-cycles": 4628596221, "instructions": 3240879743, "cache-references": 643996168, "cache-misses": 1223321, "LLC-loads": 47782741, "LLC-load-misses": 66218, "LLC-store-misses": 17544, "LLC-stores": 11841362, "L1-dcache-load-misses": 100835798, "L1-dcache-loads": 1004085693, "L1-dcache-stores": 560936991, "GPU_Util": 0.99, "GPU_Mem": 0.7, "name": "mobilenet_v2"}], "inference-model-info": 1, "inference-model-sys-info": {"GPU_Util": 0.99, "GPU_Mem": 0.7}, "inference-model-latency": 2.932010000000001, "inference-model-name": "alexnet"}}