{"4413": {"global": [{"cpu-cycles": 14458283719, "instructions": 17258624133, "cache-references": 1119545296, "cache-misses": 5707071, "LLC-loads": 79686519, "LLC-load-misses": 381968, "LLC-store-misses": 747387, "LLC-stores": 21144425, "L1-dcache-load-misses": 262110575, "L1-dcache-loads": 5726352071, "L1-dcache-stores": 3010919993, "GPU_Util": 0.79, "GPU_Mem": 0.68}], "model-sons": [{"cpu-cycles": 4650402731, "instructions": 5709527189, "cache-references": 357539817, "cache-misses": 376892, "LLC-loads": 25907745, "LLC-load-misses": 48932, "LLC-store-misses": 46376, "LLC-stores": 6626047, "L1-dcache-load-misses": 87047045, "L1-dcache-loads": 1893796238, "L1-dcache-stores": 988262933, "GPU_Util": 0.99, "GPU_Mem": 0.68, "name": "squeezenet"}, {"cpu-cycles": 4632104465, "instructions": 5626104701, "cache-references": 368074069, "cache-misses": 761333, "LLC-loads": 26116017, "LLC-load-misses": 63340, "LLC-store-misses": 40041, "LLC-stores": 6667164, "L1-dcache-load-misses": 86228616, "L1-dcache-loads": 1878024669, "L1-dcache-stores": 982228685, "GPU_Util": 0.99, "GPU_Mem": 0.68, "name": "squeezenet"}, {"cpu-cycles": 4645129628, "instructions": 5656085270, "cache-references": 373542418, "cache-misses": 437097, "LLC-loads": 26705913, "LLC-load-misses": 52389, "LLC-store-misses": 18343, "LLC-stores": 6518141, "L1-dcache-load-misses": 81470733, "L1-dcache-loads": 1883159122, "L1-dcache-stores": 978847939, "GPU_Util": 0.99, "GPU_Mem": 0.68, "name": "squeezenet"}], "inference-model-info": 1, "inference-model-sys-info": {"GPU_Util": 0.99, "GPU_Mem": 0.68}, "inference-model-latency": 3.4185700000000003, "inference-model-name": "squeezenet"}}