{"4434": {"global": [{"cpu-cycles": 14556354916, "instructions": 16609051680, "cache-references": 1240704996, "cache-misses": 10242130, "LLC-loads": 87521269, "LLC-load-misses": 606035, "LLC-store-misses": 407069, "LLC-stores": 23133107, "L1-dcache-load-misses": 218283436, "L1-dcache-loads": 5446625572, "L1-dcache-stores": 2719018895, "GPU_Util": 0.99, "GPU_Mem": 0.67}], "model-sons": [{"cpu-cycles": 4648146109, "instructions": 4919476734, "cache-references": 447037133, "cache-misses": 514629, "LLC-loads": 30798076, "LLC-load-misses": 40031, "LLC-store-misses": 7835, "LLC-stores": 7747454, "L1-dcache-load-misses": 88725319, "L1-dcache-loads": 1633680407, "L1-dcache-stores": 854697022, "GPU_Util": 0.99, "GPU_Mem": 0.67, "name": "squeezenet"}, {"cpu-cycles": 4660959065, "instructions": 4899576920, "cache-references": 435045784, "cache-misses": 606750, "LLC-loads": 30648711, "LLC-load-misses": 60007, "LLC-store-misses": 18186, "LLC-stores": 7675118, "L1-dcache-load-misses": 89232325, "L1-dcache-loads": 1623783334, "L1-dcache-stores": 851524942, "GPU_Util": 0.99, "GPU_Mem": 0.67, "name": "squeezenet"}, {"cpu-cycles": 4639688348, "instructions": 3192868858, "cache-references": 652582951, "cache-misses": 1297051, "LLC-loads": 49764035, "LLC-load-misses": 79834, "LLC-store-misses": 27761, "LLC-stores": 11056472, "L1-dcache-load-misses": 103159578, "L1-dcache-loads": 991618392, "L1-dcache-stores": 558148782, "GPU_Util": 0.99, "GPU_Mem": 0.67, "name": "shufflenet"}], "inference-model-info": 1, "inference-model-sys-info": {"GPU_Util": 0.99, "GPU_Mem": 0.67}, "inference-model-latency": 12.82927, "inference-model-name": "mvit"}}