{"4440": {"global": [{"cpu-cycles": 14204039393, "instructions": 17728960283, "cache-references": 1139003252, "cache-misses": 15315905, "LLC-loads": 81284924, "LLC-load-misses": 1232821, "LLC-store-misses": 9502581, "LLC-stores": 32652546, "L1-dcache-load-misses": 221766144, "L1-dcache-loads": 5810130170, "L1-dcache-stores": 2927402409, "GPU_Util": 0.81, "GPU_Mem": 0.63}], "model-sons": [{"cpu-cycles": 4625191971, "instructions": 4076877680, "cache-references": 548450078, "cache-misses": 1519299, "LLC-loads": 38359858, "LLC-load-misses": 113202, "LLC-store-misses": 29976, "LLC-stores": 9922726, "L1-dcache-load-misses": 94077129, "L1-dcache-loads": 1332190961, "L1-dcache-stores": 702664672, "GPU_Util": 0.99, "GPU_Mem": 0.66, "name": "squeezenet"}, {"cpu-cycles": 4629920165, "instructions": 5249792487, "cache-references": 423113417, "cache-misses": 1158609, "LLC-loads": 30270429, "LLC-load-misses": 85495, "LLC-store-misses": 18164, "LLC-stores": 7912459, "L1-dcache-load-misses": 87360596, "L1-dcache-loads": 1733852079, "L1-dcache-stores": 911837085, "GPU_Util": 0.99, "GPU_Mem": 0.75, "name": "squeezenet"}, {"cpu-cycles": 4640760769, "instructions": 8157599521, "cache-references": 43686803, "cache-misses": 383556, "LLC-loads": 3090594, "LLC-load-misses": 33788, "LLC-store-misses": 8925, "LLC-stores": 690651, "L1-dcache-load-misses": 59231117, "L1-dcache-loads": 2808016206, "L1-dcache-stores": 1430896545, "GPU_Util": 0.99, "GPU_Mem": 0.75, "name": "vgg_11"}], "inference-model-info": 1, "inference-model-sys-info": {"GPU_Util": 0.99, "GPU_Mem": 0.75}, "inference-model-latency": 8.41731, "inference-model-name": "googlenet"}}