{"4466": {"global": [{"cpu-cycles": 14474945615, "instructions": 18757399258, "cache-references": 1151923380, "cache-misses": 23288086, "LLC-loads": 81674980, "LLC-load-misses": 1456055, "LLC-store-misses": 9544104, "LLC-stores": 33626552, "L1-dcache-load-misses": 237555734, "L1-dcache-loads": 6211536486, "L1-dcache-stores": 3110569274, "GPU_Util": 0.99, "GPU_Mem": 0.64}], "model-sons": [{"cpu-cycles": 4640258251, "instructions": 4271590318, "cache-references": 553292967, "cache-misses": 1675901, "LLC-loads": 38755056, "LLC-load-misses": 92375, "LLC-store-misses": 22508, "LLC-stores": 9666220, "L1-dcache-load-misses": 99780529, "L1-dcache-loads": 1385777522, "L1-dcache-stores": 735609912, "GPU_Util": 0.99, "GPU_Mem": 0.66, "name": "squeezenet"}, {"cpu-cycles": 4656337926, "instructions": 5122922048, "cache-references": 441797906, "cache-misses": 1197587, "LLC-loads": 30940462, "LLC-load-misses": 86156, "LLC-store-misses": 19763, "LLC-stores": 7817241, "L1-dcache-load-misses": 86494330, "L1-dcache-loads": 1704475040, "L1-dcache-stores": 886676628, "GPU_Util": 0.99, "GPU_Mem": 0.75, "name": "squeezenet"}, {"cpu-cycles": 4644072232, "instructions": 8209824968, "cache-references": 40844089, "cache-misses": 418452, "LLC-loads": 2962952, "LLC-load-misses": 28026, "LLC-store-misses": 4000, "LLC-stores": 660740, "L1-dcache-load-misses": 91578576, "L1-dcache-loads": 2835882705, "L1-dcache-stores": 1443622191, "GPU_Util": 0.99, "GPU_Mem": 0.75, "name": "vgg_13"}], "inference-model-info": 1, "inference-model-sys-info": {"GPU_Util": 0.99, "GPU_Mem": 0.75}, "inference-model-latency": 4.526660000000001, "inference-model-name": "mobilenet_v2"}}