{"4471": {"global": [{"cpu-cycles": 14411209336, "instructions": 17772120260, "cache-references": 1168087942, "cache-misses": 29667518, "LLC-loads": 84558206, "LLC-load-misses": 2182473, "LLC-store-misses": 12830278, "LLC-stores": 40332433, "L1-dcache-load-misses": 235879680, "L1-dcache-loads": 5841873351, "L1-dcache-stores": 2930039729, "GPU_Util": 0.87, "GPU_Mem": 0.64}], "model-sons": [{"cpu-cycles": 4643491098, "instructions": 4190216628, "cache-references": 550139706, "cache-misses": 1825642, "LLC-loads": 37890082, "LLC-load-misses": 106151, "LLC-store-misses": 32655, "LLC-stores": 9580479, "L1-dcache-load-misses": 95215496, "L1-dcache-loads": 1363820216, "L1-dcache-stores": 721361482, "GPU_Util": 0.99, "GPU_Mem": 0.76, "name": "squeezenet"}, {"cpu-cycles": 4631172556, "instructions": 5563516350, "cache-references": 371565794, "cache-misses": 634712, "LLC-loads": 25970894, "LLC-load-misses": 59744, "LLC-store-misses": 50678, "LLC-stores": 6297827, "L1-dcache-load-misses": 80894218, "L1-dcache-loads": 1848005066, "L1-dcache-stores": 961187302, "GPU_Util": 1.0, "GPU_Mem": 0.76, "name": "squeezenet"}, {"cpu-cycles": 4627970730, "instructions": 8203790825, "cache-references": 39767002, "cache-misses": 481844, "LLC-loads": 2818289, "LLC-load-misses": 46104, "LLC-store-misses": 9407, "LLC-stores": 644088, "L1-dcache-load-misses": 110401903, "L1-dcache-loads": 2826277708, "L1-dcache-stores": 1440340896, "GPU_Util": 0.99, "GPU_Mem": 0.76, "name": "vgg_16"}], "inference-model-info": 1, "inference-model-sys-info": {"GPU_Util": 1.0, "GPU_Mem": 0.76}, "inference-model-latency": 12.03173, "inference-model-name": "vgg_11"}}