{"4494": {"global": [{"cpu-cycles": 14498260120, "instructions": 16739643185, "cache-references": 1266089292, "cache-misses": 6312656, "LLC-loads": 89303525, "LLC-load-misses": 489883, "LLC-store-misses": 3547030, "LLC-stores": 24212994, "L1-dcache-load-misses": 228683270, "L1-dcache-loads": 5528805044, "L1-dcache-stores": 2746399369, "GPU_Util": 0.99, "GPU_Mem": 0.67}], "model-sons": [{"cpu-cycles": 4634793338, "instructions": 5128915686, "cache-references": 425109280, "cache-misses": 849565, "LLC-loads": 29856593, "LLC-load-misses": 62166, "LLC-store-misses": 15617, "LLC-stores": 7086365, "L1-dcache-load-misses": 88569310, "L1-dcache-loads": 1710211431, "L1-dcache-stores": 892154014, "GPU_Util": 0.99, "GPU_Mem": 0.67, "name": "squeezenet"}, {"cpu-cycles": 4653845296, "instructions": 5247697443, "cache-references": 427966529, "cache-misses": 491500, "LLC-loads": 29684228, "LLC-load-misses": 58002, "LLC-store-misses": 14124, "LLC-stores": 7708914, "L1-dcache-load-misses": 90457963, "L1-dcache-loads": 1730172356, "L1-dcache-stores": 909529640, "GPU_Util": 0.99, "GPU_Mem": 0.67, "name": "squeezenet"}, {"cpu-cycles": 4638472913, "instructions": 3025149839, "cache-references": 650583273, "cache-misses": 756026, "LLC-loads": 47236042, "LLC-load-misses": 59927, "LLC-store-misses": 18106, "LLC-stores": 11024390, "L1-dcache-load-misses": 98847815, "L1-dcache-loads": 936719717, "L1-dcache-stores": 519295241, "GPU_Util": 0.99, "GPU_Mem": 0.67, "name": "mobilenet_v3_small"}], "inference-model-info": 1, "inference-model-sys-info": {"GPU_Util": 0.99, "GPU_Mem": 0.67}, "inference-model-latency": 4.35159, "inference-model-name": "mobilenet_v2"}}