{"4499": {"global": [{"cpu-cycles": 14402667909, "instructions": 18054725017, "cache-references": 1052316155, "cache-misses": 25360176, "LLC-loads": 78152718, "LLC-load-misses": 2853665, "LLC-store-misses": 5443746, "LLC-stores": 24936738, "L1-dcache-load-misses": 244821775, "L1-dcache-loads": 5984732864, "L1-dcache-stores": 3019476384, "GPU_Util": 0.79, "GPU_Mem": 0.7}], "model-sons": [{"cpu-cycles": 4641674748, "instructions": 5698107771, "cache-references": 366525817, "cache-misses": 430196, "LLC-loads": 25995037, "LLC-load-misses": 33965, "LLC-store-misses": 4099, "LLC-stores": 6485282, "L1-dcache-load-misses": 87858546, "L1-dcache-loads": 1909785319, "L1-dcache-stores": 994350766, "GPU_Util": 0.99, "GPU_Mem": 0.7, "name": "squeezenet"}, {"cpu-cycles": 4636474752, "instructions": 5589822693, "cache-references": 358029311, "cache-misses": 727932, "LLC-loads": 25765725, "LLC-load-misses": 53068, "LLC-store-misses": 14948, "LLC-stores": 6570103, "L1-dcache-load-misses": 84811602, "L1-dcache-loads": 1855540555, "L1-dcache-stores": 959115876, "GPU_Util": 0.99, "GPU_Mem": 0.7, "name": "squeezenet"}, {"cpu-cycles": 4634866133, "instructions": 7592179491, "cache-references": 99483164, "cache-misses": 421372, "LLC-loads": 7207791, "LLC-load-misses": 41411, "LLC-store-misses": 8753, "LLC-stores": 1552597, "L1-dcache-load-misses": 85408756, "L1-dcache-loads": 2605059688, "L1-dcache-stores": 1329199887, "GPU_Util": 0.99, "GPU_Mem": 0.7, "name": "alexnet"}], "inference-model-info": 1, "inference-model-sys-info": {"GPU_Util": 0.99, "GPU_Mem": 0.7}, "inference-model-latency": 11.947770000000002, "inference-model-name": "vgg_11"}}