{"450": {"global": [{"cpu-cycles": 9832899294, "instructions": 11382093437, "cache-references": 748747564, "cache-misses": 29661508, "LLC-loads": 63855614, "LLC-load-misses": 4796374, "LLC-store-misses": 4566461, "LLC-stores": 21097970, "L1-dcache-load-misses": 197698443, "L1-dcache-loads": 3678187152, "L1-dcache-stores": 1921989910, "GPU_Util": 0.89, "GPU_Mem": 0.61}], "model-sons": [{"cpu-cycles": 4653046792, "instructions": 3318670751, "cache-references": 641188894, "cache-misses": 975564, "LLC-loads": 48929312, "LLC-load-misses": 87842, "LLC-store-misses": 27491, "LLC-stores": 11755555, "L1-dcache-load-misses": 103965295, "L1-dcache-loads": 1014300033, "L1-dcache-stores": 565073295, "GPU_Util": 0.99, "GPU_Mem": 0.61, "name": "googlenet"}, {"cpu-cycles": 4661968590, "instructions": 8047712459, "cache-references": 63750900, "cache-misses": 510201, "LLC-loads": 4633859, "LLC-load-misses": 29791, "LLC-store-misses": 6786, "LLC-stores": 1133915, "L1-dcache-load-misses": 82747860, "L1-dcache-loads": 2775871023, "L1-dcache-stores": 1412440501, "GPU_Util": 0.99, "GPU_Mem": 0.61, "name": "vgg_13"}], "inference-model-info": 1, "inference-model-sys-info": {"GPU_Util": 0.99, "GPU_Mem": 0.61}, "inference-model-latency": 6.2798, "inference-model-name": "googlenet"}}