{"4514": {"global": [{"cpu-cycles": 14425070573, "instructions": 17905807950, "cache-references": 1127148053, "cache-misses": 6416016, "LLC-loads": 80331968, "LLC-load-misses": 659860, "LLC-store-misses": 1314393, "LLC-stores": 21510108, "L1-dcache-load-misses": 212968322, "L1-dcache-loads": 5988564906, "L1-dcache-stores": 2948781227, "GPU_Util": 0.99, "GPU_Mem": 0.72}], "model-sons": [{"cpu-cycles": 4633250269, "instructions": 5666736264, "cache-references": 360057149, "cache-misses": 1037917, "LLC-loads": 26069620, "LLC-load-misses": 75994, "LLC-store-misses": 15052, "LLC-stores": 6294382, "L1-dcache-load-misses": 85897609, "L1-dcache-loads": 1907293988, "L1-dcache-stores": 988416474, "GPU_Util": 0.99, "GPU_Mem": 0.72, "name": "squeezenet"}, {"cpu-cycles": 4638721543, "instructions": 5747193324, "cache-references": 366689223, "cache-misses": 450580, "LLC-loads": 25698219, "LLC-load-misses": 49516, "LLC-store-misses": 31864, "LLC-stores": 6082783, "L1-dcache-load-misses": 83548229, "L1-dcache-loads": 1911220578, "L1-dcache-stores": 991368347, "GPU_Util": 0.99, "GPU_Mem": 0.72, "name": "squeezenet"}, {"cpu-cycles": 4638650612, "instructions": 4582478732, "cache-references": 426952365, "cache-misses": 2396251, "LLC-loads": 32902498, "LLC-load-misses": 142755, "LLC-store-misses": 25500, "LLC-stores": 6955403, "L1-dcache-load-misses": 90765659, "L1-dcache-loads": 1520812707, "L1-dcache-stores": 807345808, "GPU_Util": 0.99, "GPU_Mem": 0.72, "name": "mvit"}], "inference-model-info": 1, "inference-model-sys-info": {"GPU_Util": 0.99, "GPU_Mem": 0.72}, "inference-model-latency": 15.736139999999999, "inference-model-name": "vgg_13"}}