{"4534": {"global": [{"cpu-cycles": 14282434908, "instructions": 18133433531, "cache-references": 1136649777, "cache-misses": 5974508, "LLC-loads": 80757555, "LLC-load-misses": 460187, "LLC-store-misses": 1940468, "LLC-stores": 20637808, "L1-dcache-load-misses": 204196692, "L1-dcache-loads": 6041395578, "L1-dcache-stores": 2982172870, "GPU_Util": 0.81, "GPU_Mem": 0.68}], "model-sons": [{"cpu-cycles": 4645920137, "instructions": 5691597674, "cache-references": 370406131, "cache-misses": 854730, "LLC-loads": 26459009, "LLC-load-misses": 61543, "LLC-store-misses": 3695, "LLC-stores": 6392654, "L1-dcache-load-misses": 84632603, "L1-dcache-loads": 1912874169, "L1-dcache-stores": 980767922, "GPU_Util": 0.99, "GPU_Mem": 0.68, "name": "squeezenet"}, {"cpu-cycles": 4646123499, "instructions": 5580652466, "cache-references": 374302552, "cache-misses": 432830, "LLC-loads": 26280453, "LLC-load-misses": 57807, "LLC-store-misses": 29511, "LLC-stores": 6219651, "L1-dcache-load-misses": 81194208, "L1-dcache-loads": 1860038003, "L1-dcache-stores": 966777018, "GPU_Util": 0.99, "GPU_Mem": 0.68, "name": "squeezenet"}, {"cpu-cycles": 4647991987, "instructions": 3909738930, "cache-references": 589035256, "cache-misses": 954444, "LLC-loads": 45125061, "LLC-load-misses": 45747, "LLC-store-misses": 7910, "LLC-stores": 10019070, "L1-dcache-load-misses": 102223390, "L1-dcache-loads": 1250790536, "L1-dcache-stores": 682152034, "GPU_Util": 0.99, "GPU_Mem": 0.68, "name": "mnasnet"}], "inference-model-info": 1, "inference-model-sys-info": {"GPU_Util": 0.96, "GPU_Mem": 0.68}, "inference-model-latency": 26.851200000000002, "inference-model-name": "resnext50_32x4d"}}