{"4541": {"global": [{"cpu-cycles": 14203960269, "instructions": 17868607090, "cache-references": 1117862255, "cache-misses": 6242890, "LLC-loads": 79689900, "LLC-load-misses": 882681, "LLC-store-misses": 7884392, "LLC-stores": 25952461, "L1-dcache-load-misses": 205942930, "L1-dcache-loads": 6004077674, "L1-dcache-stores": 2992925277, "GPU_Util": 0.99, "GPU_Mem": 0.71}], "model-sons": [{"cpu-cycles": 4635371157, "instructions": 5478208141, "cache-references": 370247937, "cache-misses": 475522, "LLC-loads": 25821881, "LLC-load-misses": 70495, "LLC-store-misses": 26074, "LLC-stores": 6836896, "L1-dcache-load-misses": 84134183, "L1-dcache-loads": 1824292610, "L1-dcache-stores": 955167876, "GPU_Util": 0.96, "GPU_Mem": 0.71, "name": "squeezenet"}, {"cpu-cycles": 4635578735, "instructions": 5539269866, "cache-references": 364874677, "cache-misses": 564141, "LLC-loads": 26018404, "LLC-load-misses": 38974, "LLC-store-misses": 11753, "LLC-stores": 6372768, "L1-dcache-load-misses": 82829725, "L1-dcache-loads": 1852309444, "L1-dcache-stores": 971298029, "GPU_Util": 0.95, "GPU_Mem": 0.71, "name": "squeezenet"}, {"cpu-cycles": 4625177544, "instructions": 7363321414, "cache-references": 140320166, "cache-misses": 1395067, "LLC-loads": 10961907, "LLC-load-misses": 109552, "LLC-store-misses": 34236, "LLC-stores": 2857742, "L1-dcache-load-misses": 109103800, "L1-dcache-loads": 2498598089, "L1-dcache-stores": 1261534997, "GPU_Util": 0.95, "GPU_Mem": 0.71, "name": "resnext50_32x4d"}], "inference-model-info": 1, "inference-model-sys-info": {"GPU_Util": 0.96, "GPU_Mem": 0.71}, "inference-model-latency": 11.91304, "inference-model-name": "vgg_11"}}