{"4583": {"global": [{"cpu-cycles": 14727165656, "instructions": 10190037247, "cache-references": 1947560437, "cache-misses": 5095481, "LLC-loads": 144292640, "LLC-load-misses": 316726, "LLC-store-misses": 4007706, "LLC-stores": 42238461, "L1-dcache-load-misses": 314502708, "L1-dcache-loads": 3201128452, "L1-dcache-stores": 1770433875, "GPU_Util": 0.98, "GPU_Mem": 0.67}], "model-sons": [{"cpu-cycles": 4650586560, "instructions": 3494703850, "cache-references": 641990108, "cache-misses": 387685, "LLC-loads": 45419506, "LLC-load-misses": 54717, "LLC-store-misses": 10706, "LLC-stores": 11767047, "L1-dcache-load-misses": 101247656, "L1-dcache-loads": 1096101882, "L1-dcache-stores": 594997083, "GPU_Util": 0.99, "GPU_Mem": 0.67, "name": "squeezenet"}, {"cpu-cycles": 4648661793, "instructions": 3192993319, "cache-references": 659096454, "cache-misses": 1495350, "LLC-loads": 49527889, "LLC-load-misses": 114503, "LLC-store-misses": 76366, "LLC-stores": 11560828, "L1-dcache-load-misses": 102490507, "L1-dcache-loads": 992386324, "L1-dcache-stores": 558933093, "GPU_Util": 0.99, "GPU_Mem": 0.67, "name": "shufflenet"}, {"cpu-cycles": 4654060144, "instructions": 3147089854, "cache-references": 636759384, "cache-misses": 1081602, "LLC-loads": 48671059, "LLC-load-misses": 56642, "LLC-store-misses": 57578, "LLC-stores": 11148564, "L1-dcache-load-misses": 100603392, "L1-dcache-loads": 975617735, "L1-dcache-stores": 549101757, "GPU_Util": 0.99, "GPU_Mem": 0.67, "name": "shufflenet"}], "inference-model-info": 1, "inference-model-sys-info": {"GPU_Util": 0.99, "GPU_Mem": 0.67}, "inference-model-latency": 9.963289999999999, "inference-model-name": "vgg_11"}}