{"4665": {"global": [{"cpu-cycles": 14304523130, "instructions": 12145399876, "cache-references": 1631842803, "cache-misses": 5579113, "LLC-loads": 120999572, "LLC-load-misses": 509549, "LLC-store-misses": 4443788, "LLC-stores": 33149941, "L1-dcache-load-misses": 289813783, "L1-dcache-loads": 3939040325, "L1-dcache-stores": 2142609678, "GPU_Util": 0.96, "GPU_Mem": 0.71}], "model-sons": [{"cpu-cycles": 4631010862, "instructions": 4834937507, "cache-references": 438891513, "cache-misses": 1182037, "LLC-loads": 30243880, "LLC-load-misses": 88245, "LLC-store-misses": 50301, "LLC-stores": 8215050, "L1-dcache-load-misses": 85035443, "L1-dcache-loads": 1601677185, "L1-dcache-stores": 844672681, "GPU_Util": 0.99, "GPU_Mem": 0.71, "name": "squeezenet"}, {"cpu-cycles": 4644454210, "instructions": 3258563669, "cache-references": 658039697, "cache-misses": 1190621, "LLC-loads": 49841737, "LLC-load-misses": 122617, "LLC-store-misses": 83261, "LLC-stores": 11476706, "L1-dcache-load-misses": 103539649, "L1-dcache-loads": 997344355, "L1-dcache-stores": 564288957, "GPU_Util": 0.99, "GPU_Mem": 0.71, "name": "shufflenet"}, {"cpu-cycles": 4632739980, "instructions": 3848392781, "cache-references": 506319315, "cache-misses": 1487140, "LLC-loads": 39769821, "LLC-load-misses": 93503, "LLC-store-misses": 74631, "LLC-stores": 8886524, "L1-dcache-load-misses": 95336528, "L1-dcache-loads": 1226321663, "L1-dcache-stores": 661528806, "GPU_Util": 0.99, "GPU_Mem": 0.71, "name": "mvit"}], "inference-model-info": 1, "inference-model-sys-info": {"GPU_Util": 0.99, "GPU_Mem": 0.71}, "inference-model-latency": 3.22681, "inference-model-name": "squeezenet"}}