{"4696": {"global": [{"cpu-cycles": 14305135693, "instructions": 15115613319, "cache-references": 1283519491, "cache-misses": 7027986, "LLC-loads": 95681766, "LLC-load-misses": 556795, "LLC-store-misses": 7752613, "LLC-stores": 30166149, "L1-dcache-load-misses": 285774614, "L1-dcache-loads": 5019100011, "L1-dcache-stores": 2580345590, "GPU_Util": 0.95, "GPU_Mem": 0.7}], "model-sons": [{"cpu-cycles": 4622961558, "instructions": 4752928292, "cache-references": 439854499, "cache-misses": 602391, "LLC-loads": 31152039, "LLC-load-misses": 67997, "LLC-store-misses": 22592, "LLC-stores": 7534775, "L1-dcache-load-misses": 87491249, "L1-dcache-loads": 1578505365, "L1-dcache-stores": 828557477, "GPU_Util": 0.93, "GPU_Mem": 0.7, "name": "squeezenet"}, {"cpu-cycles": 4643750579, "instructions": 3192454612, "cache-references": 645439851, "cache-misses": 906344, "LLC-loads": 50152604, "LLC-load-misses": 72378, "LLC-store-misses": 15126, "LLC-stores": 10856360, "L1-dcache-load-misses": 103720138, "L1-dcache-loads": 997014927, "L1-dcache-stores": 559307407, "GPU_Util": 0.93, "GPU_Mem": 0.7, "name": "shufflenet"}, {"cpu-cycles": 4627911239, "instructions": 6936286423, "cache-references": 164056416, "cache-misses": 1644352, "LLC-loads": 12305268, "LLC-load-misses": 144322, "LLC-store-misses": 48134, "LLC-stores": 3198826, "L1-dcache-load-misses": 84155150, "L1-dcache-loads": 2340083076, "L1-dcache-stores": 1195112140, "GPU_Util": 0.93, "GPU_Mem": 0.7, "name": "resnext50_32x4d"}], "inference-model-info": 1, "inference-model-sys-info": {"GPU_Util": 0.95, "GPU_Mem": 0.7}, "inference-model-latency": 14.863430000000001, "inference-model-name": "vgg_13"}}