{"4722": {"global": [{"cpu-cycles": 14792886615, "instructions": 11420688502, "cache-references": 1806022890, "cache-misses": 8869668, "LLC-loads": 133178449, "LLC-load-misses": 525295, "LLC-store-misses": 1839146, "LLC-stores": 37197123, "L1-dcache-load-misses": 305548425, "L1-dcache-loads": 3617871641, "L1-dcache-stores": 1968240776, "GPU_Util": 0.99, "GPU_Mem": 0.68}], "model-sons": [{"cpu-cycles": 4657054039, "instructions": 4578501972, "cache-references": 495187408, "cache-misses": 541239, "LLC-loads": 35817098, "LLC-load-misses": 69893, "LLC-store-misses": 23706, "LLC-stores": 8868151, "L1-dcache-load-misses": 94209051, "L1-dcache-loads": 1480067782, "L1-dcache-stores": 785612140, "GPU_Util": 0.98, "GPU_Mem": 0.68, "name": "squeezenet"}, {"cpu-cycles": 4662999645, "instructions": 3132871896, "cache-references": 636951104, "cache-misses": 1250322, "LLC-loads": 47597886, "LLC-load-misses": 104630, "LLC-store-misses": 47995, "LLC-stores": 11157464, "L1-dcache-load-misses": 100520121, "L1-dcache-loads": 973082155, "L1-dcache-stores": 548148534, "GPU_Util": 0.99, "GPU_Mem": 0.68, "name": "shufflenet"}, {"cpu-cycles": 4664800131, "instructions": 3340090599, "cache-references": 652183700, "cache-misses": 679775, "LLC-loads": 48676151, "LLC-load-misses": 69857, "LLC-store-misses": 58946, "LLC-stores": 11426822, "L1-dcache-load-misses": 103740086, "L1-dcache-loads": 1031476612, "L1-dcache-stores": 579430118, "GPU_Util": 0.99, "GPU_Mem": 0.68, "name": "mobilenet_v2"}], "inference-model-info": 1, "inference-model-sys-info": {"GPU_Util": 0.99, "GPU_Mem": 0.68}, "inference-model-latency": 4.296919999999999, "inference-model-name": "shufflenet"}}