{"4758": {"global": [{"cpu-cycles": 14531935236, "instructions": 19858497643, "cache-references": 759710151, "cache-misses": 84724882, "LLC-loads": 69792871, "LLC-load-misses": 10205911, "LLC-store-misses": 16596022, "LLC-stores": 37399321, "L1-dcache-load-misses": 274835485, "L1-dcache-loads": 6273446931, "L1-dcache-stores": 3306909662, "GPU_Util": 0.91, "GPU_Mem": 0.82}], "model-sons": [{"cpu-cycles": 4629158595, "instructions": 5606668392, "cache-references": 359057828, "cache-misses": 717300, "LLC-loads": 25711473, "LLC-load-misses": 67695, "LLC-store-misses": 7942, "LLC-stores": 6494836, "L1-dcache-load-misses": 80998658, "L1-dcache-loads": 1866765541, "L1-dcache-stores": 974779785, "GPU_Util": 1.0, "GPU_Mem": 0.82, "name": "squeezenet"}, {"cpu-cycles": 4622521925, "instructions": 7828055981, "cache-references": 41858690, "cache-misses": 479107, "LLC-loads": 3080441, "LLC-load-misses": 39959, "LLC-store-misses": 4735, "LLC-stores": 691974, "L1-dcache-load-misses": 65579379, "L1-dcache-loads": 2713743340, "L1-dcache-stores": 1379258106, "GPU_Util": 1.0, "GPU_Mem": 0.82, "name": "vgg_11"}, {"cpu-cycles": 4613566298, "instructions": 8178896806, "cache-references": 40970472, "cache-misses": 387151, "LLC-loads": 2909168, "LLC-load-misses": 33658, "LLC-store-misses": 4801, "LLC-stores": 701974, "L1-dcache-load-misses": 87258434, "L1-dcache-loads": 2819595335, "L1-dcache-stores": 1435993526, "GPU_Util": 1.0, "GPU_Mem": 0.82, "name": "vgg_13"}], "inference-model-info": 1, "inference-model-sys-info": {"GPU_Util": 0.96, "GPU_Mem": 0.82}, "inference-model-latency": 27.32903, "inference-model-name": "resnext50_32x4d"}}