{"4787": {"global": [{"cpu-cycles": 14683894983, "instructions": 14861754523, "cache-references": 1344684766, "cache-misses": 47513535, "LLC-loads": 105091766, "LLC-load-misses": 5858006, "LLC-store-misses": 15508085, "LLC-stores": 41551097, "L1-dcache-load-misses": 286428205, "L1-dcache-loads": 4847544314, "L1-dcache-stores": 2551669728, "GPU_Util": 0.99, "GPU_Mem": 0.74}], "model-sons": [{"cpu-cycles": 4651720904, "instructions": 4863529988, "cache-references": 427603487, "cache-misses": 673553, "LLC-loads": 32578838, "LLC-load-misses": 59927, "LLC-store-misses": 18165, "LLC-stores": 7436668, "L1-dcache-load-misses": 83646477, "L1-dcache-loads": 1601409266, "L1-dcache-stores": 838800990, "GPU_Util": 0.99, "GPU_Mem": 0.74, "name": "squeezenet"}, {"cpu-cycles": 4659191509, "instructions": 8167491879, "cache-references": 48926420, "cache-misses": 476337, "LLC-loads": 3490295, "LLC-load-misses": 40549, "LLC-store-misses": 11819, "LLC-stores": 807325, "L1-dcache-load-misses": 86109263, "L1-dcache-loads": 2800616517, "L1-dcache-stores": 1425635824, "GPU_Util": 0.99, "GPU_Mem": 0.74, "name": "vgg_11"}, {"cpu-cycles": 4654203367, "instructions": 3117856829, "cache-references": 668179872, "cache-misses": 909674, "LLC-loads": 49890650, "LLC-load-misses": 60554, "LLC-store-misses": 31552, "LLC-stores": 11178777, "L1-dcache-load-misses": 103303584, "L1-dcache-loads": 963246149, "L1-dcache-stores": 536504957, "GPU_Util": 0.99, "GPU_Mem": 0.74, "name": "mobilenet_v3_small"}], "inference-model-info": 1, "inference-model-sys-info": {"GPU_Util": 0.99, "GPU_Mem": 0.74}, "inference-model-latency": 5.3186, "inference-model-name": "mobilenet_v3_large"}}