{"4870": {"global": [{"cpu-cycles": 14395310201, "instructions": 15859460075, "cache-references": 1433600686, "cache-misses": 47075429, "LLC-loads": 107936759, "LLC-load-misses": 3754556, "LLC-store-misses": 13320178, "LLC-stores": 43650662, "L1-dcache-load-misses": 252184555, "L1-dcache-loads": 5167317889, "L1-dcache-stores": 2583927762, "GPU_Util": 0.87, "GPU_Mem": 0.72}], "model-sons": [{"cpu-cycles": 4631832266, "instructions": 5645931742, "cache-references": 368025173, "cache-misses": 773789, "LLC-loads": 25310142, "LLC-load-misses": 66460, "LLC-store-misses": 33000, "LLC-stores": 6108968, "L1-dcache-load-misses": 87807580, "L1-dcache-loads": 1899814017, "L1-dcache-stores": 983194917, "GPU_Util": 0.99, "GPU_Mem": 0.75, "name": "squeezenet"}, {"cpu-cycles": 4638624121, "instructions": 8238392188, "cache-references": 44431630, "cache-misses": 469400, "LLC-loads": 3140801, "LLC-load-misses": 47977, "LLC-store-misses": 12782, "LLC-stores": 717617, "L1-dcache-load-misses": 76336097, "L1-dcache-loads": 2828382445, "L1-dcache-stores": 1440138176, "GPU_Util": 0.99, "GPU_Mem": 0.75, "name": "vgg_11"}, {"cpu-cycles": 4654694527, "instructions": 3863786274, "cache-references": 612206028, "cache-misses": 649040, "LLC-loads": 47432658, "LLC-load-misses": 82037, "LLC-store-misses": 60992, "LLC-stores": 11686710, "L1-dcache-load-misses": 102635857, "L1-dcache-loads": 1223056790, "L1-dcache-stores": 673193936, "GPU_Util": 0.99, "GPU_Mem": 0.75, "name": "mobilenet_v2"}], "inference-model-info": 1, "inference-model-sys-info": {"GPU_Util": 0.96, "GPU_Mem": 0.75}, "inference-model-latency": 26.550539999999998, "inference-model-name": "resnext50_32x4d"}}