{"4884": {"global": [{"cpu-cycles": 14344208740, "instructions": 19352526102, "cache-references": 788757133, "cache-misses": 92416379, "LLC-loads": 69545744, "LLC-load-misses": 11202883, "LLC-store-misses": 20843173, "LLC-stores": 41457542, "L1-dcache-load-misses": 308838086, "L1-dcache-loads": 6381633246, "L1-dcache-stores": 3309279548, "GPU_Util": 0.85, "GPU_Mem": 0.83}], "model-sons": [{"cpu-cycles": 4615346072, "instructions": 5464349832, "cache-references": 367230164, "cache-misses": 768232, "LLC-loads": 26002948, "LLC-load-misses": 71646, "LLC-store-misses": 28422, "LLC-stores": 6933932, "L1-dcache-load-misses": 83244432, "L1-dcache-loads": 1839867483, "L1-dcache-stores": 947626821, "GPU_Util": 1.0, "GPU_Mem": 0.83, "name": "squeezenet"}, {"cpu-cycles": 4634917657, "instructions": 8124526070, "cache-references": 41169289, "cache-misses": 429463, "LLC-loads": 2975077, "LLC-load-misses": 36731, "LLC-store-misses": 3134, "LLC-stores": 686916, "L1-dcache-load-misses": 82091712, "L1-dcache-loads": 2800683881, "L1-dcache-stores": 1428490506, "GPU_Util": 1.0, "GPU_Mem": 0.83, "name": "vgg_13"}, {"cpu-cycles": 4645890013, "instructions": 8456165316, "cache-references": 40109301, "cache-misses": 353524, "LLC-loads": 2969928, "LLC-load-misses": 35499, "LLC-store-misses": 15573, "LLC-stores": 698543, "L1-dcache-load-misses": 115179030, "L1-dcache-loads": 2924877053, "L1-dcache-stores": 1491780633, "GPU_Util": 1.0, "GPU_Mem": 0.83, "name": "vgg_13"}], "inference-model-info": 1, "inference-model-sys-info": {"GPU_Util": 0.96, "GPU_Mem": 0.83}, "inference-model-latency": 26.891330000000004, "inference-model-name": "resnext50_32x4d"}}