{"4927": {"global": [{"cpu-cycles": 14286809285, "instructions": 21072911777, "cache-references": 750736714, "cache-misses": 23718813, "LLC-loads": 54078215, "LLC-load-misses": 1156868, "LLC-store-misses": 10829742, "LLC-stores": 29889571, "L1-dcache-load-misses": 235575761, "L1-dcache-loads": 7030236727, "L1-dcache-stores": 3502654570, "GPU_Util": 0.94, "GPU_Mem": 0.68}], "model-sons": [{"cpu-cycles": 4641397305, "instructions": 5153665340, "cache-references": 397716063, "cache-misses": 943039, "LLC-loads": 28077905, "LLC-load-misses": 75843, "LLC-store-misses": 12767, "LLC-stores": 7304383, "L1-dcache-load-misses": 85455547, "L1-dcache-loads": 1718578605, "L1-dcache-stores": 891518234, "GPU_Util": 1.0, "GPU_Mem": 0.77, "name": "squeezenet"}, {"cpu-cycles": 4636758378, "instructions": 8427958498, "cache-references": 41274371, "cache-misses": 394475, "LLC-loads": 2898736, "LLC-load-misses": 29011, "LLC-store-misses": 4501, "LLC-stores": 695240, "L1-dcache-load-misses": 106931990, "L1-dcache-loads": 2901660652, "L1-dcache-stores": 1476897558, "GPU_Util": 1.0, "GPU_Mem": 0.77, "name": "vgg_13"}, {"cpu-cycles": 4637368683, "instructions": 7779287978, "cache-references": 99751720, "cache-misses": 533387, "LLC-loads": 7180418, "LLC-load-misses": 39999, "LLC-store-misses": 3041, "LLC-stores": 1603901, "L1-dcache-load-misses": 99381654, "L1-dcache-loads": 2676333951, "L1-dcache-stores": 1359983981, "GPU_Util": 1.0, "GPU_Mem": 0.77, "name": "alexnet"}], "inference-model-info": 1, "inference-model-sys-info": {"GPU_Util": 0.99, "GPU_Mem": 0.77}, "inference-model-latency": 5.46884, "inference-model-name": "mobilenet_v3_large"}}