{"4953": {"global": [{"cpu-cycles": 14665195586, "instructions": 15660541521, "cache-references": 1420754366, "cache-misses": 44991832, "LLC-loads": 107721610, "LLC-load-misses": 3383829, "LLC-store-misses": 12194449, "LLC-stores": 41635519, "L1-dcache-load-misses": 255274010, "L1-dcache-loads": 5066656079, "L1-dcache-stores": 2545995335, "GPU_Util": 0.99, "GPU_Mem": 0.67}], "model-sons": [{"cpu-cycles": 4641704659, "instructions": 5595507049, "cache-references": 384016782, "cache-misses": 712361, "LLC-loads": 27164596, "LLC-load-misses": 48961, "LLC-store-misses": 10297, "LLC-stores": 6910360, "L1-dcache-load-misses": 83138348, "L1-dcache-loads": 1880485971, "L1-dcache-stores": 977075832, "GPU_Util": 0.99, "GPU_Mem": 0.76, "name": "squeezenet"}, {"cpu-cycles": 4634311270, "instructions": 8187036967, "cache-references": 40040310, "cache-misses": 460262, "LLC-loads": 2993434, "LLC-load-misses": 30966, "LLC-store-misses": 11201, "LLC-stores": 650989, "L1-dcache-load-misses": 88669038, "L1-dcache-loads": 2818416851, "L1-dcache-stores": 1432600486, "GPU_Util": 0.99, "GPU_Mem": 0.76, "name": "vgg_13"}, {"cpu-cycles": 4640909715, "instructions": 3751837751, "cache-references": 595578971, "cache-misses": 1025931, "LLC-loads": 44695179, "LLC-load-misses": 81493, "LLC-store-misses": 20443, "LLC-stores": 10758477, "L1-dcache-load-misses": 99205112, "L1-dcache-loads": 1191572076, "L1-dcache-stores": 656546432, "GPU_Util": 0.99, "GPU_Mem": 0.76, "name": "mnasnet"}], "inference-model-info": 1, "inference-model-sys-info": {"GPU_Util": 0.99, "GPU_Mem": 0.76}, "inference-model-latency": 4.555770000000001, "inference-model-name": "mnasnet"}}