{"4959": {"global": [{"cpu-cycles": 14415390442, "instructions": 20662178936, "cache-references": 810575755, "cache-misses": 27333169, "LLC-loads": 60824950, "LLC-load-misses": 1805802, "LLC-store-misses": 7328163, "LLC-stores": 24063800, "L1-dcache-load-misses": 216327344, "L1-dcache-loads": 6686031256, "L1-dcache-stores": 3351223947, "GPU_Util": 0.67, "GPU_Mem": 0.68}], "model-sons": [{"cpu-cycles": 4650458059, "instructions": 4594706553, "cache-references": 485658994, "cache-misses": 1243665, "LLC-loads": 34930427, "LLC-load-misses": 100510, "LLC-store-misses": 24384, "LLC-stores": 8477137, "L1-dcache-load-misses": 94625237, "L1-dcache-loads": 1530716979, "L1-dcache-stores": 801462103, "GPU_Util": 0.92, "GPU_Mem": 0.78, "name": "squeezenet"}, {"cpu-cycles": 4647397414, "instructions": 7989695408, "cache-references": 41128540, "cache-misses": 398695, "LLC-loads": 3007198, "LLC-load-misses": 36131, "LLC-store-misses": 21619, "LLC-stores": 765520, "L1-dcache-load-misses": 81765904, "L1-dcache-loads": 2743423349, "L1-dcache-stores": 1391215800, "GPU_Util": 0.95, "GPU_Mem": 0.78, "name": "vgg_13"}, {"cpu-cycles": 4652048779, "instructions": 7153135231, "cache-references": 135796922, "cache-misses": 1074236, "LLC-loads": 10348592, "LLC-load-misses": 119448, "LLC-store-misses": 70047, "LLC-stores": 2853555, "L1-dcache-load-misses": 80402338, "L1-dcache-loads": 2391275491, "L1-dcache-stores": 1228758166, "GPU_Util": 0.95, "GPU_Mem": 0.78, "name": "resnext50_32x4d"}], "inference-model-info": 1, "inference-model-sys-info": {"GPU_Util": 0.95, "GPU_Mem": 0.78}, "inference-model-latency": 3.4363200000000007, "inference-model-name": "squeezenet"}}