{"499": {"global": [{"cpu-cycles": 9751298395, "instructions": 11026230110, "cache-references": 811993521, "cache-misses": 10244370, "LLC-loads": 62068742, "LLC-load-misses": 618090, "LLC-store-misses": 1694199, "LLC-stores": 14675817, "L1-dcache-load-misses": 188025423, "L1-dcache-loads": 3614616618, "L1-dcache-stores": 1900327682, "GPU_Util": 0.84, "GPU_Mem": 0.56}], "model-sons": [{"cpu-cycles": 4652140826, "instructions": 3451862161, "cache-references": 646249016, "cache-misses": 1255719, "LLC-loads": 50769154, "LLC-load-misses": 80075, "LLC-store-misses": 27679, "LLC-stores": 11134982, "L1-dcache-load-misses": 107013868, "L1-dcache-loads": 1061701451, "L1-dcache-stores": 588170302, "GPU_Util": 0.99, "GPU_Mem": 0.56, "name": "googlenet"}, {"cpu-cycles": 4649847621, "instructions": 7285763933, "cache-references": 143910166, "cache-misses": 307664, "LLC-loads": 10398130, "LLC-load-misses": 21032, "LLC-store-misses": 2361, "LLC-stores": 2402837, "L1-dcache-load-misses": 75600533, "L1-dcache-loads": 2482275215, "L1-dcache-stores": 1266802952, "GPU_Util": 0.99, "GPU_Mem": 0.56, "name": "alexnet"}], "inference-model-info": 1, "inference-model-sys-info": {"GPU_Util": 0.99, "GPU_Mem": 0.56}, "inference-model-latency": 2.1949899999999998, "inference-model-name": "alexnet"}}