{"50": {"global": [{"cpu-cycles": 5321772413, "instructions": 3768088724, "cache-references": 696424244, "cache-misses": 10863777, "LLC-loads": 52372471, "LLC-load-misses": 558659, "LLC-store-misses": 448595, "LLC-stores": 12498588, "L1-dcache-load-misses": 107207284, "L1-dcache-loads": 1199404968, "L1-dcache-stores": 589747761, "GPU_Util": 0.26, "GPU_Mem": 0.39}], "model-sons": [{"cpu-cycles": 4677569109, "instructions": 3310703610, "cache-references": 684117243, "cache-misses": 508580, "LLC-loads": 52126377, "LLC-load-misses": 79696, "LLC-store-misses": 45470, "LLC-stores": 11748972, "L1-dcache-load-misses": 105039222, "L1-dcache-loads": 1026247421, "L1-dcache-stores": 576405968, "GPU_Util": 0.26, "GPU_Mem": 0.39, "name": "shufflenet"}], "inference-model-info": 1, "inference-model-sys-info": {"GPU_Util": 0.26, "GPU_Mem": 0.39}, "inference-model-latency": 3.8338799999999993, "inference-model-name": "mobilenet_v3_small"}}