{"5012": {"global": [{"cpu-cycles": 14494320666, "instructions": 19577945579, "cache-references": 817510054, "cache-misses": 96154537, "LLC-loads": 76210829, "LLC-load-misses": 11762204, "LLC-store-misses": 19982769, "LLC-stores": 46294050, "L1-dcache-load-misses": 307132452, "L1-dcache-loads": 6236243196, "L1-dcache-stores": 3267517519, "GPU_Util": 0.73, "GPU_Mem": 0.83}], "model-sons": [{"cpu-cycles": 4644863876, "instructions": 5659633249, "cache-references": 351393946, "cache-misses": 494337, "LLC-loads": 25907638, "LLC-load-misses": 46833, "LLC-store-misses": 12142, "LLC-stores": 6687506, "L1-dcache-load-misses": 85598210, "L1-dcache-loads": 1895441362, "L1-dcache-stores": 987474666, "GPU_Util": 0.96, "GPU_Mem": 0.83, "name": "squeezenet"}, {"cpu-cycles": 4644499877, "instructions": 8119633152, "cache-references": 39226661, "cache-misses": 514411, "LLC-loads": 2814528, "LLC-load-misses": 43686, "LLC-store-misses": 10657, "LLC-stores": 648787, "L1-dcache-load-misses": 103186967, "L1-dcache-loads": 2787068589, "L1-dcache-stores": 1421162308, "GPU_Util": 1.0, "GPU_Mem": 0.83, "name": "vgg_16"}, {"cpu-cycles": 4653172420, "instructions": 8241328517, "cache-references": 39060380, "cache-misses": 360375, "LLC-loads": 2758010, "LLC-load-misses": 32195, "LLC-store-misses": 30430, "LLC-stores": 706261, "L1-dcache-load-misses": 89832067, "L1-dcache-loads": 2841099358, "L1-dcache-stores": 1451136823, "GPU_Util": 1.0, "GPU_Mem": 0.83, "name": "vgg_16"}], "inference-model-info": 1, "inference-model-sys-info": {"GPU_Util": 1.0, "GPU_Mem": 0.83}, "inference-model-latency": 4.5512500000000005, "inference-model-name": "mobilenet_v2"}}