{"5062": {"global": [{"cpu-cycles": 14741214247, "instructions": 15883111012, "cache-references": 1410659182, "cache-misses": 57470411, "LLC-loads": 111042292, "LLC-load-misses": 5809238, "LLC-store-misses": 11528443, "LLC-stores": 44874594, "L1-dcache-load-misses": 275759426, "L1-dcache-loads": 4614755235, "L1-dcache-stores": 2431687657, "GPU_Util": 0.7, "GPU_Mem": 0.76}], "model-sons": [{"cpu-cycles": 4648268035, "instructions": 5264875927, "cache-references": 369109541, "cache-misses": 592082, "LLC-loads": 26230946, "LLC-load-misses": 55757, "LLC-store-misses": 3739, "LLC-stores": 6529058, "L1-dcache-load-misses": 79301127, "L1-dcache-loads": 1766004536, "L1-dcache-stores": 918284038, "GPU_Util": 0.99, "GPU_Mem": 0.76, "name": "squeezenet"}, {"cpu-cycles": 4652484469, "instructions": 8480891971, "cache-references": 38156362, "cache-misses": 229177, "LLC-loads": 2810957, "LLC-load-misses": 23691, "LLC-store-misses": 6848, "LLC-stores": 628781, "L1-dcache-load-misses": 111304967, "L1-dcache-loads": 2903611057, "L1-dcache-stores": 1478705483, "GPU_Util": 0.99, "GPU_Mem": 0.76, "name": "vgg_16"}, {"cpu-cycles": 4649597608, "instructions": 3996527187, "cache-references": 577968656, "cache-misses": 828747, "LLC-loads": 44814442, "LLC-load-misses": 121076, "LLC-store-misses": 22959, "LLC-stores": 10587654, "L1-dcache-load-misses": 102980580, "L1-dcache-loads": 1274832689, "L1-dcache-stores": 698662948, "GPU_Util": 0.99, "GPU_Mem": 0.76, "name": "mnasnet"}], "inference-model-info": 1, "inference-model-sys-info": {"GPU_Util": 0.99, "GPU_Mem": 0.76}, "inference-model-latency": 3.9265600000000003, "inference-model-name": "mobilenet_v3_small"}}