{"5071": {"global": [{"cpu-cycles": 14579271277, "instructions": 20293230857, "cache-references": 822018232, "cache-misses": 37460829, "LLC-loads": 63354328, "LLC-load-misses": 3058799, "LLC-store-misses": 15436303, "LLC-stores": 30156793, "L1-dcache-load-misses": 223054822, "L1-dcache-loads": 6672421539, "L1-dcache-stores": 3317611210, "GPU_Util": 0.92, "GPU_Mem": 0.69}], "model-sons": [{"cpu-cycles": 4652429262, "instructions": 5097747611, "cache-references": 420548618, "cache-misses": 706585, "LLC-loads": 29315611, "LLC-load-misses": 56049, "LLC-store-misses": 14044, "LLC-stores": 7380333, "L1-dcache-load-misses": 82997259, "L1-dcache-loads": 1705101192, "L1-dcache-stores": 891466044, "GPU_Util": 0.93, "GPU_Mem": 0.79, "name": "squeezenet"}, {"cpu-cycles": 4649965847, "instructions": 8311928183, "cache-references": 39786029, "cache-misses": 286161, "LLC-loads": 2883729, "LLC-load-misses": 22440, "LLC-store-misses": 3368, "LLC-stores": 621154, "L1-dcache-load-misses": 120506987, "L1-dcache-loads": 2853824837, "L1-dcache-stores": 1446472099, "GPU_Util": 0.95, "GPU_Mem": 0.79, "name": "vgg_16"}, {"cpu-cycles": 4644622606, "instructions": 7278861793, "cache-references": 135361437, "cache-misses": 940498, "LLC-loads": 10599470, "LLC-load-misses": 127480, "LLC-store-misses": 69185, "LLC-stores": 2781544, "L1-dcache-load-misses": 80632722, "L1-dcache-loads": 2459526943, "L1-dcache-stores": 1264875848, "GPU_Util": 0.95, "GPU_Mem": 0.79, "name": "resnext50_32x4d"}], "inference-model-info": 1, "inference-model-sys-info": {"GPU_Util": 0.95, "GPU_Mem": 0.79}, "inference-model-latency": 3.4372000000000003, "inference-model-name": "squeezenet"}}