{"508": {"global": [{"cpu-cycles": 10277155145, "instructions": 7192271657, "cache-references": 1251540814, "cache-misses": 8006742, "LLC-loads": 96800584, "LLC-load-misses": 581976, "LLC-store-misses": 4926034, "LLC-stores": 27433485, "L1-dcache-load-misses": 210151608, "L1-dcache-loads": 2109063442, "L1-dcache-stores": 1188798991, "GPU_Util": 0.98, "GPU_Mem": 0.58}], "model-sons": [{"cpu-cycles": 4662482766, "instructions": 3463196138, "cache-references": 656281240, "cache-misses": 1017578, "LLC-loads": 50594244, "LLC-load-misses": 104413, "LLC-store-misses": 63102, "LLC-stores": 11704548, "L1-dcache-load-misses": 105159152, "L1-dcache-loads": 1056727113, "L1-dcache-stores": 587448609, "GPU_Util": 0.99, "GPU_Mem": 0.58, "name": "googlenet"}, {"cpu-cycles": 4659903487, "instructions": 3211892654, "cache-references": 620538203, "cache-misses": 1741990, "LLC-loads": 48172236, "LLC-load-misses": 119697, "LLC-store-misses": 63363, "LLC-stores": 11043046, "L1-dcache-load-misses": 104008122, "L1-dcache-loads": 989508223, "L1-dcache-stores": 560603514, "GPU_Util": 0.99, "GPU_Mem": 0.58, "name": "mvit"}], "inference-model-info": 1, "inference-model-sys-info": {"GPU_Util": 0.99, "GPU_Mem": 0.58}, "inference-model-latency": 4.43027, "inference-model-name": "shufflenet"}}