{"5119": {"global": [{"cpu-cycles": 14450087059, "instructions": 10108256220, "cache-references": 1893043121, "cache-misses": 9568121, "LLC-loads": 137662238, "LLC-load-misses": 746081, "LLC-store-misses": 4670643, "LLC-stores": 37390200, "L1-dcache-load-misses": 302661289, "L1-dcache-loads": 3217339377, "L1-dcache-stores": 1741507405, "GPU_Util": 0.84, "GPU_Mem": 0.67}], "model-sons": [{"cpu-cycles": 4649663046, "instructions": 3856961235, "cache-references": 571882335, "cache-misses": 845053, "LLC-loads": 40607326, "LLC-load-misses": 76727, "LLC-store-misses": 18686, "LLC-stores": 10196984, "L1-dcache-load-misses": 97760845, "L1-dcache-loads": 1218396765, "L1-dcache-stores": 657584302, "GPU_Util": 0.98, "GPU_Mem": 0.67, "name": "squeezenet"}, {"cpu-cycles": 4648068706, "instructions": 3045863316, "cache-references": 653625868, "cache-misses": 1003373, "LLC-loads": 48172332, "LLC-load-misses": 73905, "LLC-store-misses": 38144, "LLC-stores": 10994012, "L1-dcache-load-misses": 100409662, "L1-dcache-loads": 940517977, "L1-dcache-stores": 528429199, "GPU_Util": 0.98, "GPU_Mem": 0.67, "name": "mobilenet_v3_small"}, {"cpu-cycles": 4653254546, "instructions": 3006750946, "cache-references": 651456425, "cache-misses": 1251955, "LLC-loads": 48259308, "LLC-load-misses": 98954, "LLC-store-misses": 28498, "LLC-stores": 10833534, "L1-dcache-load-misses": 100091624, "L1-dcache-loads": 929835885, "L1-dcache-stores": 522883003, "GPU_Util": 0.98, "GPU_Mem": 0.67, "name": "mobilenet_v3_small"}], "inference-model-info": 1, "inference-model-sys-info": {"GPU_Util": 0.98, "GPU_Mem": 0.67}, "inference-model-latency": 2.76553, "inference-model-name": "alexnet"}}