{"5162": {"global": [{"cpu-cycles": 14296031166, "instructions": 11423455304, "cache-references": 1773064152, "cache-misses": 3063628, "LLC-loads": 129050971, "LLC-load-misses": 398295, "LLC-store-misses": 6636386, "LLC-stores": 41058311, "L1-dcache-load-misses": 300889965, "L1-dcache-loads": 3700738883, "L1-dcache-stores": 2008233126, "GPU_Util": 0.72, "GPU_Mem": 0.68}], "model-sons": [{"cpu-cycles": 4652291660, "instructions": 4866398854, "cache-references": 447333700, "cache-misses": 443272, "LLC-loads": 32880319, "LLC-load-misses": 44374, "LLC-store-misses": 5562, "LLC-stores": 8040730, "L1-dcache-load-misses": 90333777, "L1-dcache-loads": 1621708913, "L1-dcache-stores": 845901796, "GPU_Util": 0.99, "GPU_Mem": 0.68, "name": "squeezenet"}, {"cpu-cycles": 4638493168, "instructions": 3036490373, "cache-references": 650874833, "cache-misses": 1243861, "LLC-loads": 47549865, "LLC-load-misses": 114204, "LLC-store-misses": 41832, "LLC-stores": 10862885, "L1-dcache-load-misses": 99830512, "L1-dcache-loads": 938895600, "L1-dcache-stores": 528272141, "GPU_Util": 0.98, "GPU_Mem": 0.68, "name": "mobilenet_v3_small"}, {"cpu-cycles": 4640000814, "instructions": 3309235969, "cache-references": 650678924, "cache-misses": 886518, "LLC-loads": 48082097, "LLC-load-misses": 54809, "LLC-store-misses": 35016, "LLC-stores": 12334281, "L1-dcache-load-misses": 101686648, "L1-dcache-loads": 1023184920, "L1-dcache-stores": 574869810, "GPU_Util": 0.99, "GPU_Mem": 0.68, "name": "mnasnet"}], "inference-model-info": 1, "inference-model-sys-info": {"GPU_Util": 0.99, "GPU_Mem": 0.68}, "inference-model-latency": 13.2477, "inference-model-name": "mvit"}}