{"5193": {"global": [{"cpu-cycles": 14173426527, "instructions": 11018621869, "cache-references": 1771051001, "cache-misses": 6806224, "LLC-loads": 132286333, "LLC-load-misses": 587551, "LLC-store-misses": 5559711, "LLC-stores": 34499985, "L1-dcache-load-misses": 298088182, "L1-dcache-loads": 3477684724, "L1-dcache-stores": 1889601003, "GPU_Util": 0.98, "GPU_Mem": 0.68}], "model-sons": [{"cpu-cycles": 4638403324, "instructions": 4677085986, "cache-references": 496201400, "cache-misses": 844095, "LLC-loads": 35329238, "LLC-load-misses": 80484, "LLC-store-misses": 23825, "LLC-stores": 8467475, "L1-dcache-load-misses": 91843799, "L1-dcache-loads": 1533337673, "L1-dcache-stores": 803213968, "GPU_Util": 0.98, "GPU_Mem": 0.68, "name": "squeezenet"}, {"cpu-cycles": 4636257511, "instructions": 3076795471, "cache-references": 631718224, "cache-misses": 1134617, "LLC-loads": 48424771, "LLC-load-misses": 75534, "LLC-store-misses": 34084, "LLC-stores": 10923092, "L1-dcache-load-misses": 100452560, "L1-dcache-loads": 952037307, "L1-dcache-stores": 531892361, "GPU_Util": 0.98, "GPU_Mem": 0.68, "name": "mobilenet_v3_small"}, {"cpu-cycles": 4653266057, "instructions": 3086462173, "cache-references": 642635002, "cache-misses": 1115179, "LLC-loads": 48464417, "LLC-load-misses": 109609, "LLC-store-misses": 78692, "LLC-stores": 10868998, "L1-dcache-load-misses": 100705573, "L1-dcache-loads": 950195726, "L1-dcache-stores": 528755036, "GPU_Util": 0.99, "GPU_Mem": 0.68, "name": "mobilenet_v3_large"}], "inference-model-info": 1, "inference-model-sys-info": {"GPU_Util": 0.98, "GPU_Mem": 0.68}, "inference-model-latency": 5.20432, "inference-model-name": "mobilenet_v3_large"}}