{"5205": {"global": [{"cpu-cycles": 14425550305, "instructions": 11498310825, "cache-references": 1794541216, "cache-misses": 11537323, "LLC-loads": 133711449, "LLC-load-misses": 1061629, "LLC-store-misses": 4787960, "LLC-stores": 33363031, "L1-dcache-load-misses": 299978449, "L1-dcache-loads": 3655622058, "L1-dcache-stores": 1938609920, "GPU_Util": 0.98, "GPU_Mem": 0.68}], "model-sons": [{"cpu-cycles": 4649811536, "instructions": 4762282112, "cache-references": 463788195, "cache-misses": 871638, "LLC-loads": 32365156, "LLC-load-misses": 63144, "LLC-store-misses": 6617, "LLC-stores": 8381764, "L1-dcache-load-misses": 90550422, "L1-dcache-loads": 1578399532, "L1-dcache-stores": 830457663, "GPU_Util": 0.98, "GPU_Mem": 0.68, "name": "squeezenet"}, {"cpu-cycles": 4638204645, "instructions": 3024229181, "cache-references": 637525639, "cache-misses": 999144, "LLC-loads": 48329885, "LLC-load-misses": 102226, "LLC-store-misses": 45166, "LLC-stores": 10764320, "L1-dcache-load-misses": 100282603, "L1-dcache-loads": 947555247, "L1-dcache-stores": 530941967, "GPU_Util": 0.99, "GPU_Mem": 0.68, "name": "mobilenet_v3_small"}, {"cpu-cycles": 4643625076, "instructions": 3400316397, "cache-references": 671475878, "cache-misses": 580481, "LLC-loads": 51010608, "LLC-load-misses": 60497, "LLC-store-misses": 80961, "LLC-stores": 12003886, "L1-dcache-load-misses": 106641396, "L1-dcache-loads": 1053979499, "L1-dcache-stores": 589780965, "GPU_Util": 0.99, "GPU_Mem": 0.68, "name": "mobilenet_v2"}], "inference-model-info": 1, "inference-model-sys-info": {"GPU_Util": 0.98, "GPU_Mem": 0.68}, "inference-model-latency": 4.4159500000000005, "inference-model-name": "mnasnet"}}