{"5243": {"global": [{"cpu-cycles": 14509389621, "instructions": 16584375925, "cache-references": 1109668267, "cache-misses": 11152838, "LLC-loads": 85237853, "LLC-load-misses": 1936997, "LLC-store-misses": 4483671, "LLC-stores": 24822796, "L1-dcache-load-misses": 301318530, "L1-dcache-loads": 5517009662, "L1-dcache-stores": 2899263824, "GPU_Util": 0.99, "GPU_Mem": 0.7}], "model-sons": [{"cpu-cycles": 4654262434, "instructions": 5551234472, "cache-references": 369674454, "cache-misses": 490177, "LLC-loads": 25983943, "LLC-load-misses": 58567, "LLC-store-misses": 23850, "LLC-stores": 6734589, "L1-dcache-load-misses": 96641618, "L1-dcache-loads": 1858005798, "L1-dcache-stores": 968646562, "GPU_Util": 0.99, "GPU_Mem": 0.7, "name": "squeezenet"}, {"cpu-cycles": 4642918078, "instructions": 7486692890, "cache-references": 99775421, "cache-misses": 340529, "LLC-loads": 7208035, "LLC-load-misses": 28918, "LLC-store-misses": 6657, "LLC-stores": 1544114, "L1-dcache-load-misses": 80169753, "L1-dcache-loads": 2581302479, "L1-dcache-stores": 1311018316, "GPU_Util": 0.99, "GPU_Mem": 0.7, "name": "alexnet"}, {"cpu-cycles": 4644084572, "instructions": 3765735718, "cache-references": 590990897, "cache-misses": 624509, "LLC-loads": 45488700, "LLC-load-misses": 79305, "LLC-store-misses": 39708, "LLC-stores": 10583792, "L1-dcache-load-misses": 99782482, "L1-dcache-loads": 1186101483, "L1-dcache-stores": 645296249, "GPU_Util": 0.99, "GPU_Mem": 0.7, "name": "mnasnet"}], "inference-model-info": 1, "inference-model-sys-info": {"GPU_Util": 0.99, "GPU_Mem": 0.7}, "inference-model-latency": 20.38964, "inference-model-name": "vgg_16"}}