{"5257": {"global": [{"cpu-cycles": 14557160127, "instructions": 20964070755, "cache-references": 617174679, "cache-misses": 7488221, "LLC-loads": 44411448, "LLC-load-misses": 517599, "LLC-store-misses": 2915136, "LLC-stores": 14094424, "L1-dcache-load-misses": 281541136, "L1-dcache-loads": 7035226234, "L1-dcache-stores": 3621996970, "GPU_Util": 0.75, "GPU_Mem": 0.73}], "model-sons": [{"cpu-cycles": 4647120082, "instructions": 5712749221, "cache-references": 361912583, "cache-misses": 622019, "LLC-loads": 25496337, "LLC-load-misses": 58033, "LLC-store-misses": 11711, "LLC-stores": 6525064, "L1-dcache-load-misses": 89800696, "L1-dcache-loads": 1908122208, "L1-dcache-stores": 998524089, "GPU_Util": 0.95, "GPU_Mem": 0.73, "name": "squeezenet"}, {"cpu-cycles": 4641442239, "instructions": 7800150500, "cache-references": 96951321, "cache-misses": 537214, "LLC-loads": 7069138, "LLC-load-misses": 33679, "LLC-store-misses": 7302, "LLC-stores": 1526134, "L1-dcache-load-misses": 87883617, "L1-dcache-loads": 2687131473, "L1-dcache-stores": 1372071232, "GPU_Util": 0.95, "GPU_Mem": 0.73, "name": "alexnet"}, {"cpu-cycles": 4640523434, "instructions": 7105214645, "cache-references": 136444045, "cache-misses": 925532, "LLC-loads": 12457842, "LLC-load-misses": 110055, "LLC-store-misses": 58010, "LLC-stores": 2729332, "L1-dcache-load-misses": 90982993, "L1-dcache-loads": 2404289432, "L1-dcache-stores": 1232242271, "GPU_Util": 0.95, "GPU_Mem": 0.73, "name": "resnext50_32x4d"}], "inference-model-info": 1, "inference-model-sys-info": {"GPU_Util": 0.96, "GPU_Mem": 0.73}, "inference-model-latency": 20.387040000000002, "inference-model-name": "vgg_16"}}