{"526": {"global": [{"cpu-cycles": 9782049315, "instructions": 6923806001, "cache-references": 1293399643, "cache-misses": 8501262, "LLC-loads": 99281561, "LLC-load-misses": 621603, "LLC-store-misses": 3949079, "LLC-stores": 25100068, "L1-dcache-load-misses": 211038750, "L1-dcache-loads": 2191450396, "L1-dcache-stores": 1187870968, "GPU_Util": 0.98, "GPU_Mem": 0.54}], "model-sons": [{"cpu-cycles": 4671044826, "instructions": 3258321526, "cache-references": 620340360, "cache-misses": 1086774, "LLC-loads": 47445811, "LLC-load-misses": 104458, "LLC-store-misses": 32510, "LLC-stores": 11187350, "L1-dcache-load-misses": 100508320, "L1-dcache-loads": 993046365, "L1-dcache-stores": 552080496, "GPU_Util": 0.99, "GPU_Mem": 0.54, "name": "googlenet"}, {"cpu-cycles": 4653797431, "instructions": 3428908802, "cache-references": 659435155, "cache-misses": 635626, "LLC-loads": 50594559, "LLC-load-misses": 74765, "LLC-store-misses": 54491, "LLC-stores": 11381228, "L1-dcache-load-misses": 106738058, "L1-dcache-loads": 1057729090, "L1-dcache-stores": 588843161, "GPU_Util": 0.98, "GPU_Mem": 0.54, "name": "mnasnet"}], "inference-model-info": 1, "inference-model-sys-info": {"GPU_Util": 0.99, "GPU_Mem": 0.54}, "inference-model-latency": 3.94, "inference-model-name": "mobilenet_v3_small"}}