{"5272": {"global": [{"cpu-cycles": 14396818902, "instructions": 16653957984, "cache-references": 1145152024, "cache-misses": 8407983, "LLC-loads": 83851453, "LLC-load-misses": 785253, "LLC-store-misses": 3225125, "LLC-stores": 21852242, "L1-dcache-load-misses": 284286745, "L1-dcache-loads": 5446703601, "L1-dcache-stores": 2871924787, "GPU_Util": 0.99, "GPU_Mem": 0.7}], "model-sons": [{"cpu-cycles": 4630657920, "instructions": 5558287034, "cache-references": 381529981, "cache-misses": 806689, "LLC-loads": 26839108, "LLC-load-misses": 68773, "LLC-store-misses": 10516, "LLC-stores": 6651054, "L1-dcache-load-misses": 86641237, "L1-dcache-loads": 1868304912, "L1-dcache-stores": 966344478, "GPU_Util": 0.99, "GPU_Mem": 0.7, "name": "squeezenet"}, {"cpu-cycles": 4634304378, "instructions": 7670847769, "cache-references": 100447310, "cache-misses": 464803, "LLC-loads": 7224363, "LLC-load-misses": 37544, "LLC-store-misses": 32406, "LLC-stores": 1626354, "L1-dcache-load-misses": 94599249, "L1-dcache-loads": 2639927841, "L1-dcache-stores": 1345651884, "GPU_Util": 0.99, "GPU_Mem": 0.7, "name": "alexnet"}, {"cpu-cycles": 4636618570, "instructions": 3071841043, "cache-references": 652132413, "cache-misses": 1127798, "LLC-loads": 48423955, "LLC-load-misses": 89083, "LLC-store-misses": 47764, "LLC-stores": 11267944, "L1-dcache-load-misses": 100948402, "L1-dcache-loads": 950554076, "L1-dcache-stores": 532204894, "GPU_Util": 0.99, "GPU_Mem": 0.7, "name": "mobilenet_v3_large"}], "inference-model-info": 1, "inference-model-sys-info": {"GPU_Util": 0.99, "GPU_Mem": 0.7}, "inference-model-latency": 4.0423, "inference-model-name": "mobilenet_v3_small"}}