{"5306": {"global": [{"cpu-cycles": 14491856983, "instructions": 15739098094, "cache-references": 1264229307, "cache-misses": 13276204, "LLC-loads": 94266049, "LLC-load-misses": 883606, "LLC-store-misses": 549619, "LLC-stores": 23154776, "L1-dcache-load-misses": 240160381, "L1-dcache-loads": 5136941730, "L1-dcache-stores": 2628663360, "GPU_Util": 0.99, "GPU_Mem": 0.76}], "model-sons": [{"cpu-cycles": 4635641954, "instructions": 5412071781, "cache-references": 370345434, "cache-misses": 1115474, "LLC-loads": 25946069, "LLC-load-misses": 57513, "LLC-store-misses": 10746, "LLC-stores": 6689235, "L1-dcache-load-misses": 84376039, "L1-dcache-loads": 1809346964, "L1-dcache-stores": 944248914, "GPU_Util": 0.99, "GPU_Mem": 0.76, "name": "squeezenet"}, {"cpu-cycles": 4635105888, "instructions": 4750136654, "cache-references": 425763287, "cache-misses": 2155898, "LLC-loads": 33890417, "LLC-load-misses": 210115, "LLC-store-misses": 120779, "LLC-stores": 7453767, "L1-dcache-load-misses": 91808263, "L1-dcache-loads": 1563943749, "L1-dcache-stores": 842753748, "GPU_Util": 0.99, "GPU_Mem": 0.76, "name": "mvit"}, {"cpu-cycles": 4623724215, "instructions": 4694909507, "cache-references": 423048384, "cache-misses": 2004889, "LLC-loads": 32976831, "LLC-load-misses": 158836, "LLC-store-misses": 104163, "LLC-stores": 7417450, "L1-dcache-load-misses": 91336431, "L1-dcache-loads": 1531290365, "L1-dcache-stores": 825883886, "GPU_Util": 0.99, "GPU_Mem": 0.76, "name": "mvit"}], "inference-model-info": 1, "inference-model-sys-info": {"GPU_Util": 0.99, "GPU_Mem": 0.76}, "inference-model-latency": 4.49313, "inference-model-name": "mobilenet_v2"}}