{"5334": {"global": [{"cpu-cycles": 14310063202, "instructions": 16721503928, "cache-references": 1191528439, "cache-misses": 10330207, "LLC-loads": 90090616, "LLC-load-misses": 1279076, "LLC-store-misses": 3075726, "LLC-stores": 26429377, "L1-dcache-load-misses": 217547115, "L1-dcache-loads": 5525152935, "L1-dcache-stores": 2770075247, "GPU_Util": 0.98, "GPU_Mem": 0.75}], "model-sons": [{"cpu-cycles": 4640707294, "instructions": 5524644939, "cache-references": 378135824, "cache-misses": 905732, "LLC-loads": 26370151, "LLC-load-misses": 76560, "LLC-store-misses": 27328, "LLC-stores": 6971259, "L1-dcache-load-misses": 81631688, "L1-dcache-loads": 1840856985, "L1-dcache-stores": 956239905, "GPU_Util": 0.95, "GPU_Mem": 0.75, "name": "squeezenet"}, {"cpu-cycles": 4637823526, "instructions": 4809238217, "cache-references": 419978940, "cache-misses": 1783681, "LLC-loads": 32920559, "LLC-load-misses": 109763, "LLC-store-misses": 70588, "LLC-stores": 7472056, "L1-dcache-load-misses": 92002739, "L1-dcache-loads": 1577936721, "L1-dcache-stores": 841877166, "GPU_Util": 0.95, "GPU_Mem": 0.75, "name": "mvit"}, {"cpu-cycles": 4643790198, "instructions": 7009254191, "cache-references": 142051782, "cache-misses": 1542476, "LLC-loads": 11061900, "LLC-load-misses": 144324, "LLC-store-misses": 58880, "LLC-stores": 2821124, "L1-dcache-load-misses": 106239356, "L1-dcache-loads": 2356566741, "L1-dcache-stores": 1209180072, "GPU_Util": 0.95, "GPU_Mem": 0.75, "name": "resnext50_32x4d"}], "inference-model-info": 1, "inference-model-sys-info": {"GPU_Util": 0.95, "GPU_Mem": 0.75}, "inference-model-latency": 4.49548, "inference-model-name": "mobilenet_v2"}}