{"5335": {"global": [{"cpu-cycles": 14353804219, "instructions": 13232959592, "cache-references": 1509002531, "cache-misses": 13046387, "LLC-loads": 113845641, "LLC-load-misses": 904486, "LLC-store-misses": 3868924, "LLC-stores": 27689196, "L1-dcache-load-misses": 281894697, "L1-dcache-loads": 4254142554, "L1-dcache-stores": 2267476182, "GPU_Util": 0.99, "GPU_Mem": 0.72}], "model-sons": [{"cpu-cycles": 4654209803, "instructions": 5411105119, "cache-references": 389467090, "cache-misses": 968903, "LLC-loads": 26743104, "LLC-load-misses": 76853, "LLC-store-misses": 23962, "LLC-stores": 7157787, "L1-dcache-load-misses": 85219442, "L1-dcache-loads": 1809318226, "L1-dcache-stores": 950027867, "GPU_Util": 0.99, "GPU_Mem": 0.72, "name": "squeezenet"}, {"cpu-cycles": 4653418851, "instructions": 4594452223, "cache-references": 440927109, "cache-misses": 1637077, "LLC-loads": 34828971, "LLC-load-misses": 118893, "LLC-store-misses": 78098, "LLC-stores": 7626632, "L1-dcache-load-misses": 90017063, "L1-dcache-loads": 1505179175, "L1-dcache-stores": 802571706, "GPU_Util": 0.99, "GPU_Mem": 0.72, "name": "mvit"}, {"cpu-cycles": 4650395300, "instructions": 3143850407, "cache-references": 647817176, "cache-misses": 1422364, "LLC-loads": 49361954, "LLC-load-misses": 183726, "LLC-store-misses": 73951, "LLC-stores": 11090231, "L1-dcache-load-misses": 103718437, "L1-dcache-loads": 972598767, "L1-dcache-stores": 546004638, "GPU_Util": 0.99, "GPU_Mem": 0.72, "name": "mobilenet_v3_large"}], "inference-model-info": 1, "inference-model-sys-info": {"GPU_Util": 0.97, "GPU_Mem": 0.72}, "inference-model-latency": 29.426810000000003, "inference-model-name": "inception_v3"}}