{"5349": {"global": [{"cpu-cycles": 14282414535, "instructions": 14005149959, "cache-references": 1415135020, "cache-misses": 10350169, "LLC-loads": 108550536, "LLC-load-misses": 873813, "LLC-store-misses": 4409289, "LLC-stores": 29907675, "L1-dcache-load-misses": 291626286, "L1-dcache-loads": 4538186150, "L1-dcache-stores": 2402284877, "GPU_Util": 0.99, "GPU_Mem": 0.72}], "model-sons": [{"cpu-cycles": 4641974135, "instructions": 5574144302, "cache-references": 361771805, "cache-misses": 1035490, "LLC-loads": 25901129, "LLC-load-misses": 84960, "LLC-store-misses": 17698, "LLC-stores": 6621390, "L1-dcache-load-misses": 94728627, "L1-dcache-loads": 1843975599, "L1-dcache-stores": 963221450, "GPU_Util": 0.99, "GPU_Mem": 0.72, "name": "squeezenet"}, {"cpu-cycles": 4641137952, "instructions": 4734157702, "cache-references": 424318057, "cache-misses": 1514209, "LLC-loads": 33543878, "LLC-load-misses": 109168, "LLC-store-misses": 89349, "LLC-stores": 7562539, "L1-dcache-load-misses": 95250699, "L1-dcache-loads": 1537937327, "L1-dcache-stores": 819786307, "GPU_Util": 0.99, "GPU_Mem": 0.72, "name": "mvit"}, {"cpu-cycles": 4646158976, "instructions": 3516424563, "cache-references": 640546641, "cache-misses": 1593128, "LLC-loads": 48427489, "LLC-load-misses": 127490, "LLC-store-misses": 18815, "LLC-stores": 11529645, "L1-dcache-load-misses": 103432423, "L1-dcache-loads": 1103952046, "L1-dcache-stores": 606879450, "GPU_Util": 0.99, "GPU_Mem": 0.72, "name": "mobilenet_v2"}], "inference-model-info": 1, "inference-model-sys-info": {"GPU_Util": 0.97, "GPU_Mem": 0.72}, "inference-model-latency": 29.49521, "inference-model-name": "inception_v3"}}