{"535": {"global": [{"cpu-cycles": 10095773905, "instructions": 10917955209, "cache-references": 893461015, "cache-misses": 4932666, "LLC-loads": 68847907, "LLC-load-misses": 520048, "LLC-store-misses": 4922183, "LLC-stores": 26026416, "L1-dcache-load-misses": 209156812, "L1-dcache-loads": 3647521626, "L1-dcache-stores": 1871210644, "GPU_Util": 0.92, "GPU_Mem": 0.57}], "model-sons": [{"cpu-cycles": 4682668282, "instructions": 3481193933, "cache-references": 666332748, "cache-misses": 473709, "LLC-loads": 52338054, "LLC-load-misses": 46672, "LLC-store-misses": 35042, "LLC-stores": 11610185, "L1-dcache-load-misses": 108832571, "L1-dcache-loads": 1057637093, "L1-dcache-stores": 589520049, "GPU_Util": 0.93, "GPU_Mem": 0.57, "name": "googlenet"}, {"cpu-cycles": 4679136667, "instructions": 6982103703, "cache-references": 205641870, "cache-misses": 1535967, "LLC-loads": 15690741, "LLC-load-misses": 140678, "LLC-store-misses": 24699, "LLC-stores": 4168221, "L1-dcache-load-misses": 90198126, "L1-dcache-loads": 2295812378, "L1-dcache-stores": 1178268122, "GPU_Util": 0.93, "GPU_Mem": 0.57, "name": "resnext50_32x4d"}], "inference-model-info": 1, "inference-model-sys-info": {"GPU_Util": 0.93, "GPU_Mem": 0.57}, "inference-model-latency": 2.55153, "inference-model-name": "squeezenet"}}