{"5369": {"global": [{"cpu-cycles": 14827216649, "instructions": 13456170897, "cache-references": 1626612117, "cache-misses": 11962303, "LLC-loads": 121508981, "LLC-load-misses": 649634, "LLC-store-misses": 1159070, "LLC-stores": 31199964, "L1-dcache-load-misses": 291561740, "L1-dcache-loads": 4180383021, "L1-dcache-stores": 2268983774, "GPU_Util": 0.81, "GPU_Mem": 0.68}], "model-sons": [{"cpu-cycles": 4649300314, "instructions": 5413628183, "cache-references": 372409628, "cache-misses": 593742, "LLC-loads": 26712814, "LLC-load-misses": 53579, "LLC-store-misses": 13256, "LLC-stores": 6634825, "L1-dcache-load-misses": 85330648, "L1-dcache-loads": 1807117234, "L1-dcache-stores": 948641637, "GPU_Util": 0.99, "GPU_Mem": 0.68, "name": "squeezenet"}, {"cpu-cycles": 4658382473, "instructions": 4021438323, "cache-references": 594144635, "cache-misses": 1143711, "LLC-loads": 45755014, "LLC-load-misses": 86569, "LLC-store-misses": 12384, "LLC-stores": 10426846, "L1-dcache-load-misses": 102296605, "L1-dcache-loads": 1281920240, "L1-dcache-stores": 706508138, "GPU_Util": 0.99, "GPU_Mem": 0.68, "name": "mnasnet"}, {"cpu-cycles": 4657619304, "instructions": 3682192085, "cache-references": 606857828, "cache-misses": 813818, "LLC-loads": 45536982, "LLC-load-misses": 74996, "LLC-store-misses": 9937, "LLC-stores": 10473115, "L1-dcache-load-misses": 99499505, "L1-dcache-loads": 1162818286, "L1-dcache-stores": 642196582, "GPU_Util": 0.99, "GPU_Mem": 0.68, "name": "mnasnet"}], "inference-model-info": 1, "inference-model-sys-info": {"GPU_Util": 0.99, "GPU_Mem": 0.68}, "inference-model-latency": 20.358479999999997, "inference-model-name": "vgg_16"}}