{"5413": {"global": [{"cpu-cycles": 14645803872, "instructions": 12999701928, "cache-references": 1627566229, "cache-misses": 9801805, "LLC-loads": 120078583, "LLC-load-misses": 489322, "LLC-store-misses": 236796, "LLC-stores": 29422753, "L1-dcache-load-misses": 296050985, "L1-dcache-loads": 4128913275, "L1-dcache-stores": 2179314677, "GPU_Util": 0.99, "GPU_Mem": 0.69}], "model-sons": [{"cpu-cycles": 4659670458, "instructions": 5608360102, "cache-references": 378445394, "cache-misses": 674632, "LLC-loads": 26322998, "LLC-load-misses": 44734, "LLC-store-misses": 4567, "LLC-stores": 6219892, "L1-dcache-load-misses": 92949209, "L1-dcache-loads": 1886071703, "L1-dcache-stores": 978081116, "GPU_Util": 0.99, "GPU_Mem": 0.69, "name": "squeezenet"}, {"cpu-cycles": 4653085612, "instructions": 3731398924, "cache-references": 596114950, "cache-misses": 662350, "LLC-loads": 44170063, "LLC-load-misses": 79165, "LLC-store-misses": 50019, "LLC-stores": 10770967, "L1-dcache-load-misses": 99634255, "L1-dcache-loads": 1168467282, "L1-dcache-stores": 648677224, "GPU_Util": 0.99, "GPU_Mem": 0.69, "name": "mnasnet"}, {"cpu-cycles": 4651516547, "instructions": 3252638927, "cache-references": 637182510, "cache-misses": 919906, "LLC-loads": 48051982, "LLC-load-misses": 70258, "LLC-store-misses": 10335, "LLC-stores": 11967006, "L1-dcache-load-misses": 102832001, "L1-dcache-loads": 1008372676, "L1-dcache-stores": 566343262, "GPU_Util": 0.99, "GPU_Mem": 0.69, "name": "mobilenet_v2"}], "inference-model-info": 1, "inference-model-sys-info": {"GPU_Util": 0.99, "GPU_Mem": 0.69}, "inference-model-latency": 3.0050299999999996, "inference-model-name": "alexnet"}}