{"5435": {"global": [{"cpu-cycles": 14308959158, "instructions": 15961561227, "cache-references": 1241879979, "cache-misses": 10174195, "LLC-loads": 92239719, "LLC-load-misses": 923935, "LLC-store-misses": 953651, "LLC-stores": 22999762, "L1-dcache-load-misses": 278379050, "L1-dcache-loads": 5158729518, "L1-dcache-stores": 2715758212, "GPU_Util": 0.96, "GPU_Mem": 0.71}], "model-sons": [{"cpu-cycles": 4648225035, "instructions": 5564105567, "cache-references": 366157974, "cache-misses": 732866, "LLC-loads": 25627414, "LLC-load-misses": 63823, "LLC-store-misses": 7496, "LLC-stores": 6307512, "L1-dcache-load-misses": 86336396, "L1-dcache-loads": 1858337076, "L1-dcache-stores": 969373276, "GPU_Util": 0.94, "GPU_Mem": 0.71, "name": "squeezenet"}, {"cpu-cycles": 4646049620, "instructions": 7292817832, "cache-references": 140812764, "cache-misses": 930627, "LLC-loads": 11025397, "LLC-load-misses": 90325, "LLC-store-misses": 63489, "LLC-stores": 2733929, "L1-dcache-load-misses": 89282958, "L1-dcache-loads": 2448049209, "L1-dcache-stores": 1250456617, "GPU_Util": 0.94, "GPU_Mem": 0.71, "name": "resnext50_32x4d"}, {"cpu-cycles": 4650833312, "instructions": 3233993714, "cache-references": 673222457, "cache-misses": 962899, "LLC-loads": 51155166, "LLC-load-misses": 74587, "LLC-store-misses": 14204, "LLC-stores": 11927158, "L1-dcache-load-misses": 106623991, "L1-dcache-loads": 1001215349, "L1-dcache-stores": 560366538, "GPU_Util": 0.94, "GPU_Mem": 0.71, "name": "mobilenet_v3_large"}], "inference-model-info": 1, "inference-model-sys-info": {"GPU_Util": 0.95, "GPU_Mem": 0.71}, "inference-model-latency": 3.4171700000000005, "inference-model-name": "squeezenet"}}