{"5452": {"global": [{"cpu-cycles": 14288001097, "instructions": 16005893830, "cache-references": 1290440485, "cache-misses": 8761726, "LLC-loads": 96311994, "LLC-load-misses": 826500, "LLC-store-misses": 4277004, "LLC-stores": 26655244, "L1-dcache-load-misses": 254013690, "L1-dcache-loads": 5275015311, "L1-dcache-stores": 2662916000, "GPU_Util": 0.98, "GPU_Mem": 0.71}], "model-sons": [{"cpu-cycles": 4652260773, "instructions": 5563862991, "cache-references": 371415756, "cache-misses": 761017, "LLC-loads": 25599699, "LLC-load-misses": 57556, "LLC-store-misses": 6417, "LLC-stores": 6748816, "L1-dcache-load-misses": 80029658, "L1-dcache-loads": 1869394930, "L1-dcache-stores": 970639106, "GPU_Util": 0.95, "GPU_Mem": 0.71, "name": "squeezenet"}, {"cpu-cycles": 4648792627, "instructions": 7327343472, "cache-references": 139699865, "cache-misses": 840718, "LLC-loads": 10758822, "LLC-load-misses": 76207, "LLC-store-misses": 46247, "LLC-stores": 2936316, "L1-dcache-load-misses": 107739168, "L1-dcache-loads": 2471360920, "L1-dcache-stores": 1267833870, "GPU_Util": 0.95, "GPU_Mem": 0.71, "name": "resnext50_32x4d"}, {"cpu-cycles": 4656881772, "instructions": 3802596291, "cache-references": 619260555, "cache-misses": 682454, "LLC-loads": 48134135, "LLC-load-misses": 62332, "LLC-store-misses": 31818, "LLC-stores": 11301665, "L1-dcache-load-misses": 105523021, "L1-dcache-loads": 1190710007, "L1-dcache-stores": 658756788, "GPU_Util": 0.95, "GPU_Mem": 0.71, "name": "mobilenet_v2"}], "inference-model-info": 1, "inference-model-sys-info": {"GPU_Util": 0.96, "GPU_Mem": 0.71}, "inference-model-latency": 15.638200000000001, "inference-model-name": "vgg_13"}}