{"5488": {"global": [{"cpu-cycles": 14657340973, "instructions": 12557392340, "cache-references": 1717419582, "cache-misses": 7441937, "LLC-loads": 128533438, "LLC-load-misses": 456326, "LLC-store-misses": 450547, "LLC-stores": 30171429, "L1-dcache-load-misses": 297910897, "L1-dcache-loads": 3889459314, "L1-dcache-stores": 2119868649, "GPU_Util": 0.99, "GPU_Mem": 0.69}], "model-sons": [{"cpu-cycles": 4650097800, "instructions": 5517908957, "cache-references": 386320353, "cache-misses": 541792, "LLC-loads": 27739270, "LLC-load-misses": 41725, "LLC-store-misses": 13458, "LLC-stores": 6768058, "L1-dcache-load-misses": 86249434, "L1-dcache-loads": 1838789807, "L1-dcache-stores": 957694697, "GPU_Util": 0.99, "GPU_Mem": 0.69, "name": "squeezenet"}, {"cpu-cycles": 4651274279, "instructions": 3234153319, "cache-references": 680044539, "cache-misses": 847114, "LLC-loads": 50646236, "LLC-load-misses": 69647, "LLC-store-misses": 41999, "LLC-stores": 11362469, "L1-dcache-load-misses": 105648834, "L1-dcache-loads": 998223391, "L1-dcache-stores": 561047394, "GPU_Util": 0.99, "GPU_Mem": 0.69, "name": "mobilenet_v3_large"}, {"cpu-cycles": 4649980702, "instructions": 3516953949, "cache-references": 642641088, "cache-misses": 782752, "LLC-loads": 48866349, "LLC-load-misses": 68580, "LLC-store-misses": 30771, "LLC-stores": 11303112, "L1-dcache-load-misses": 105662478, "L1-dcache-loads": 1096440192, "L1-dcache-stores": 611184438, "GPU_Util": 0.99, "GPU_Mem": 0.69, "name": "mobilenet_v2"}], "inference-model-info": 1, "inference-model-sys-info": {"GPU_Util": 0.99, "GPU_Mem": 0.69}, "inference-model-latency": 4.45354, "inference-model-name": "mobilenet_v2"}}