{"5501": {"global": [{"cpu-cycles": 14476278603, "instructions": 12703123503, "cache-references": 1676333000, "cache-misses": 10064765, "LLC-loads": 126043439, "LLC-load-misses": 552190, "LLC-store-misses": 94439, "LLC-stores": 30263781, "L1-dcache-load-misses": 290603555, "L1-dcache-loads": 3888900524, "L1-dcache-stores": 2128580563, "GPU_Util": 0.99, "GPU_Mem": 0.69}], "model-sons": [{"cpu-cycles": 4649725891, "instructions": 5549148235, "cache-references": 371895389, "cache-misses": 502447, "LLC-loads": 26720220, "LLC-load-misses": 55587, "LLC-store-misses": 11283, "LLC-stores": 6787227, "L1-dcache-load-misses": 81532541, "L1-dcache-loads": 1848058505, "L1-dcache-stores": 969062071, "GPU_Util": 0.99, "GPU_Mem": 0.69, "name": "squeezenet"}, {"cpu-cycles": 4646144209, "instructions": 3361049071, "cache-references": 637901129, "cache-misses": 656482, "LLC-loads": 48708811, "LLC-load-misses": 68597, "LLC-store-misses": 46901, "LLC-stores": 11626831, "L1-dcache-load-misses": 103198805, "L1-dcache-loads": 1040570101, "L1-dcache-stores": 579731601, "GPU_Util": 0.99, "GPU_Mem": 0.69, "name": "mobilenet_v2"}, {"cpu-cycles": 4646438721, "instructions": 3472828235, "cache-references": 636670186, "cache-misses": 797930, "LLC-loads": 48835822, "LLC-load-misses": 65101, "LLC-store-misses": 39557, "LLC-stores": 11123974, "L1-dcache-load-misses": 103785840, "L1-dcache-loads": 1077344458, "L1-dcache-stores": 599493511, "GPU_Util": 0.99, "GPU_Mem": 0.69, "name": "mobilenet_v2"}], "inference-model-info": 1, "inference-model-sys-info": {"GPU_Util": 0.99, "GPU_Mem": 0.69}, "inference-model-latency": 5.390299999999999, "inference-model-name": "mobilenet_v3_large"}}