{"5506": {"global": [{"cpu-cycles": 14192541585, "instructions": 9707885968, "cache-references": 1931518023, "cache-misses": 8504113, "LLC-loads": 145697715, "LLC-load-misses": 539759, "LLC-store-misses": 4078710, "LLC-stores": 34880488, "L1-dcache-load-misses": 302426464, "L1-dcache-loads": 2941355335, "L1-dcache-stores": 1653073039, "GPU_Util": 0.92, "GPU_Mem": 0.67}], "model-sons": [{"cpu-cycles": 4647971948, "instructions": 3161319865, "cache-references": 640640092, "cache-misses": 839273, "LLC-loads": 48869654, "LLC-load-misses": 68024, "LLC-store-misses": 52765, "LLC-stores": 10867695, "L1-dcache-load-misses": 101213639, "L1-dcache-loads": 984448627, "L1-dcache-stores": 552643468, "GPU_Util": 0.98, "GPU_Mem": 0.67, "name": "shufflenet"}, {"cpu-cycles": 4639677055, "instructions": 3117954049, "cache-references": 643898656, "cache-misses": 953429, "LLC-loads": 48526816, "LLC-load-misses": 81353, "LLC-store-misses": 54435, "LLC-stores": 11068158, "L1-dcache-load-misses": 99734069, "L1-dcache-loads": 969247744, "L1-dcache-stores": 544557724, "GPU_Util": 0.98, "GPU_Mem": 0.67, "name": "shufflenet"}, {"cpu-cycles": 4644691144, "instructions": 3148476346, "cache-references": 654157516, "cache-misses": 823768, "LLC-loads": 49178470, "LLC-load-misses": 72204, "LLC-store-misses": 55290, "LLC-stores": 10950607, "L1-dcache-load-misses": 100474930, "L1-dcache-loads": 976620579, "L1-dcache-stores": 549457287, "GPU_Util": 0.98, "GPU_Mem": 0.67, "name": "shufflenet"}], "inference-model-info": 1, "inference-model-sys-info": {"GPU_Util": 0.98, "GPU_Mem": 0.67}, "inference-model-latency": 4.33361, "inference-model-name": "shufflenet"}}