{"5527": {"global": [{"cpu-cycles": 14535063813, "instructions": 14066202190, "cache-references": 1425753300, "cache-misses": 34318999, "LLC-loads": 111278242, "LLC-load-misses": 4523452, "LLC-store-misses": 9228147, "LLC-stores": 35791876, "L1-dcache-load-misses": 297063595, "L1-dcache-loads": 4445119429, "L1-dcache-stores": 2404419087, "GPU_Util": 0.99, "GPU_Mem": 0.74}], "model-sons": [{"cpu-cycles": 4662107496, "instructions": 3141402502, "cache-references": 647392465, "cache-misses": 588016, "LLC-loads": 48430372, "LLC-load-misses": 52294, "LLC-store-misses": 56516, "LLC-stores": 11363662, "L1-dcache-load-misses": 99604081, "L1-dcache-loads": 971906427, "L1-dcache-stores": 544429689, "GPU_Util": 0.99, "GPU_Mem": 0.74, "name": "shufflenet"}, {"cpu-cycles": 4662553948, "instructions": 3169308375, "cache-references": 654058915, "cache-misses": 754199, "LLC-loads": 49751264, "LLC-load-misses": 40097, "LLC-store-misses": 36266, "LLC-stores": 11067711, "L1-dcache-load-misses": 102367727, "L1-dcache-loads": 985331843, "L1-dcache-stores": 553621888, "GPU_Util": 0.99, "GPU_Mem": 0.74, "name": "shufflenet"}, {"cpu-cycles": 4661742458, "instructions": 7753037141, "cache-references": 76046757, "cache-misses": 441044, "LLC-loads": 5511733, "LLC-load-misses": 42641, "LLC-store-misses": 37663, "LLC-stores": 1323774, "L1-dcache-load-misses": 81217116, "L1-dcache-loads": 2652838828, "L1-dcache-stores": 1356364321, "GPU_Util": 0.99, "GPU_Mem": 0.74, "name": "vgg_11"}], "inference-model-info": 1, "inference-model-sys-info": {"GPU_Util": 0.99, "GPU_Mem": 0.74}, "inference-model-latency": 3.76054, "inference-model-name": "mnasnet"}}