{"5599": {"global": [{"cpu-cycles": 14137104608, "instructions": 9603750856, "cache-references": 1917177408, "cache-misses": 9430413, "LLC-loads": 146795363, "LLC-load-misses": 831489, "LLC-store-misses": 591141, "LLC-stores": 33216063, "L1-dcache-load-misses": 306696962, "L1-dcache-loads": 3053109587, "L1-dcache-stores": 1661774307, "GPU_Util": 0.98, "GPU_Mem": 0.71}], "model-sons": [{"cpu-cycles": 4662121635, "instructions": 3241141845, "cache-references": 663499173, "cache-misses": 1779017, "LLC-loads": 50194706, "LLC-load-misses": 145293, "LLC-store-misses": 38614, "LLC-stores": 11171699, "L1-dcache-load-misses": 103847684, "L1-dcache-loads": 1006529374, "L1-dcache-stores": 566817134, "GPU_Util": 0.98, "GPU_Mem": 0.71, "name": "shufflenet"}, {"cpu-cycles": 4658688564, "instructions": 3294015635, "cache-references": 656399947, "cache-misses": 995936, "LLC-loads": 50835482, "LLC-load-misses": 75941, "LLC-store-misses": 65492, "LLC-stores": 11207176, "L1-dcache-load-misses": 105256519, "L1-dcache-loads": 1015545192, "L1-dcache-stores": 572719605, "GPU_Util": 0.98, "GPU_Mem": 0.71, "name": "shufflenet"}, {"cpu-cycles": 4654381478, "instructions": 3043554195, "cache-references": 589859966, "cache-misses": 2654926, "LLC-loads": 45540594, "LLC-load-misses": 181649, "LLC-store-misses": 71849, "LLC-stores": 10504076, "L1-dcache-load-misses": 99742639, "L1-dcache-loads": 943287270, "L1-dcache-stores": 535043094, "GPU_Util": 0.98, "GPU_Mem": 0.71, "name": "mvit"}], "inference-model-info": 1, "inference-model-sys-info": {"GPU_Util": 0.98, "GPU_Mem": 0.71}, "inference-model-latency": 4.68329, "inference-model-name": "mobilenet_v3_large"}}