{"561": {"global": [{"cpu-cycles": 9985261310, "instructions": 7195722749, "cache-references": 1298049489, "cache-misses": 8429923, "LLC-loads": 99502515, "LLC-load-misses": 344384, "LLC-store-misses": 1510334, "LLC-stores": 24740369, "L1-dcache-load-misses": 212697788, "L1-dcache-loads": 2147804929, "L1-dcache-stores": 1218571064, "GPU_Util": 0.98, "GPU_Mem": 0.54}], "model-sons": [{"cpu-cycles": 4667957370, "instructions": 3410768198, "cache-references": 649269921, "cache-misses": 863221, "LLC-loads": 50582753, "LLC-load-misses": 57295, "LLC-store-misses": 55472, "LLC-stores": 11693218, "L1-dcache-load-misses": 105157280, "L1-dcache-loads": 1045519805, "L1-dcache-stores": 581558208, "GPU_Util": 0.98, "GPU_Mem": 0.54, "name": "googlenet"}, {"cpu-cycles": 4654357174, "instructions": 3344824227, "cache-references": 641401345, "cache-misses": 1207086, "LLC-loads": 48999440, "LLC-load-misses": 93106, "LLC-store-misses": 59400, "LLC-stores": 11561233, "L1-dcache-load-misses": 104432734, "L1-dcache-loads": 1041616540, "L1-dcache-stores": 583605915, "GPU_Util": 0.99, "GPU_Mem": 0.54, "name": "mobilenet_v2"}], "inference-model-info": 1, "inference-model-sys-info": {"GPU_Util": 0.96, "GPU_Mem": 0.54}, "inference-model-latency": 21.995359999999994, "inference-model-name": "inception_v3"}}