{"5629": {"global": [{"cpu-cycles": 14491512773, "instructions": 9752840676, "cache-references": 1933893170, "cache-misses": 7934899, "LLC-loads": 145835094, "LLC-load-misses": 452205, "LLC-store-misses": 545421, "LLC-stores": 33957059, "L1-dcache-load-misses": 305014863, "L1-dcache-loads": 2949058977, "L1-dcache-stores": 1671379479, "GPU_Util": 0.95, "GPU_Mem": 0.68}], "model-sons": [{"cpu-cycles": 4660056661, "instructions": 3180467453, "cache-references": 656892077, "cache-misses": 1138595, "LLC-loads": 49233256, "LLC-load-misses": 89673, "LLC-store-misses": 39625, "LLC-stores": 11021311, "L1-dcache-load-misses": 101591905, "L1-dcache-loads": 988193417, "L1-dcache-stores": 553987090, "GPU_Util": 0.98, "GPU_Mem": 0.68, "name": "shufflenet"}, {"cpu-cycles": 4659002556, "instructions": 3186260394, "cache-references": 643007532, "cache-misses": 709028, "LLC-loads": 49279085, "LLC-load-misses": 62018, "LLC-store-misses": 53130, "LLC-stores": 11115319, "L1-dcache-load-misses": 100960675, "L1-dcache-loads": 987017747, "L1-dcache-stores": 553712412, "GPU_Util": 0.98, "GPU_Mem": 0.68, "name": "shufflenet"}, {"cpu-cycles": 4657083255, "instructions": 3062236556, "cache-references": 642270841, "cache-misses": 1447003, "LLC-loads": 48203603, "LLC-load-misses": 114102, "LLC-store-misses": 47733, "LLC-stores": 11360462, "L1-dcache-load-misses": 100723669, "L1-dcache-loads": 947737771, "L1-dcache-stores": 530439514, "GPU_Util": 0.98, "GPU_Mem": 0.68, "name": "mobilenet_v3_large"}], "inference-model-info": 1, "inference-model-sys-info": {"GPU_Util": 0.96, "GPU_Mem": 0.68}, "inference-model-latency": 24.39938, "inference-model-name": "inception_v3"}}