{"5649": {"global": [{"cpu-cycles": 14090282409, "instructions": 9704592398, "cache-references": 1959861622, "cache-misses": 6067579, "LLC-loads": 147922340, "LLC-load-misses": 486973, "LLC-store-misses": 4778344, "LLC-stores": 36444917, "L1-dcache-load-misses": 307857285, "L1-dcache-loads": 3125072089, "L1-dcache-stores": 1690532609, "GPU_Util": 0.98, "GPU_Mem": 0.68}], "model-sons": [{"cpu-cycles": 4640371558, "instructions": 3161646315, "cache-references": 647300715, "cache-misses": 768034, "LLC-loads": 49011678, "LLC-load-misses": 84588, "LLC-store-misses": 36966, "LLC-stores": 10972053, "L1-dcache-load-misses": 102108037, "L1-dcache-loads": 977892211, "L1-dcache-stores": 551139864, "GPU_Util": 0.98, "GPU_Mem": 0.68, "name": "shufflenet"}, {"cpu-cycles": 4649698185, "instructions": 3213298921, "cache-references": 656855117, "cache-misses": 704797, "LLC-loads": 49417330, "LLC-load-misses": 43513, "LLC-store-misses": 15499, "LLC-stores": 11380790, "L1-dcache-load-misses": 102636770, "L1-dcache-loads": 996812720, "L1-dcache-stores": 561130468, "GPU_Util": 0.98, "GPU_Mem": 0.68, "name": "shufflenet"}, {"cpu-cycles": 4647947144, "instructions": 3325297084, "cache-references": 652241166, "cache-misses": 908068, "LLC-loads": 49390148, "LLC-load-misses": 92540, "LLC-store-misses": 32722, "LLC-stores": 11943648, "L1-dcache-load-misses": 103938509, "L1-dcache-loads": 1028193663, "L1-dcache-stores": 577576777, "GPU_Util": 0.98, "GPU_Mem": 0.68, "name": "mobilenet_v2"}], "inference-model-info": 1, "inference-model-sys-info": {"GPU_Util": 0.99, "GPU_Mem": 0.68}, "inference-model-latency": 16.851810000000004, "inference-model-name": "vgg_16"}}