{"5670": {"global": [{"cpu-cycles": 14413557040, "instructions": 18319305761, "cache-references": 880864287, "cache-misses": 79807924, "LLC-loads": 79767081, "LLC-load-misses": 11152598, "LLC-store-misses": 15731436, "LLC-stores": 36278710, "L1-dcache-load-misses": 264608662, "L1-dcache-loads": 6055683241, "L1-dcache-stores": 3202743945, "GPU_Util": 0.77, "GPU_Mem": 0.81}], "model-sons": [{"cpu-cycles": 4648306933, "instructions": 3174274712, "cache-references": 656274277, "cache-misses": 467576, "LLC-loads": 49639057, "LLC-load-misses": 50130, "LLC-store-misses": 26867, "LLC-stores": 11438473, "L1-dcache-load-misses": 102491170, "L1-dcache-loads": 984062981, "L1-dcache-stores": 550841759, "GPU_Util": 0.99, "GPU_Mem": 0.81, "name": "shufflenet"}, {"cpu-cycles": 4643611341, "instructions": 8101362149, "cache-references": 51966899, "cache-misses": 452973, "LLC-loads": 3702127, "LLC-load-misses": 31463, "LLC-store-misses": 489, "LLC-stores": 809871, "L1-dcache-load-misses": 58605670, "L1-dcache-loads": 2793522242, "L1-dcache-stores": 1417713323, "GPU_Util": 0.99, "GPU_Mem": 0.81, "name": "vgg_11"}, {"cpu-cycles": 4651337243, "instructions": 8179186616, "cache-references": 53130104, "cache-misses": 231442, "LLC-loads": 3781708, "LLC-load-misses": 22329, "LLC-store-misses": 11206, "LLC-stores": 878140, "L1-dcache-load-misses": 61165348, "L1-dcache-loads": 2802309589, "L1-dcache-stores": 1424816975, "GPU_Util": 0.99, "GPU_Mem": 0.81, "name": "vgg_11"}], "inference-model-info": 1, "inference-model-sys-info": {"GPU_Util": 0.99, "GPU_Mem": 0.81}, "inference-model-latency": 4.25923, "inference-model-name": "mobilenet_v2"}}