{"5688": {"global": [{"cpu-cycles": 14549332327, "instructions": 18723991569, "cache-references": 878617606, "cache-misses": 85297222, "LLC-loads": 82627407, "LLC-load-misses": 12203764, "LLC-store-misses": 13127129, "LLC-stores": 33398308, "L1-dcache-load-misses": 273746855, "L1-dcache-loads": 6006939689, "L1-dcache-stores": 3096846430, "GPU_Util": 0.74, "GPU_Mem": 0.82}], "model-sons": [{"cpu-cycles": 4613891958, "instructions": 3234855489, "cache-references": 648946009, "cache-misses": 1092320, "LLC-loads": 49756584, "LLC-load-misses": 73750, "LLC-store-misses": 56124, "LLC-stores": 11243774, "L1-dcache-load-misses": 103517859, "L1-dcache-loads": 1007250739, "L1-dcache-stores": 565371499, "GPU_Util": 0.99, "GPU_Mem": 0.82, "name": "shufflenet"}, {"cpu-cycles": 4643516239, "instructions": 8255182589, "cache-references": 53726768, "cache-misses": 513799, "LLC-loads": 3884836, "LLC-load-misses": 39857, "LLC-store-misses": 31376, "LLC-stores": 980181, "L1-dcache-load-misses": 60960334, "L1-dcache-loads": 2836807718, "L1-dcache-stores": 1448769997, "GPU_Util": 0.99, "GPU_Mem": 0.82, "name": "vgg_11"}, {"cpu-cycles": 4625060254, "instructions": 8290458891, "cache-references": 45656121, "cache-misses": 654979, "LLC-loads": 3243827, "LLC-load-misses": 49529, "LLC-store-misses": 36837, "LLC-stores": 810374, "L1-dcache-load-misses": 73835244, "L1-dcache-loads": 2868238517, "L1-dcache-stores": 1459192831, "GPU_Util": 0.99, "GPU_Mem": 0.82, "name": "vgg_16"}], "inference-model-info": 1, "inference-model-sys-info": {"GPU_Util": 0.99, "GPU_Mem": 0.82}, "inference-model-latency": 4.45087, "inference-model-name": "shufflenet"}}