{"5707": {"global": [{"cpu-cycles": 14994654142, "instructions": 14649281099, "cache-references": 1497945836, "cache-misses": 46433400, "LLC-loads": 120655179, "LLC-load-misses": 5345583, "LLC-store-misses": 7052245, "LLC-stores": 34201737, "L1-dcache-load-misses": 294569649, "L1-dcache-loads": 4859420871, "L1-dcache-stores": 2556390774, "GPU_Util": 0.99, "GPU_Mem": 0.74}], "model-sons": [{"cpu-cycles": 4646865562, "instructions": 3269315650, "cache-references": 654965325, "cache-misses": 891652, "LLC-loads": 50315610, "LLC-load-misses": 40408, "LLC-store-misses": 6110, "LLC-stores": 11026601, "L1-dcache-load-misses": 104057113, "L1-dcache-loads": 1016627449, "L1-dcache-stores": 570024678, "GPU_Util": 0.99, "GPU_Mem": 0.74, "name": "shufflenet"}, {"cpu-cycles": 4611027978, "instructions": 7871186665, "cache-references": 71303765, "cache-misses": 626495, "LLC-loads": 5082499, "LLC-load-misses": 52309, "LLC-store-misses": 15893, "LLC-stores": 1128164, "L1-dcache-load-misses": 64577439, "L1-dcache-loads": 2708610399, "L1-dcache-stores": 1377330596, "GPU_Util": 0.99, "GPU_Mem": 0.74, "name": "vgg_11"}, {"cpu-cycles": 4639629456, "instructions": 3192935318, "cache-references": 683841322, "cache-misses": 1337639, "LLC-loads": 51928295, "LLC-load-misses": 82432, "LLC-store-misses": 11595, "LLC-stores": 10856563, "L1-dcache-load-misses": 105650303, "L1-dcache-loads": 988899314, "L1-dcache-stores": 551163283, "GPU_Util": 0.99, "GPU_Mem": 0.74, "name": "mobilenet_v3_small"}], "inference-model-info": 1, "inference-model-sys-info": {"GPU_Util": 0.99, "GPU_Mem": 0.74}, "inference-model-latency": 2.6875600000000004, "inference-model-name": "alexnet"}}