{"5747": {"global": [{"cpu-cycles": 14507149919, "instructions": 14573797716, "cache-references": 1404502959, "cache-misses": 38215255, "LLC-loads": 109941584, "LLC-load-misses": 4832071, "LLC-store-misses": 7489072, "LLC-stores": 36245957, "L1-dcache-load-misses": 303328641, "L1-dcache-loads": 4724986817, "L1-dcache-stores": 2488878602, "GPU_Util": 0.76, "GPU_Mem": 0.75}], "model-sons": [{"cpu-cycles": 4633114263, "instructions": 3134974248, "cache-references": 644184654, "cache-misses": 1145575, "LLC-loads": 47859886, "LLC-load-misses": 90862, "LLC-store-misses": 66250, "LLC-stores": 11432623, "L1-dcache-load-misses": 101161646, "L1-dcache-loads": 974880653, "L1-dcache-stores": 548062257, "GPU_Util": 0.99, "GPU_Mem": 0.75, "name": "shufflenet"}, {"cpu-cycles": 4645159263, "instructions": 8154445902, "cache-references": 56586875, "cache-misses": 693855, "LLC-loads": 4073884, "LLC-load-misses": 44094, "LLC-store-misses": 35914, "LLC-stores": 1127855, "L1-dcache-load-misses": 75711505, "L1-dcache-loads": 2754131521, "L1-dcache-stores": 1410235026, "GPU_Util": 0.99, "GPU_Mem": 0.75, "name": "vgg_11"}, {"cpu-cycles": 4641370465, "instructions": 3316555025, "cache-references": 650781466, "cache-misses": 1121378, "LLC-loads": 48730843, "LLC-load-misses": 95342, "LLC-store-misses": 51162, "LLC-stores": 11143164, "L1-dcache-load-misses": 102389450, "L1-dcache-loads": 1020294868, "L1-dcache-stores": 571788226, "GPU_Util": 0.99, "GPU_Mem": 0.75, "name": "mnasnet"}], "inference-model-info": 1, "inference-model-sys-info": {"GPU_Util": 0.99, "GPU_Mem": 0.75}, "inference-model-latency": 19.161209999999997, "inference-model-name": "vgg_16"}}