{"5764": {"global": [{"cpu-cycles": 15047802140, "instructions": 17802705241, "cache-references": 1091887246, "cache-misses": 57207761, "LLC-loads": 92096669, "LLC-load-misses": 6330810, "LLC-store-misses": 8828363, "LLC-stores": 27522735, "L1-dcache-load-misses": 246781851, "L1-dcache-loads": 5846354995, "L1-dcache-stores": 2946252286, "GPU_Util": 0.78, "GPU_Mem": 0.77}], "model-sons": [{"cpu-cycles": 4651928447, "instructions": 3178427607, "cache-references": 641247718, "cache-misses": 604021, "LLC-loads": 49567106, "LLC-load-misses": 55628, "LLC-store-misses": 55897, "LLC-stores": 11422146, "L1-dcache-load-misses": 101602546, "L1-dcache-loads": 979662942, "L1-dcache-stores": 550083364, "GPU_Util": 0.92, "GPU_Mem": 0.77, "name": "shufflenet"}, {"cpu-cycles": 4648706545, "instructions": 8244456053, "cache-references": 53567352, "cache-misses": 610255, "LLC-loads": 3773770, "LLC-load-misses": 44773, "LLC-store-misses": 2969, "LLC-stores": 899606, "L1-dcache-load-misses": 61155255, "L1-dcache-loads": 2834309175, "L1-dcache-stores": 1442974940, "GPU_Util": 0.94, "GPU_Mem": 0.77, "name": "vgg_11"}, {"cpu-cycles": 4631044118, "instructions": 7141245103, "cache-references": 158164365, "cache-misses": 1448081, "LLC-loads": 12431605, "LLC-load-misses": 134740, "LLC-store-misses": 51097, "LLC-stores": 3152729, "L1-dcache-load-misses": 79272843, "L1-dcache-loads": 2375876900, "L1-dcache-stores": 1213662856, "GPU_Util": 0.94, "GPU_Mem": 0.77, "name": "resnext50_32x4d"}], "inference-model-info": 1, "inference-model-sys-info": {"GPU_Util": 0.95, "GPU_Mem": 0.77}, "inference-model-latency": 12.879280000000001, "inference-model-name": "mvit"}}