{"5796": {"global": [{"cpu-cycles": 14773655374, "instructions": 15131753663, "cache-references": 1423826880, "cache-misses": 35017663, "LLC-loads": 111874260, "LLC-load-misses": 5059455, "LLC-store-misses": 12179381, "LLC-stores": 37039525, "L1-dcache-load-misses": 293704217, "L1-dcache-loads": 4728963035, "L1-dcache-stores": 2568326516, "GPU_Util": 0.99, "GPU_Mem": 0.75}], "model-sons": [{"cpu-cycles": 4639858488, "instructions": 3058864140, "cache-references": 636399643, "cache-misses": 1438781, "LLC-loads": 47797571, "LLC-load-misses": 108959, "LLC-store-misses": 17390, "LLC-stores": 10828091, "L1-dcache-load-misses": 98947884, "L1-dcache-loads": 951237533, "L1-dcache-stores": 535279694, "GPU_Util": 0.99, "GPU_Mem": 0.75, "name": "shufflenet"}, {"cpu-cycles": 4636375400, "instructions": 8123530592, "cache-references": 55921160, "cache-misses": 912638, "LLC-loads": 4176448, "LLC-load-misses": 78049, "LLC-store-misses": 35747, "LLC-stores": 892639, "L1-dcache-load-misses": 60937414, "L1-dcache-loads": 2802303566, "L1-dcache-stores": 1428231574, "GPU_Util": 0.99, "GPU_Mem": 0.75, "name": "vgg_11"}, {"cpu-cycles": 4637660455, "instructions": 3450445379, "cache-references": 667190672, "cache-misses": 634156, "LLC-loads": 50468389, "LLC-load-misses": 45121, "LLC-store-misses": 50507, "LLC-stores": 12064519, "L1-dcache-load-misses": 105381858, "L1-dcache-loads": 1067485254, "L1-dcache-stores": 595251207, "GPU_Util": 0.99, "GPU_Mem": 0.75, "name": "mobilenet_v2"}], "inference-model-info": 1, "inference-model-sys-info": {"GPU_Util": 0.99, "GPU_Mem": 0.75}, "inference-model-latency": 4.205759999999999, "inference-model-name": "mobilenet_v2"}}