{"5807": {"global": [{"cpu-cycles": 14949622025, "instructions": 18779515232, "cache-references": 924430154, "cache-misses": 88406373, "LLC-loads": 85130321, "LLC-load-misses": 10905237, "LLC-store-misses": 26936415, "LLC-stores": 43194395, "L1-dcache-load-misses": 300997835, "L1-dcache-loads": 5936159527, "L1-dcache-stores": 3182049018, "GPU_Util": 0.65, "GPU_Mem": 0.82}], "model-sons": [{"cpu-cycles": 4611499311, "instructions": 3249243112, "cache-references": 666403745, "cache-misses": 1283737, "LLC-loads": 51142028, "LLC-load-misses": 66606, "LLC-store-misses": 17312, "LLC-stores": 10929588, "L1-dcache-load-misses": 104943632, "L1-dcache-loads": 1016660274, "L1-dcache-stores": 566866479, "GPU_Util": 0.99, "GPU_Mem": 0.82, "name": "shufflenet"}, {"cpu-cycles": 4650200243, "instructions": 8303292213, "cache-references": 48777569, "cache-misses": 224606, "LLC-loads": 3359591, "LLC-load-misses": 32658, "LLC-store-misses": 11810, "LLC-stores": 898489, "L1-dcache-load-misses": 88398543, "L1-dcache-loads": 2814368188, "L1-dcache-stores": 1434470765, "GPU_Util": 0.99, "GPU_Mem": 0.82, "name": "vgg_13"}, {"cpu-cycles": 4634373250, "instructions": 8137280862, "cache-references": 48351943, "cache-misses": 599474, "LLC-loads": 3366385, "LLC-load-misses": 42159, "LLC-store-misses": 6268, "LLC-stores": 835190, "L1-dcache-load-misses": 82531936, "L1-dcache-loads": 2797583241, "L1-dcache-stores": 1425450629, "GPU_Util": 0.99, "GPU_Mem": 0.82, "name": "vgg_13"}], "inference-model-info": 1, "inference-model-sys-info": {"GPU_Util": 0.99, "GPU_Mem": 0.82}, "inference-model-latency": 4.359280000000001, "inference-model-name": "mnasnet"}}