{"581": {"global": [{"cpu-cycles": 9644673376, "instructions": 8221122889, "cache-references": 1133651187, "cache-misses": 6007183, "LLC-loads": 80204268, "LLC-load-misses": 539547, "LLC-store-misses": 4984447, "LLC-stores": 21706989, "L1-dcache-load-misses": 199103004, "L1-dcache-loads": 2705406005, "L1-dcache-stores": 1407532350, "GPU_Util": 0.99, "GPU_Mem": 0.53}], "model-sons": [{"cpu-cycles": 4664511868, "instructions": 3924695791, "cache-references": 559803198, "cache-misses": 424382, "LLC-loads": 38712584, "LLC-load-misses": 53910, "LLC-store-misses": 13022, "LLC-stores": 9807778, "L1-dcache-load-misses": 95633520, "L1-dcache-loads": 1287069114, "L1-dcache-stores": 687441489, "GPU_Util": 0.99, "GPU_Mem": 0.53, "name": "squeezenet"}, {"cpu-cycles": 4657138288, "instructions": 4267713885, "cache-references": 558940739, "cache-misses": 244005, "LLC-loads": 40522562, "LLC-load-misses": 44066, "LLC-store-misses": 38736, "LLC-stores": 9102353, "L1-dcache-load-misses": 100203368, "L1-dcache-loads": 1342526069, "L1-dcache-stores": 726439036, "GPU_Util": 0.99, "GPU_Mem": 0.53, "name": "squeezenet"}], "inference-model-info": 1, "inference-model-sys-info": {"GPU_Util": 0.99, "GPU_Mem": 0.53}, "inference-model-latency": 15.276930000000002, "inference-model-name": "vgg_16"}}