{"5890": {"global": [{"cpu-cycles": 14440673728, "instructions": 18021303938, "cache-references": 1063510746, "cache-misses": 59990293, "LLC-loads": 83706162, "LLC-load-misses": 3917515, "LLC-store-misses": 8549364, "LLC-stores": 29298324, "L1-dcache-load-misses": 234682230, "L1-dcache-loads": 6004919333, "L1-dcache-stores": 2938270019, "GPU_Util": 0.89, "GPU_Mem": 0.69}], "model-sons": [{"cpu-cycles": 4628545999, "instructions": 3123226176, "cache-references": 638705285, "cache-misses": 1180068, "LLC-loads": 48421048, "LLC-load-misses": 60946, "LLC-store-misses": 24326, "LLC-stores": 10734013, "L1-dcache-load-misses": 100452836, "L1-dcache-loads": 970139441, "L1-dcache-stores": 541827727, "GPU_Util": 0.92, "GPU_Mem": 0.78, "name": "shufflenet"}, {"cpu-cycles": 4644239261, "instructions": 8215769529, "cache-references": 48469930, "cache-misses": 412567, "LLC-loads": 3532831, "LLC-load-misses": 45495, "LLC-store-misses": 31584, "LLC-stores": 817115, "L1-dcache-load-misses": 103493915, "L1-dcache-loads": 2855540720, "L1-dcache-stores": 1455152286, "GPU_Util": 0.94, "GPU_Mem": 0.78, "name": "vgg_13"}, {"cpu-cycles": 4623348614, "instructions": 7073254180, "cache-references": 160567764, "cache-misses": 1566731, "LLC-loads": 13293662, "LLC-load-misses": 179917, "LLC-store-misses": 90658, "LLC-stores": 3047824, "L1-dcache-load-misses": 87753420, "L1-dcache-loads": 2368776882, "L1-dcache-stores": 1214166901, "GPU_Util": 0.94, "GPU_Mem": 0.78, "name": "resnext50_32x4d"}], "inference-model-info": 1, "inference-model-sys-info": {"GPU_Util": 0.96, "GPU_Mem": 0.78}, "inference-model-latency": 12.952179999999998, "inference-model-name": "mvit"}}