{"5898": {"global": [{"cpu-cycles": 14461584475, "instructions": 14584552442, "cache-references": 1427543615, "cache-misses": 36334797, "LLC-loads": 112662180, "LLC-load-misses": 3657822, "LLC-store-misses": 12194351, "LLC-stores": 33940744, "L1-dcache-load-misses": 306688277, "L1-dcache-loads": 4650696112, "L1-dcache-stores": 2542693041, "GPU_Util": 0.98, "GPU_Mem": 0.75}], "model-sons": [{"cpu-cycles": 4641422283, "instructions": 3260393886, "cache-references": 654676961, "cache-misses": 987354, "LLC-loads": 50169591, "LLC-load-misses": 80970, "LLC-store-misses": 48662, "LLC-stores": 11247350, "L1-dcache-load-misses": 103479063, "L1-dcache-loads": 1009619745, "L1-dcache-stores": 566911223, "GPU_Util": 0.99, "GPU_Mem": 0.75, "name": "shufflenet"}, {"cpu-cycles": 4636055722, "instructions": 8157736579, "cache-references": 58366366, "cache-misses": 631849, "LLC-loads": 4346702, "LLC-load-misses": 59520, "LLC-store-misses": 14793, "LLC-stores": 960918, "L1-dcache-load-misses": 82303518, "L1-dcache-loads": 2798970429, "L1-dcache-stores": 1428750668, "GPU_Util": 0.99, "GPU_Mem": 0.75, "name": "vgg_13"}, {"cpu-cycles": 4640036499, "instructions": 3140428044, "cache-references": 654766612, "cache-misses": 1039794, "LLC-loads": 49682410, "LLC-load-misses": 88329, "LLC-store-misses": 28613, "LLC-stores": 11153908, "L1-dcache-load-misses": 103064714, "L1-dcache-loads": 969971962, "L1-dcache-stores": 541844629, "GPU_Util": 0.99, "GPU_Mem": 0.75, "name": "mobilenet_v3_large"}], "inference-model-info": 1, "inference-model-sys-info": {"GPU_Util": 0.99, "GPU_Mem": 0.75}, "inference-model-latency": 4.44519, "inference-model-name": "shufflenet"}}