{"5934": {"global": [{"cpu-cycles": 14502015623, "instructions": 18676725127, "cache-references": 885291554, "cache-misses": 78018434, "LLC-loads": 79269366, "LLC-load-misses": 10190943, "LLC-store-misses": 16163897, "LLC-stores": 37266277, "L1-dcache-load-misses": 298062855, "L1-dcache-loads": 5936541349, "L1-dcache-stores": 3124250714, "GPU_Util": 0.86, "GPU_Mem": 0.83}], "model-sons": [{"cpu-cycles": 4634366503, "instructions": 3147399502, "cache-references": 652989974, "cache-misses": 1332746, "LLC-loads": 49350750, "LLC-load-misses": 88225, "LLC-store-misses": 25331, "LLC-stores": 11482354, "L1-dcache-load-misses": 100853772, "L1-dcache-loads": 971169483, "L1-dcache-stores": 544333641, "GPU_Util": 0.99, "GPU_Mem": 0.83, "name": "shufflenet"}, {"cpu-cycles": 4638060403, "instructions": 8203159745, "cache-references": 45949896, "cache-misses": 452038, "LLC-loads": 3247485, "LLC-load-misses": 40111, "LLC-store-misses": 10516, "LLC-stores": 749678, "L1-dcache-load-misses": 88310366, "L1-dcache-loads": 2828390268, "L1-dcache-stores": 1433110053, "GPU_Util": 0.99, "GPU_Mem": 0.83, "name": "vgg_16"}, {"cpu-cycles": 4635980236, "instructions": 8108867193, "cache-references": 45600398, "cache-misses": 530374, "LLC-loads": 3316558, "LLC-load-misses": 47263, "LLC-store-misses": 10182, "LLC-stores": 735961, "L1-dcache-load-misses": 87428614, "L1-dcache-loads": 2789641631, "L1-dcache-stores": 1417371144, "GPU_Util": 0.99, "GPU_Mem": 0.83, "name": "vgg_16"}], "inference-model-info": 1, "inference-model-sys-info": {"GPU_Util": 0.96, "GPU_Mem": 0.83}, "inference-model-latency": 25.97755, "inference-model-name": "resnext50_32x4d"}}