{"5943": {"global": [{"cpu-cycles": 14346868720, "instructions": 14331417761, "cache-references": 1428351297, "cache-misses": 49250211, "LLC-loads": 112237371, "LLC-load-misses": 5616281, "LLC-store-misses": 9038617, "LLC-stores": 36284974, "L1-dcache-load-misses": 309977697, "L1-dcache-loads": 4466224945, "L1-dcache-stores": 2388402315, "GPU_Util": 0.88, "GPU_Mem": 0.75}], "model-sons": [{"cpu-cycles": 4634245244, "instructions": 3128744672, "cache-references": 638972194, "cache-misses": 1018411, "LLC-loads": 47355993, "LLC-load-misses": 123025, "LLC-store-misses": 53146, "LLC-stores": 12075745, "L1-dcache-load-misses": 99196509, "L1-dcache-loads": 970380796, "L1-dcache-stores": 547017727, "GPU_Util": 0.99, "GPU_Mem": 0.75, "name": "shufflenet"}, {"cpu-cycles": 4630640420, "instructions": 8211743188, "cache-references": 63793849, "cache-misses": 401905, "LLC-loads": 4520885, "LLC-load-misses": 29885, "LLC-store-misses": 9040, "LLC-stores": 1051105, "L1-dcache-load-misses": 109505277, "L1-dcache-loads": 2821262805, "L1-dcache-stores": 1432430852, "GPU_Util": 0.99, "GPU_Mem": 0.75, "name": "vgg_16"}, {"cpu-cycles": 4635994999, "instructions": 3079709498, "cache-references": 658876831, "cache-misses": 1350351, "LLC-loads": 48826428, "LLC-load-misses": 148817, "LLC-store-misses": 69757, "LLC-stores": 10761654, "L1-dcache-load-misses": 100504799, "L1-dcache-loads": 943725191, "L1-dcache-stores": 529041767, "GPU_Util": 0.99, "GPU_Mem": 0.75, "name": "mobilenet_v3_small"}], "inference-model-info": 1, "inference-model-sys-info": {"GPU_Util": 0.99, "GPU_Mem": 0.75}, "inference-model-latency": 17.964840000000002, "inference-model-name": "vgg_16"}}