{"5975": {"global": [{"cpu-cycles": 14301621033, "instructions": 14705785511, "cache-references": 1298121828, "cache-misses": 39343446, "LLC-loads": 104957035, "LLC-load-misses": 4471773, "LLC-store-misses": 10423189, "LLC-stores": 35037548, "L1-dcache-load-misses": 298627274, "L1-dcache-loads": 4667110443, "L1-dcache-stores": 2527590753, "GPU_Util": 0.61, "GPU_Mem": 0.79}], "model-sons": [{"cpu-cycles": 4632892307, "instructions": 3197731240, "cache-references": 646691308, "cache-misses": 1367966, "LLC-loads": 48885362, "LLC-load-misses": 128578, "LLC-store-misses": 102870, "LLC-stores": 10793517, "L1-dcache-load-misses": 101822972, "L1-dcache-loads": 989202649, "L1-dcache-stores": 557717974, "GPU_Util": 0.99, "GPU_Mem": 0.79, "name": "shufflenet"}, {"cpu-cycles": 4643713921, "instructions": 8271175277, "cache-references": 46575480, "cache-misses": 792959, "LLC-loads": 3369870, "LLC-load-misses": 59907, "LLC-store-misses": 8347, "LLC-stores": 761417, "L1-dcache-load-misses": 90791053, "L1-dcache-loads": 2850246445, "L1-dcache-stores": 1454613272, "GPU_Util": 0.99, "GPU_Mem": 0.79, "name": "vgg_16"}, {"cpu-cycles": 4636564861, "instructions": 3897251546, "cache-references": 494225014, "cache-misses": 2412888, "LLC-loads": 38244221, "LLC-load-misses": 188733, "LLC-store-misses": 109512, "LLC-stores": 8847875, "L1-dcache-load-misses": 91720894, "L1-dcache-loads": 1243730586, "L1-dcache-stores": 676929406, "GPU_Util": 0.99, "GPU_Mem": 0.79, "name": "mvit"}], "inference-model-info": 1, "inference-model-sys-info": {"GPU_Util": 0.99, "GPU_Mem": 0.79}, "inference-model-latency": 4.32395, "inference-model-name": "mnasnet"}}