{"5987": {"global": [{"cpu-cycles": 14629603211, "instructions": 15107796725, "cache-references": 1453078382, "cache-misses": 54437166, "LLC-loads": 118766737, "LLC-load-misses": 6493241, "LLC-store-misses": 12117972, "LLC-stores": 41932722, "L1-dcache-load-misses": 326447039, "L1-dcache-loads": 4760399402, "L1-dcache-stores": 2542384958, "GPU_Util": 0.82, "GPU_Mem": 0.76}], "model-sons": [{"cpu-cycles": 4633038085, "instructions": 3241102439, "cache-references": 641144913, "cache-misses": 1210344, "LLC-loads": 50032071, "LLC-load-misses": 105020, "LLC-store-misses": 37493, "LLC-stores": 11120007, "L1-dcache-load-misses": 104934196, "L1-dcache-loads": 1004700508, "L1-dcache-stores": 563882164, "GPU_Util": 0.99, "GPU_Mem": 0.76, "name": "shufflenet"}, {"cpu-cycles": 4619771709, "instructions": 8357515132, "cache-references": 47477379, "cache-misses": 600491, "LLC-loads": 3414314, "LLC-load-misses": 42072, "LLC-store-misses": 11191, "LLC-stores": 790735, "L1-dcache-load-misses": 106418301, "L1-dcache-loads": 2884104380, "L1-dcache-stores": 1467300935, "GPU_Util": 0.99, "GPU_Mem": 0.76, "name": "vgg_16"}, {"cpu-cycles": 4641987184, "instructions": 3436187518, "cache-references": 655863106, "cache-misses": 967050, "LLC-loads": 50278379, "LLC-load-misses": 94578, "LLC-store-misses": 44303, "LLC-stores": 11714518, "L1-dcache-load-misses": 104795808, "L1-dcache-loads": 1059578421, "L1-dcache-stores": 596269052, "GPU_Util": 0.99, "GPU_Mem": 0.76, "name": "mnasnet"}], "inference-model-info": 1, "inference-model-sys-info": {"GPU_Util": 0.99, "GPU_Mem": 0.76}, "inference-model-latency": 2.851329999999999, "inference-model-name": "alexnet"}}