{"60": {"global": [{"cpu-cycles": 5127279967, "instructions": 7362397787, "cache-references": 148337176, "cache-misses": 5360145, "LLC-loads": 11015299, "LLC-load-misses": 460411, "LLC-store-misses": 3769968, "LLC-stores": 7261143, "L1-dcache-load-misses": 82161597, "L1-dcache-loads": 2587585473, "L1-dcache-stores": 1321511957, "GPU_Util": 0.25, "GPU_Mem": 0.46}], "model-sons": [{"cpu-cycles": 4708139102, "instructions": 7102483639, "cache-references": 135289515, "cache-misses": 580291, "LLC-loads": 9779657, "LLC-load-misses": 34274, "LLC-store-misses": 27212, "LLC-stores": 2256680, "L1-dcache-load-misses": 74032875, "L1-dcache-loads": 2480889011, "L1-dcache-stores": 1266392824, "GPU_Util": 1.0, "GPU_Mem": 0.46, "name": "vgg_11"}], "inference-model-info": 1, "inference-model-sys-info": {"GPU_Util": 1.0, "GPU_Mem": 0.46}, "inference-model-latency": 4.20374, "inference-model-name": "shufflenet"}}