{"601": {"global": [{"cpu-cycles": 9566780530, "instructions": 6405373127, "cache-references": 1343654454, "cache-misses": 3565072, "LLC-loads": 100038803, "LLC-load-misses": 381525, "LLC-store-misses": 8598984, "LLC-stores": 31343122, "L1-dcache-load-misses": 215729910, "L1-dcache-loads": 2079179750, "L1-dcache-stores": 1144228305, "GPU_Util": 0.99, "GPU_Mem": 0.53}], "model-sons": [{"cpu-cycles": 4670756424, "instructions": 3123975024, "cache-references": 681654878, "cache-misses": 339685, "LLC-loads": 48907155, "LLC-load-misses": 92148, "LLC-store-misses": 25245, "LLC-stores": 12855839, "L1-dcache-load-misses": 103174288, "L1-dcache-loads": 960408975, "L1-dcache-stores": 529952664, "GPU_Util": 0.99, "GPU_Mem": 0.53, "name": "squeezenet"}, {"cpu-cycles": 4665835719, "instructions": 3239722335, "cache-references": 659700352, "cache-misses": 518956, "LLC-loads": 50829304, "LLC-load-misses": 48127, "LLC-store-misses": 38151, "LLC-stores": 10966426, "L1-dcache-load-misses": 104777359, "L1-dcache-loads": 1002131068, "L1-dcache-stores": 564119234, "GPU_Util": 0.99, "GPU_Mem": 0.53, "name": "shufflenet"}], "inference-model-info": 1, "inference-model-sys-info": {"GPU_Util": 0.99, "GPU_Mem": 0.53}, "inference-model-latency": 4.5489500000000005, "inference-model-name": "mobilenet_v3_large"}}