{"6017": {"global": [{"cpu-cycles": 14695967840, "instructions": 14650059962, "cache-references": 1453130269, "cache-misses": 43799900, "LLC-loads": 116791787, "LLC-load-misses": 4808863, "LLC-store-misses": 7965079, "LLC-stores": 38244218, "L1-dcache-load-misses": 308948033, "L1-dcache-loads": 4637288826, "L1-dcache-stores": 2498088799, "GPU_Util": 0.99, "GPU_Mem": 0.76}], "model-sons": [{"cpu-cycles": 4632568558, "instructions": 3259993092, "cache-references": 663348467, "cache-misses": 1069752, "LLC-loads": 50930887, "LLC-load-misses": 91414, "LLC-store-misses": 67142, "LLC-stores": 11750323, "L1-dcache-load-misses": 105289118, "L1-dcache-loads": 1008754881, "L1-dcache-stores": 566647967, "GPU_Util": 0.99, "GPU_Mem": 0.76, "name": "shufflenet"}, {"cpu-cycles": 4642253671, "instructions": 8258005466, "cache-references": 53933664, "cache-misses": 566604, "LLC-loads": 3862835, "LLC-load-misses": 36577, "LLC-store-misses": 10535, "LLC-stores": 880657, "L1-dcache-load-misses": 85154838, "L1-dcache-loads": 2840352812, "L1-dcache-stores": 1446698488, "GPU_Util": 0.99, "GPU_Mem": 0.76, "name": "vgg_16"}, {"cpu-cycles": 4602873327, "instructions": 3140359417, "cache-references": 665173972, "cache-misses": 1581627, "LLC-loads": 49740093, "LLC-load-misses": 129811, "LLC-store-misses": 77954, "LLC-stores": 11383386, "L1-dcache-load-misses": 103811482, "L1-dcache-loads": 971517303, "L1-dcache-stores": 545559830, "GPU_Util": 0.99, "GPU_Mem": 0.76, "name": "mobilenet_v3_large"}], "inference-model-info": 1, "inference-model-sys-info": {"GPU_Util": 0.99, "GPU_Mem": 0.76}, "inference-model-latency": 4.34725, "inference-model-name": "mnasnet"}}