{"6050": {"global": [{"cpu-cycles": 15037968056, "instructions": 13950769652, "cache-references": 1484241640, "cache-misses": 9919324, "LLC-loads": 114391853, "LLC-load-misses": 1198547, "LLC-store-misses": 1731041, "LLC-stores": 30707503, "L1-dcache-load-misses": 289885214, "L1-dcache-loads": 4491088868, "L1-dcache-stores": 2415801288, "GPU_Util": 0.77, "GPU_Mem": 0.69}], "model-sons": [{"cpu-cycles": 4644004212, "instructions": 3103505559, "cache-references": 641768742, "cache-misses": 1083203, "LLC-loads": 47912905, "LLC-load-misses": 91909, "LLC-store-misses": 20674, "LLC-stores": 11009659, "L1-dcache-load-misses": 99227628, "L1-dcache-loads": 961237061, "L1-dcache-stores": 542257462, "GPU_Util": 0.99, "GPU_Mem": 0.69, "name": "shufflenet"}, {"cpu-cycles": 4625126819, "instructions": 3086850460, "cache-references": 659771795, "cache-misses": 1380940, "LLC-loads": 50184146, "LLC-load-misses": 117853, "LLC-store-misses": 51462, "LLC-stores": 11177727, "L1-dcache-load-misses": 101991830, "L1-dcache-loads": 955399724, "L1-dcache-stores": 532034980, "GPU_Util": 0.99, "GPU_Mem": 0.69, "name": "mobilenet_v3_small"}, {"cpu-cycles": 4651228139, "instructions": 7074965151, "cache-references": 161547922, "cache-misses": 462748, "LLC-loads": 11989999, "LLC-load-misses": 33621, "LLC-store-misses": 32121, "LLC-stores": 2587700, "L1-dcache-load-misses": 74539003, "L1-dcache-loads": 2412693386, "L1-dcache-stores": 1236083812, "GPU_Util": 0.99, "GPU_Mem": 0.69, "name": "alexnet"}], "inference-model-info": 1, "inference-model-sys-info": {"GPU_Util": 0.99, "GPU_Mem": 0.69}, "inference-model-latency": 7.196899999999999, "inference-model-name": "googlenet"}}