{"6066": {"global": [{"cpu-cycles": 14334038673, "instructions": 9470264015, "cache-references": 1891924694, "cache-misses": 15615256, "LLC-loads": 142917668, "LLC-load-misses": 1040119, "LLC-store-misses": 3409367, "LLC-stores": 33773493, "L1-dcache-load-misses": 301219820, "L1-dcache-loads": 2866435630, "L1-dcache-stores": 1615089753, "GPU_Util": 0.98, "GPU_Mem": 0.71}], "model-sons": [{"cpu-cycles": 4625550856, "instructions": 3047457881, "cache-references": 623026639, "cache-misses": 2018698, "LLC-loads": 46996320, "LLC-load-misses": 146258, "LLC-store-misses": 75261, "LLC-stores": 11183863, "L1-dcache-load-misses": 98760704, "L1-dcache-loads": 943342991, "L1-dcache-stores": 528418671, "GPU_Util": 0.98, "GPU_Mem": 0.71, "name": "shufflenet"}, {"cpu-cycles": 4642792618, "instructions": 3120873886, "cache-references": 678830298, "cache-misses": 1217414, "LLC-loads": 50317065, "LLC-load-misses": 102240, "LLC-store-misses": 69644, "LLC-stores": 10929238, "L1-dcache-load-misses": 102037071, "L1-dcache-loads": 957650458, "L1-dcache-stores": 537104985, "GPU_Util": 0.98, "GPU_Mem": 0.71, "name": "mobilenet_v3_small"}, {"cpu-cycles": 4634155103, "instructions": 3006788150, "cache-references": 576142738, "cache-misses": 3711166, "LLC-loads": 45121669, "LLC-load-misses": 258630, "LLC-store-misses": 113500, "LLC-stores": 10240568, "L1-dcache-load-misses": 98670154, "L1-dcache-loads": 927702251, "L1-dcache-stores": 525660010, "GPU_Util": 0.98, "GPU_Mem": 0.71, "name": "mvit"}], "inference-model-info": 1, "inference-model-sys-info": {"GPU_Util": 0.98, "GPU_Mem": 0.71}, "inference-model-latency": 4.233600000000001, "inference-model-name": "shufflenet"}}