{"6098": {"global": [{"cpu-cycles": 14311912049, "instructions": 13184790860, "cache-references": 1541123112, "cache-misses": 12971126, "LLC-loads": 115086919, "LLC-load-misses": 936128, "LLC-store-misses": 4029939, "LLC-stores": 28638893, "L1-dcache-load-misses": 303990803, "L1-dcache-loads": 4130318572, "L1-dcache-stores": 2223976648, "GPU_Util": 0.92, "GPU_Mem": 0.7}], "model-sons": [{"cpu-cycles": 4619334759, "instructions": 3194003340, "cache-references": 653138778, "cache-misses": 1570484, "LLC-loads": 49915964, "LLC-load-misses": 99248, "LLC-store-misses": 45337, "LLC-stores": 11352304, "L1-dcache-load-misses": 102541188, "L1-dcache-loads": 992661786, "L1-dcache-stores": 556065198, "GPU_Util": 0.89, "GPU_Mem": 0.7, "name": "shufflenet"}, {"cpu-cycles": 4639342165, "instructions": 3032209877, "cache-references": 649471798, "cache-misses": 1072957, "LLC-loads": 47599018, "LLC-load-misses": 77760, "LLC-store-misses": 45008, "LLC-stores": 10741051, "L1-dcache-load-misses": 99772245, "L1-dcache-loads": 930328984, "L1-dcache-stores": 520198435, "GPU_Util": 0.9, "GPU_Mem": 0.7, "name": "mobilenet_v3_small"}, {"cpu-cycles": 4614477884, "instructions": 6597119032, "cache-references": 222616108, "cache-misses": 2312957, "LLC-loads": 17444259, "LLC-load-misses": 196006, "LLC-store-misses": 58946, "LLC-stores": 4480340, "L1-dcache-load-misses": 99843891, "L1-dcache-loads": 2159171813, "L1-dcache-stores": 1105959632, "GPU_Util": 0.89, "GPU_Mem": 0.7, "name": "resnext50_32x4d"}], "inference-model-info": 1, "inference-model-sys-info": {"GPU_Util": 0.9, "GPU_Mem": 0.7}, "inference-model-latency": 4.059609999999999, "inference-model-name": "mobilenet_v3_small"}}