{"6118": {"global": [{"cpu-cycles": 14895698243, "instructions": 9991362944, "cache-references": 1977952995, "cache-misses": 14666255, "LLC-loads": 148477409, "LLC-load-misses": 1419525, "LLC-store-misses": 5037821, "LLC-stores": 37237218, "L1-dcache-load-misses": 310776358, "L1-dcache-loads": 3061504304, "L1-dcache-stores": 1696274304, "GPU_Util": 0.85, "GPU_Mem": 0.68}], "model-sons": [{"cpu-cycles": 4643024187, "instructions": 3066287880, "cache-references": 634313720, "cache-misses": 1522480, "LLC-loads": 48161590, "LLC-load-misses": 103913, "LLC-store-misses": 40360, "LLC-stores": 11388856, "L1-dcache-load-misses": 99892670, "L1-dcache-loads": 953658622, "L1-dcache-stores": 536110810, "GPU_Util": 0.98, "GPU_Mem": 0.68, "name": "shufflenet"}, {"cpu-cycles": 4624750869, "instructions": 3103723591, "cache-references": 647471023, "cache-misses": 1461482, "LLC-loads": 48901168, "LLC-load-misses": 102523, "LLC-store-misses": 68083, "LLC-stores": 10958478, "L1-dcache-load-misses": 102017152, "L1-dcache-loads": 954304442, "L1-dcache-stores": 535747476, "GPU_Util": 0.98, "GPU_Mem": 0.68, "name": "mobilenet_v3_small"}, {"cpu-cycles": 4649898463, "instructions": 3085481402, "cache-references": 650316702, "cache-misses": 1697989, "LLC-loads": 49439392, "LLC-load-misses": 124413, "LLC-store-misses": 36887, "LLC-stores": 10928660, "L1-dcache-load-misses": 102532139, "L1-dcache-loads": 950988853, "L1-dcache-stores": 534516080, "GPU_Util": 0.98, "GPU_Mem": 0.68, "name": "mobilenet_v3_large"}], "inference-model-info": 1, "inference-model-sys-info": {"GPU_Util": 0.98, "GPU_Mem": 0.68}, "inference-model-latency": 3.7148400000000006, "inference-model-name": "mobilenet_v2"}}