{"615": {"global": [{"cpu-cycles": 9860910813, "instructions": 11714860830, "cache-references": 724835056, "cache-misses": 22738081, "LLC-loads": 58381300, "LLC-load-misses": 3106623, "LLC-store-misses": 7407836, "LLC-stores": 21245913, "L1-dcache-load-misses": 178677277, "L1-dcache-loads": 4014484837, "L1-dcache-stores": 2047696460, "GPU_Util": 0.79, "GPU_Mem": 0.6}], "model-sons": [{"cpu-cycles": 4657893240, "instructions": 4105144146, "cache-references": 548532666, "cache-misses": 352295, "LLC-loads": 40950287, "LLC-load-misses": 50190, "LLC-store-misses": 11786, "LLC-stores": 10011431, "L1-dcache-load-misses": 92368710, "L1-dcache-loads": 1302744830, "L1-dcache-stores": 703313475, "GPU_Util": 0.99, "GPU_Mem": 0.6, "name": "squeezenet"}, {"cpu-cycles": 4656086476, "instructions": 8237222486, "cache-references": 61951039, "cache-misses": 583631, "LLC-loads": 4546373, "LLC-load-misses": 25513, "LLC-store-misses": 2188, "LLC-stores": 1131220, "L1-dcache-load-misses": 62032921, "L1-dcache-loads": 2813994165, "L1-dcache-stores": 1435126791, "GPU_Util": 1.0, "GPU_Mem": 0.6, "name": "vgg_11"}], "inference-model-info": 1, "inference-model-sys-info": {"GPU_Util": 0.99, "GPU_Mem": 0.6}, "inference-model-latency": 4.69401, "inference-model-name": "mobilenet_v3_large"}}