{"6167": {"global": [{"cpu-cycles": 14406313560, "instructions": 14569157917, "cache-references": 1453429096, "cache-misses": 10615008, "LLC-loads": 110371053, "LLC-load-misses": 642373, "LLC-store-misses": 800818, "LLC-stores": 25931014, "L1-dcache-load-misses": 281124821, "L1-dcache-loads": 4692609430, "L1-dcache-stores": 2510434579, "GPU_Util": 0.99, "GPU_Mem": 0.7}], "model-sons": [{"cpu-cycles": 4638002517, "instructions": 3176401136, "cache-references": 657636181, "cache-misses": 1419177, "LLC-loads": 50630154, "LLC-load-misses": 103247, "LLC-store-misses": 47465, "LLC-stores": 11489949, "L1-dcache-load-misses": 103184321, "L1-dcache-loads": 986794183, "L1-dcache-stores": 553936048, "GPU_Util": 0.99, "GPU_Mem": 0.7, "name": "shufflenet"}, {"cpu-cycles": 4648033944, "instructions": 7602534963, "cache-references": 122984926, "cache-misses": 444545, "LLC-loads": 8957966, "LLC-load-misses": 66830, "LLC-store-misses": 7174, "LLC-stores": 1970114, "L1-dcache-load-misses": 68227377, "L1-dcache-loads": 2603709401, "L1-dcache-stores": 1335065114, "GPU_Util": 0.99, "GPU_Mem": 0.7, "name": "alexnet"}, {"cpu-cycles": 4601534573, "instructions": 3398020552, "cache-references": 651524899, "cache-misses": 1455278, "LLC-loads": 49940130, "LLC-load-misses": 95034, "LLC-store-misses": 54452, "LLC-stores": 11285723, "L1-dcache-load-misses": 105895043, "L1-dcache-loads": 1051076099, "L1-dcache-stores": 589315711, "GPU_Util": 0.99, "GPU_Mem": 0.7, "name": "mnasnet"}], "inference-model-info": 1, "inference-model-sys-info": {"GPU_Util": 0.99, "GPU_Mem": 0.7}, "inference-model-latency": 19.24203, "inference-model-name": "vgg_16"}}