{"6180": {"global": [{"cpu-cycles": 14481324742, "instructions": 18347833541, "cache-references": 954889545, "cache-misses": 11937526, "LLC-loads": 73084476, "LLC-load-misses": 916998, "LLC-store-misses": 2893532, "LLC-stores": 19781287, "L1-dcache-load-misses": 261628072, "L1-dcache-loads": 5962409845, "L1-dcache-stores": 3113118427, "GPU_Util": 0.8, "GPU_Mem": 0.72}], "model-sons": [{"cpu-cycles": 4624427358, "instructions": 3206430517, "cache-references": 654532621, "cache-misses": 1334201, "LLC-loads": 49883590, "LLC-load-misses": 97111, "LLC-store-misses": 86806, "LLC-stores": 11256220, "L1-dcache-load-misses": 102354082, "L1-dcache-loads": 990988031, "L1-dcache-stores": 558376218, "GPU_Util": 0.94, "GPU_Mem": 0.72, "name": "shufflenet"}, {"cpu-cycles": 4665897493, "instructions": 7522836109, "cache-references": 117341815, "cache-misses": 338267, "LLC-loads": 8546915, "LLC-load-misses": 35718, "LLC-store-misses": 3268, "LLC-stores": 1883416, "L1-dcache-load-misses": 67224918, "L1-dcache-loads": 2586200818, "L1-dcache-stores": 1317142530, "GPU_Util": 0.94, "GPU_Mem": 0.72, "name": "alexnet"}, {"cpu-cycles": 4644096929, "instructions": 7081047281, "cache-references": 175613846, "cache-misses": 1406319, "LLC-loads": 18334108, "LLC-load-misses": 146102, "LLC-store-misses": 67863, "LLC-stores": 3351323, "L1-dcache-load-misses": 94070186, "L1-dcache-loads": 2364993100, "L1-dcache-stores": 1213639823, "GPU_Util": 0.94, "GPU_Mem": 0.72, "name": "resnext50_32x4d"}], "inference-model-info": 1, "inference-model-sys-info": {"GPU_Util": 0.96, "GPU_Mem": 0.72}, "inference-model-latency": 14.77868, "inference-model-name": "vgg_13"}}