{"6215": {"global": [{"cpu-cycles": 15108727242, "instructions": 14841363143, "cache-references": 1465133199, "cache-misses": 11331838, "LLC-loads": 109147811, "LLC-load-misses": 709359, "LLC-store-misses": 2637377, "LLC-stores": 28576316, "L1-dcache-load-misses": 289395961, "L1-dcache-loads": 4737637832, "L1-dcache-stores": 2496354671, "GPU_Util": 0.71, "GPU_Mem": 0.7}], "model-sons": [{"cpu-cycles": 4651551576, "instructions": 3123992675, "cache-references": 638815760, "cache-misses": 973571, "LLC-loads": 46884338, "LLC-load-misses": 72505, "LLC-store-misses": 16460, "LLC-stores": 11279292, "L1-dcache-load-misses": 99510330, "L1-dcache-loads": 967483076, "L1-dcache-stores": 544332419, "GPU_Util": 0.99, "GPU_Mem": 0.7, "name": "shufflenet"}, {"cpu-cycles": 4627293693, "instructions": 7282228082, "cache-references": 134388869, "cache-misses": 1166602, "LLC-loads": 9802494, "LLC-load-misses": 68638, "LLC-store-misses": 8681, "LLC-stores": 2217964, "L1-dcache-load-misses": 75108004, "L1-dcache-loads": 2515577334, "L1-dcache-stores": 1286568837, "GPU_Util": 0.99, "GPU_Mem": 0.7, "name": "alexnet"}, {"cpu-cycles": 4649627035, "instructions": 3372012520, "cache-references": 660704147, "cache-misses": 1154463, "LLC-loads": 49398744, "LLC-load-misses": 82608, "LLC-store-misses": 15113, "LLC-stores": 12055550, "L1-dcache-load-misses": 105113133, "L1-dcache-loads": 1045210600, "L1-dcache-stores": 586537140, "GPU_Util": 0.99, "GPU_Mem": 0.7, "name": "mobilenet_v2"}], "inference-model-info": 1, "inference-model-sys-info": {"GPU_Util": 0.99, "GPU_Mem": 0.7}, "inference-model-latency": 5.113060000000001, "inference-model-name": "mobilenet_v3_large"}}