{"6222": {"global": [{"cpu-cycles": 14380927858, "instructions": 10916002397, "cache-references": 1702822511, "cache-misses": 8923520, "LLC-loads": 131278703, "LLC-load-misses": 1055163, "LLC-store-misses": 5278900, "LLC-stores": 37315522, "L1-dcache-load-misses": 298672306, "L1-dcache-loads": 3602402881, "L1-dcache-stores": 1946800653, "GPU_Util": 0.7, "GPU_Mem": 0.76}], "model-sons": [{"cpu-cycles": 4630868022, "instructions": 3095163142, "cache-references": 623875896, "cache-misses": 1898965, "LLC-loads": 47528294, "LLC-load-misses": 132272, "LLC-store-misses": 111616, "LLC-stores": 11170778, "L1-dcache-load-misses": 99168478, "L1-dcache-loads": 954647443, "L1-dcache-stores": 537512113, "GPU_Util": 0.99, "GPU_Mem": 0.76, "name": "shufflenet"}, {"cpu-cycles": 4651730833, "instructions": 3940271265, "cache-references": 523930025, "cache-misses": 3530721, "LLC-loads": 40202784, "LLC-load-misses": 264459, "LLC-store-misses": 91593, "LLC-stores": 9448999, "L1-dcache-load-misses": 95141309, "L1-dcache-loads": 1272839265, "L1-dcache-stores": 696853299, "GPU_Util": 0.99, "GPU_Mem": 0.76, "name": "mvit"}, {"cpu-cycles": 4627083117, "instructions": 3659780241, "cache-references": 523058429, "cache-misses": 3497680, "LLC-loads": 39959404, "LLC-load-misses": 222473, "LLC-store-misses": 130722, "LLC-stores": 9199024, "L1-dcache-load-misses": 93629797, "L1-dcache-loads": 1180456929, "L1-dcache-stores": 641721953, "GPU_Util": 0.99, "GPU_Mem": 0.76, "name": "mvit"}], "inference-model-info": 1, "inference-model-sys-info": {"GPU_Util": 0.99, "GPU_Mem": 0.76}, "inference-model-latency": 14.672649999999999, "inference-model-name": "vgg_13"}}