{"6256": {"global": [{"cpu-cycles": 14892095208, "instructions": 14956983922, "cache-references": 1386958212, "cache-misses": 17971563, "LLC-loads": 108226602, "LLC-load-misses": 1202981, "LLC-store-misses": 1610283, "LLC-stores": 26456044, "L1-dcache-load-misses": 299053821, "L1-dcache-loads": 4889356548, "L1-dcache-stores": 2530066515, "GPU_Util": 0.72, "GPU_Mem": 0.74}], "model-sons": [{"cpu-cycles": 4614725515, "instructions": 3257857719, "cache-references": 662359543, "cache-misses": 1611255, "LLC-loads": 50915767, "LLC-load-misses": 112157, "LLC-store-misses": 63232, "LLC-stores": 11221981, "L1-dcache-load-misses": 106714551, "L1-dcache-loads": 1012430178, "L1-dcache-stores": 569466292, "GPU_Util": 0.93, "GPU_Mem": 0.74, "name": "shufflenet"}, {"cpu-cycles": 4623257179, "instructions": 3870186073, "cache-references": 514487352, "cache-misses": 2574162, "LLC-loads": 40491136, "LLC-load-misses": 158005, "LLC-store-misses": 97985, "LLC-stores": 8998639, "L1-dcache-load-misses": 93364888, "L1-dcache-loads": 1256546941, "L1-dcache-stores": 672358391, "GPU_Util": 0.93, "GPU_Mem": 0.74, "name": "mvit"}, {"cpu-cycles": 4642356923, "instructions": 7145921659, "cache-references": 161679285, "cache-misses": 1615101, "LLC-loads": 12325573, "LLC-load-misses": 154173, "LLC-store-misses": 67594, "LLC-stores": 3301321, "L1-dcache-load-misses": 87791901, "L1-dcache-loads": 2375521399, "L1-dcache-stores": 1218717674, "GPU_Util": 0.93, "GPU_Mem": 0.74, "name": "resnext50_32x4d"}], "inference-model-info": 1, "inference-model-sys-info": {"GPU_Util": 0.91, "GPU_Mem": 0.74}, "inference-model-latency": 25.616390000000003, "inference-model-name": "resnext50_32x4d"}}