{"6273": {"global": [{"cpu-cycles": 14914992645, "instructions": 11093467751, "cache-references": 1940566538, "cache-misses": 16421214, "LLC-loads": 150169546, "LLC-load-misses": 1299599, "LLC-store-misses": 4194366, "LLC-stores": 36905083, "L1-dcache-load-misses": 323563984, "L1-dcache-loads": 3405216775, "L1-dcache-stores": 1894330764, "GPU_Util": 0.98, "GPU_Mem": 0.72}], "model-sons": [{"cpu-cycles": 4656303826, "instructions": 3257117428, "cache-references": 663950009, "cache-misses": 1221064, "LLC-loads": 51140344, "LLC-load-misses": 105994, "LLC-store-misses": 98782, "LLC-stores": 11539164, "L1-dcache-load-misses": 104573262, "L1-dcache-loads": 1012624313, "L1-dcache-stores": 569824051, "GPU_Util": 0.99, "GPU_Mem": 0.72, "name": "shufflenet"}, {"cpu-cycles": 4634954792, "instructions": 3610045860, "cache-references": 558733748, "cache-misses": 3394277, "LLC-loads": 43807229, "LLC-load-misses": 240849, "LLC-store-misses": 136250, "LLC-stores": 9956148, "L1-dcache-load-misses": 98130224, "L1-dcache-loads": 1173528856, "L1-dcache-stores": 637261971, "GPU_Util": 0.99, "GPU_Mem": 0.72, "name": "mvit"}, {"cpu-cycles": 4642529058, "instructions": 3448628699, "cache-references": 673553828, "cache-misses": 1336532, "LLC-loads": 51261912, "LLC-load-misses": 125604, "LLC-store-misses": 85190, "LLC-stores": 11982640, "L1-dcache-load-misses": 106778963, "L1-dcache-loads": 1064325340, "L1-dcache-stores": 595555826, "GPU_Util": 0.99, "GPU_Mem": 0.72, "name": "mobilenet_v2"}], "inference-model-info": 1, "inference-model-sys-info": {"GPU_Util": 0.96, "GPU_Mem": 0.72}, "inference-model-latency": 27.576529999999998, "inference-model-name": "inception_v3"}}