{"6292": {"global": [{"cpu-cycles": 14905067767, "instructions": 10807566424, "cache-references": 1962230429, "cache-misses": 12886020, "LLC-loads": 149871682, "LLC-load-misses": 1171753, "LLC-store-misses": 3366982, "LLC-stores": 38288822, "L1-dcache-load-misses": 318912176, "L1-dcache-loads": 3219110551, "L1-dcache-stores": 1824655308, "GPU_Util": 0.98, "GPU_Mem": 0.68}], "model-sons": [{"cpu-cycles": 4651905067, "instructions": 3142797538, "cache-references": 640327879, "cache-misses": 1165246, "LLC-loads": 48117570, "LLC-load-misses": 97876, "LLC-store-misses": 90769, "LLC-stores": 10779593, "L1-dcache-load-misses": 100528541, "L1-dcache-loads": 972590543, "L1-dcache-stores": 548320926, "GPU_Util": 0.98, "GPU_Mem": 0.68, "name": "shufflenet"}, {"cpu-cycles": 4619646302, "instructions": 3330740408, "cache-references": 641794802, "cache-misses": 1446357, "LLC-loads": 49755465, "LLC-load-misses": 83865, "LLC-store-misses": 31691, "LLC-stores": 11712105, "L1-dcache-load-misses": 103163163, "L1-dcache-loads": 1030696155, "L1-dcache-stores": 575027057, "GPU_Util": 0.98, "GPU_Mem": 0.68, "name": "mnasnet"}, {"cpu-cycles": 4634582978, "instructions": 3371174745, "cache-references": 662316879, "cache-misses": 875953, "LLC-loads": 50143501, "LLC-load-misses": 101887, "LLC-store-misses": 74301, "LLC-stores": 11359863, "L1-dcache-load-misses": 102222126, "L1-dcache-loads": 1039255544, "L1-dcache-stores": 578052245, "GPU_Util": 0.98, "GPU_Mem": 0.68, "name": "mnasnet"}], "inference-model-info": 1, "inference-model-sys-info": {"GPU_Util": 0.99, "GPU_Mem": 0.68}, "inference-model-latency": 14.597700000000001, "inference-model-name": "vgg_13"}}