{"6362": {"global": [{"cpu-cycles": 14414566324, "instructions": 13400879518, "cache-references": 1530650134, "cache-misses": 6672475, "LLC-loads": 115026336, "LLC-load-misses": 669837, "LLC-store-misses": 4782718, "LLC-stores": 34928246, "L1-dcache-load-misses": 295555318, "L1-dcache-loads": 4460701116, "L1-dcache-stores": 2297796589, "GPU_Util": 0.73, "GPU_Mem": 0.71}], "model-sons": [{"cpu-cycles": 4624117592, "instructions": 3241725906, "cache-references": 665818636, "cache-misses": 1563072, "LLC-loads": 50509290, "LLC-load-misses": 63898, "LLC-store-misses": 45455, "LLC-stores": 11480820, "L1-dcache-load-misses": 103470027, "L1-dcache-loads": 1008109996, "L1-dcache-stores": 566762297, "GPU_Util": 0.92, "GPU_Mem": 0.71, "name": "shufflenet"}, {"cpu-cycles": 4644286315, "instructions": 6880931435, "cache-references": 196681291, "cache-misses": 1247760, "LLC-loads": 15530019, "LLC-load-misses": 145404, "LLC-store-misses": 84193, "LLC-stores": 4064279, "L1-dcache-load-misses": 84219051, "L1-dcache-loads": 2252517080, "L1-dcache-stores": 1162358248, "GPU_Util": 0.92, "GPU_Mem": 0.71, "name": "resnext50_32x4d"}, {"cpu-cycles": 4633020918, "instructions": 3086355871, "cache-references": 655747339, "cache-misses": 2279265, "LLC-loads": 48354802, "LLC-load-misses": 161774, "LLC-store-misses": 54396, "LLC-stores": 11662538, "L1-dcache-load-misses": 100874854, "L1-dcache-loads": 956778029, "L1-dcache-stores": 531837740, "GPU_Util": 0.92, "GPU_Mem": 0.71, "name": "mobilenet_v3_large"}], "inference-model-info": 1, "inference-model-sys-info": {"GPU_Util": 0.94, "GPU_Mem": 0.71}, "inference-model-latency": 14.731, "inference-model-name": "vgg_13"}}