{"6379": {"global": [{"cpu-cycles": 14157190924, "instructions": 13721648152, "cache-references": 1504660609, "cache-misses": 7951383, "LLC-loads": 114327522, "LLC-load-misses": 789065, "LLC-store-misses": 4057697, "LLC-stores": 28430428, "L1-dcache-load-misses": 296189119, "L1-dcache-loads": 4474944002, "L1-dcache-stores": 2350301411, "GPU_Util": 0.93, "GPU_Mem": 0.71}], "model-sons": [{"cpu-cycles": 4639252503, "instructions": 3260700385, "cache-references": 651046435, "cache-misses": 1212129, "LLC-loads": 50083142, "LLC-load-misses": 131292, "LLC-store-misses": 106907, "LLC-stores": 11559901, "L1-dcache-load-misses": 104385343, "L1-dcache-loads": 1007878135, "L1-dcache-stores": 568577531, "GPU_Util": 0.93, "GPU_Mem": 0.71, "name": "shufflenet"}, {"cpu-cycles": 4622170853, "instructions": 7018989409, "cache-references": 185458598, "cache-misses": 1857162, "LLC-loads": 14545056, "LLC-load-misses": 146731, "LLC-store-misses": 42288, "LLC-stores": 3787829, "L1-dcache-load-misses": 86267225, "L1-dcache-loads": 2331965579, "L1-dcache-stores": 1203424491, "GPU_Util": 0.93, "GPU_Mem": 0.71, "name": "resnext50_32x4d"}, {"cpu-cycles": 4626664444, "instructions": 3320910271, "cache-references": 652347168, "cache-misses": 1197238, "LLC-loads": 48588442, "LLC-load-misses": 101740, "LLC-store-misses": 112162, "LLC-stores": 11835031, "L1-dcache-load-misses": 103238855, "L1-dcache-loads": 1019736266, "L1-dcache-stores": 573072981, "GPU_Util": 0.93, "GPU_Mem": 0.71, "name": "mobilenet_v2"}], "inference-model-info": 1, "inference-model-sys-info": {"GPU_Util": 0.93, "GPU_Mem": 0.71}, "inference-model-latency": 2.8079400000000003, "inference-model-name": "alexnet"}}