{"639": {"global": [{"cpu-cycles": 10240422071, "instructions": 12115266657, "cache-references": 723906227, "cache-misses": 24785043, "LLC-loads": 55075581, "LLC-load-misses": 3344201, "LLC-store-misses": 6346795, "LLC-stores": 23365709, "L1-dcache-load-misses": 215478919, "L1-dcache-loads": 4156279608, "L1-dcache-stores": 2169093449, "GPU_Util": 0.79, "GPU_Mem": 0.61}], "model-sons": [{"cpu-cycles": 4650390223, "instructions": 4129882461, "cache-references": 544388447, "cache-misses": 581717, "LLC-loads": 38902869, "LLC-load-misses": 55164, "LLC-store-misses": 10154, "LLC-stores": 9552035, "L1-dcache-load-misses": 94805221, "L1-dcache-loads": 1331340069, "L1-dcache-stores": 712934956, "GPU_Util": 1.0, "GPU_Mem": 0.61, "name": "squeezenet"}, {"cpu-cycles": 4647994981, "instructions": 8475416893, "cache-references": 54934530, "cache-misses": 447075, "LLC-loads": 4023097, "LLC-load-misses": 40036, "LLC-store-misses": 9345, "LLC-stores": 990202, "L1-dcache-load-misses": 98796278, "L1-dcache-loads": 2911685276, "L1-dcache-stores": 1483982787, "GPU_Util": 1.0, "GPU_Mem": 0.61, "name": "vgg_16"}], "inference-model-info": 1, "inference-model-sys-info": {"GPU_Util": 1.0, "GPU_Mem": 0.61}, "inference-model-latency": 2.25697, "inference-model-name": "alexnet"}}