{"6394": {"global": [{"cpu-cycles": 15265870442, "instructions": 10517952278, "cache-references": 1990034004, "cache-misses": 15554579, "LLC-loads": 153468299, "LLC-load-misses": 1361383, "LLC-store-misses": 2449462, "LLC-stores": 39154820, "L1-dcache-load-misses": 321807756, "L1-dcache-loads": 3338086344, "L1-dcache-stores": 1776040542, "GPU_Util": 0.98, "GPU_Mem": 0.68}], "model-sons": [{"cpu-cycles": 4637204668, "instructions": 3161021899, "cache-references": 648752432, "cache-misses": 1165094, "LLC-loads": 49373420, "LLC-load-misses": 68517, "LLC-store-misses": 52316, "LLC-stores": 10687979, "L1-dcache-load-misses": 101224433, "L1-dcache-loads": 980916295, "L1-dcache-stores": 549219381, "GPU_Util": 0.98, "GPU_Mem": 0.68, "name": "shufflenet"}, {"cpu-cycles": 4623782006, "instructions": 3131851493, "cache-references": 643715046, "cache-misses": 2213211, "LLC-loads": 49406770, "LLC-load-misses": 183944, "LLC-store-misses": 72133, "LLC-stores": 11553655, "L1-dcache-load-misses": 103161154, "L1-dcache-loads": 964126050, "L1-dcache-stores": 541014211, "GPU_Util": 0.98, "GPU_Mem": 0.68, "name": "mobilenet_v3_large"}, {"cpu-cycles": 4641211986, "instructions": 3195713300, "cache-references": 667921259, "cache-misses": 1138993, "LLC-loads": 52019596, "LLC-load-misses": 64906, "LLC-store-misses": 30104, "LLC-stores": 11662215, "L1-dcache-load-misses": 105701321, "L1-dcache-loads": 982820368, "L1-dcache-stores": 551148167, "GPU_Util": 0.98, "GPU_Mem": 0.68, "name": "mobilenet_v3_large"}], "inference-model-info": 1, "inference-model-sys-info": {"GPU_Util": 0.98, "GPU_Mem": 0.68}, "inference-model-latency": 12.616610000000003, "inference-model-name": "mvit"}}