{"6423": {"global": [{"cpu-cycles": 14548564898, "instructions": 10528168488, "cache-references": 1995825316, "cache-misses": 10826136, "LLC-loads": 154715772, "LLC-load-misses": 873558, "LLC-store-misses": 2892295, "LLC-stores": 39049307, "L1-dcache-load-misses": 325943884, "L1-dcache-loads": 3289393466, "L1-dcache-stores": 1805694151, "GPU_Util": 0.98, "GPU_Mem": 0.69}], "model-sons": [{"cpu-cycles": 4630053546, "instructions": 3264895747, "cache-references": 663215684, "cache-misses": 1361861, "LLC-loads": 50723473, "LLC-load-misses": 112798, "LLC-store-misses": 73172, "LLC-stores": 10938076, "L1-dcache-load-misses": 104938027, "L1-dcache-loads": 1011349303, "L1-dcache-stores": 569125176, "GPU_Util": 0.98, "GPU_Mem": 0.69, "name": "shufflenet"}, {"cpu-cycles": 4629284575, "instructions": 3362778066, "cache-references": 654859689, "cache-misses": 1093872, "LLC-loads": 49907714, "LLC-load-misses": 94775, "LLC-store-misses": 33891, "LLC-stores": 11587895, "L1-dcache-load-misses": 105473225, "L1-dcache-loads": 1041488823, "L1-dcache-stores": 583578863, "GPU_Util": 0.98, "GPU_Mem": 0.69, "name": "mobilenet_v2"}, {"cpu-cycles": 4654968311, "instructions": 3457221989, "cache-references": 674252383, "cache-misses": 1207482, "LLC-loads": 51785093, "LLC-load-misses": 103270, "LLC-store-misses": 42939, "LLC-stores": 11917531, "L1-dcache-load-misses": 108820239, "L1-dcache-loads": 1066177998, "L1-dcache-stores": 598231935, "GPU_Util": 0.98, "GPU_Mem": 0.69, "name": "mobilenet_v2"}], "inference-model-info": 1, "inference-model-sys-info": {"GPU_Util": 0.98, "GPU_Mem": 0.69}, "inference-model-latency": 4.262969999999999, "inference-model-name": "mnasnet"}}