{"6435": {"global": [{"cpu-cycles": 14933992305, "instructions": 22496913199, "cache-references": 350387218, "cache-misses": 100283647, "LLC-loads": 44845466, "LLC-load-misses": 16145160, "LLC-store-misses": 22879061, "LLC-stores": 35845664, "L1-dcache-load-misses": 241165023, "L1-dcache-loads": 7122439881, "L1-dcache-stores": 3662576082, "GPU_Util": 0.6, "GPU_Mem": 0.89}], "model-sons": [{"cpu-cycles": 4654969469, "instructions": 8238313161, "cache-references": 43731165, "cache-misses": 568496, "LLC-loads": 3078944, "LLC-load-misses": 43202, "LLC-store-misses": 8235, "LLC-stores": 702011, "L1-dcache-load-misses": 64121211, "L1-dcache-loads": 2839859980, "L1-dcache-stores": 1445150641, "GPU_Util": 1.0, "GPU_Mem": 0.89, "name": "vgg_11"}, {"cpu-cycles": 4626420458, "instructions": 8224555957, "cache-references": 45544116, "cache-misses": 430521, "LLC-loads": 3173756, "LLC-load-misses": 40149, "LLC-store-misses": 12934, "LLC-stores": 705478, "L1-dcache-load-misses": 55065348, "L1-dcache-loads": 2806927160, "L1-dcache-stores": 1431302003, "GPU_Util": 1.0, "GPU_Mem": 0.89, "name": "vgg_11"}, {"cpu-cycles": 4639702470, "instructions": 8102984347, "cache-references": 43568696, "cache-misses": 327740, "LLC-loads": 3225445, "LLC-load-misses": 35143, "LLC-store-misses": 8848, "LLC-stores": 683225, "L1-dcache-load-misses": 59622344, "L1-dcache-loads": 2819307287, "L1-dcache-stores": 1431702813, "GPU_Util": 1.0, "GPU_Mem": 0.89, "name": "vgg_11"}], "inference-model-info": 1, "inference-model-sys-info": {"GPU_Util": 1.0, "GPU_Mem": 0.89}, "inference-model-latency": 3.039219999999999, "inference-model-name": "alexnet"}}