{"6448": {"global": [{"cpu-cycles": 15182434669, "instructions": 23242496856, "cache-references": 420539525, "cache-misses": 130948557, "LLC-loads": 53225721, "LLC-load-misses": 19404102, "LLC-store-misses": 33180252, "LLC-stores": 46328127, "L1-dcache-load-misses": 269787833, "L1-dcache-loads": 7365673027, "L1-dcache-stores": 3845830406, "GPU_Util": 0.22, "GPU_Mem": 0.89}], "model-sons": [{"cpu-cycles": 4633825339, "instructions": 8192949170, "cache-references": 43565256, "cache-misses": 468042, "LLC-loads": 3097303, "LLC-load-misses": 36644, "LLC-store-misses": 5588, "LLC-stores": 728585, "L1-dcache-load-misses": 66491815, "L1-dcache-loads": 2834121071, "L1-dcache-stores": 1449788470, "GPU_Util": 0.84, "GPU_Mem": 0.89, "name": "vgg_11"}, {"cpu-cycles": 4633417301, "instructions": 7967427923, "cache-references": 43186244, "cache-misses": 355923, "LLC-loads": 3053245, "LLC-load-misses": 33058, "LLC-store-misses": 7150, "LLC-stores": 701604, "L1-dcache-load-misses": 52979780, "L1-dcache-loads": 2735072300, "L1-dcache-stores": 1392708381, "GPU_Util": 1.0, "GPU_Mem": 0.89, "name": "vgg_11"}, {"cpu-cycles": 4646823600, "instructions": 8457145401, "cache-references": 39982869, "cache-misses": 338967, "LLC-loads": 2859010, "LLC-load-misses": 42989, "LLC-store-misses": 32853, "LLC-stores": 670299, "L1-dcache-load-misses": 79583094, "L1-dcache-loads": 2905680785, "L1-dcache-stores": 1481720099, "GPU_Util": 1.0, "GPU_Mem": 0.89, "name": "vgg_13"}], "inference-model-info": 1, "inference-model-sys-info": {"GPU_Util": 1.0, "GPU_Mem": 0.89}, "inference-model-latency": 3.8507600000000006, "inference-model-name": "mobilenet_v3_small"}}