{"6473": {"global": [{"cpu-cycles": 14218914078, "instructions": 18389968100, "cache-references": 902307476, "cache-misses": 62015018, "LLC-loads": 78702069, "LLC-load-misses": 10095337, "LLC-store-misses": 15635909, "LLC-stores": 30912451, "L1-dcache-load-misses": 264703560, "L1-dcache-loads": 6151754434, "L1-dcache-stores": 3214903809, "GPU_Util": 0.82, "GPU_Mem": 0.81}], "model-sons": [{"cpu-cycles": 4631491602, "instructions": 8198077976, "cache-references": 49484056, "cache-misses": 598050, "LLC-loads": 3513808, "LLC-load-misses": 55243, "LLC-store-misses": 10777, "LLC-stores": 783767, "L1-dcache-load-misses": 67684394, "L1-dcache-loads": 2825820440, "L1-dcache-stores": 1441680182, "GPU_Util": 0.99, "GPU_Mem": 0.81, "name": "vgg_11"}, {"cpu-cycles": 4637083446, "instructions": 8124599391, "cache-references": 51796543, "cache-misses": 614543, "LLC-loads": 3711574, "LLC-load-misses": 42862, "LLC-store-misses": 1657, "LLC-stores": 795247, "L1-dcache-load-misses": 59153092, "L1-dcache-loads": 2813095087, "L1-dcache-stores": 1431177147, "GPU_Util": 0.99, "GPU_Mem": 0.81, "name": "vgg_11"}, {"cpu-cycles": 4622569712, "instructions": 3194849570, "cache-references": 679796944, "cache-misses": 999079, "LLC-loads": 50975765, "LLC-load-misses": 90954, "LLC-store-misses": 59906, "LLC-stores": 11241714, "L1-dcache-load-misses": 104463258, "L1-dcache-loads": 982211602, "L1-dcache-stores": 552606900, "GPU_Util": 0.99, "GPU_Mem": 0.81, "name": "mobilenet_v3_small"}], "inference-model-info": 1, "inference-model-sys-info": {"GPU_Util": 0.99, "GPU_Mem": 0.81}, "inference-model-latency": 11.813359999999998, "inference-model-name": "vgg_11"}}