{"6495": {"global": [{"cpu-cycles": 14192375743, "instructions": 23076534756, "cache-references": 418411765, "cache-misses": 76830799, "LLC-loads": 46795990, "LLC-load-misses": 10250408, "LLC-store-misses": 10302660, "LLC-stores": 28402967, "L1-dcache-load-misses": 232545809, "L1-dcache-loads": 7648408559, "L1-dcache-stores": 3825027803, "GPU_Util": 0.85, "GPU_Mem": 0.84}], "model-sons": [{"cpu-cycles": 4617274192, "instructions": 8067163795, "cache-references": 43026579, "cache-misses": 485729, "LLC-loads": 3191745, "LLC-load-misses": 41760, "LLC-store-misses": 4824, "LLC-stores": 681921, "L1-dcache-load-misses": 58294617, "L1-dcache-loads": 2812730042, "L1-dcache-stores": 1423887623, "GPU_Util": 1.0, "GPU_Mem": 0.84, "name": "vgg_11"}, {"cpu-cycles": 4632123839, "instructions": 8272109797, "cache-references": 43981811, "cache-misses": 279474, "LLC-loads": 3175593, "LLC-load-misses": 25868, "LLC-store-misses": 4547, "LLC-stores": 758043, "L1-dcache-load-misses": 62742363, "L1-dcache-loads": 2842077480, "L1-dcache-stores": 1447435578, "GPU_Util": 1.0, "GPU_Mem": 0.84, "name": "vgg_11"}, {"cpu-cycles": 4625318986, "instructions": 7773352999, "cache-references": 96285678, "cache-misses": 716215, "LLC-loads": 7137666, "LLC-load-misses": 55083, "LLC-store-misses": 29012, "LLC-stores": 1579915, "L1-dcache-load-misses": 94571842, "L1-dcache-loads": 2680533858, "L1-dcache-stores": 1368432266, "GPU_Util": 1.0, "GPU_Mem": 0.84, "name": "alexnet"}], "inference-model-info": 1, "inference-model-sys-info": {"GPU_Util": 1.0, "GPU_Mem": 0.84}, "inference-model-latency": 5.5343599999999995, "inference-model-name": "mobilenet_v3_large"}}