{"6540": {"global": [{"cpu-cycles": 14882490878, "instructions": 17953653668, "cache-references": 866432053, "cache-misses": 71678969, "LLC-loads": 78040747, "LLC-load-misses": 10408086, "LLC-store-misses": 13533714, "LLC-stores": 32525349, "L1-dcache-load-misses": 259850119, "L1-dcache-loads": 5874070985, "L1-dcache-stores": 3074887243, "GPU_Util": 0.85, "GPU_Mem": 0.82}], "model-sons": [{"cpu-cycles": 4613372038, "instructions": 7794736146, "cache-references": 48186383, "cache-misses": 689906, "LLC-loads": 3438205, "LLC-load-misses": 36982, "LLC-store-misses": 4507, "LLC-stores": 744377, "L1-dcache-load-misses": 53132794, "L1-dcache-loads": 2698551947, "L1-dcache-stores": 1370983705, "GPU_Util": 0.99, "GPU_Mem": 0.82, "name": "vgg_11"}, {"cpu-cycles": 4647608696, "instructions": 7852178350, "cache-references": 45258965, "cache-misses": 242199, "LLC-loads": 3377801, "LLC-load-misses": 33485, "LLC-store-misses": 10050, "LLC-stores": 691331, "L1-dcache-load-misses": 56942844, "L1-dcache-loads": 2706792785, "L1-dcache-stores": 1378475762, "GPU_Util": 0.99, "GPU_Mem": 0.82, "name": "vgg_11"}, {"cpu-cycles": 4636748676, "instructions": 3095008762, "cache-references": 650689322, "cache-misses": 911847, "LLC-loads": 48651540, "LLC-load-misses": 127901, "LLC-store-misses": 34797, "LLC-stores": 11231049, "L1-dcache-load-misses": 102592948, "L1-dcache-loads": 956544961, "L1-dcache-stores": 537559759, "GPU_Util": 0.99, "GPU_Mem": 0.82, "name": "mobilenet_v3_large"}], "inference-model-info": 1, "inference-model-sys-info": {"GPU_Util": 0.99, "GPU_Mem": 0.82}, "inference-model-latency": 8.501669999999999, "inference-model-name": "googlenet"}}