{"656": {"global": [{"cpu-cycles": 9761257558, "instructions": 6413433479, "cache-references": 1331217355, "cache-misses": 7104849, "LLC-loads": 96237090, "LLC-load-misses": 478728, "LLC-store-misses": 5332032, "LLC-stores": 29484279, "L1-dcache-load-misses": 209107461, "L1-dcache-loads": 2054317663, "L1-dcache-stores": 1119131613, "GPU_Util": 0.83, "GPU_Mem": 0.53}], "model-sons": [{"cpu-cycles": 4655554094, "instructions": 3070177932, "cache-references": 661541255, "cache-misses": 489281, "LLC-loads": 46208058, "LLC-load-misses": 64614, "LLC-store-misses": 8924, "LLC-stores": 13224633, "L1-dcache-load-misses": 99867531, "L1-dcache-loads": 940054345, "L1-dcache-stores": 519443764, "GPU_Util": 0.99, "GPU_Mem": 0.53, "name": "squeezenet"}, {"cpu-cycles": 4663675096, "instructions": 3093103881, "cache-references": 658608585, "cache-misses": 966398, "LLC-loads": 49351966, "LLC-load-misses": 65774, "LLC-store-misses": 8622, "LLC-stores": 11232566, "L1-dcache-load-misses": 102397784, "L1-dcache-loads": 954393987, "L1-dcache-stores": 535594534, "GPU_Util": 0.99, "GPU_Mem": 0.53, "name": "mobilenet_v3_small"}], "inference-model-info": 1, "inference-model-sys-info": {"GPU_Util": 0.94, "GPU_Mem": 0.53}, "inference-model-latency": 17.18833, "inference-model-name": "resnext50_32x4d"}}