{"6572": {"global": [{"cpu-cycles": 14351858977, "instructions": 22458083961, "cache-references": 339245191, "cache-misses": 107778229, "LLC-loads": 47691805, "LLC-load-misses": 16807375, "LLC-store-misses": 29307762, "LLC-stores": 43856318, "L1-dcache-load-misses": 259902102, "L1-dcache-loads": 7305888120, "L1-dcache-stores": 3775450003, "GPU_Util": 0.24, "GPU_Mem": 0.9}], "model-sons": [{"cpu-cycles": 4627002444, "instructions": 7979741029, "cache-references": 43572156, "cache-misses": 493862, "LLC-loads": 3203424, "LLC-load-misses": 36385, "LLC-store-misses": 6672, "LLC-stores": 726711, "L1-dcache-load-misses": 57236823, "L1-dcache-loads": 2743092475, "L1-dcache-stores": 1401487041, "GPU_Util": 1.0, "GPU_Mem": 0.9, "name": "vgg_11"}, {"cpu-cycles": 4640124728, "instructions": 8229842319, "cache-references": 40938463, "cache-misses": 405356, "LLC-loads": 2904792, "LLC-load-misses": 27229, "LLC-store-misses": 3243, "LLC-stores": 652945, "L1-dcache-load-misses": 85189777, "L1-dcache-loads": 2833952346, "L1-dcache-stores": 1441551135, "GPU_Util": 1.0, "GPU_Mem": 0.9, "name": "vgg_13"}, {"cpu-cycles": 4639055982, "instructions": 8277927325, "cache-references": 40783852, "cache-misses": 690483, "LLC-loads": 2923439, "LLC-load-misses": 56485, "LLC-store-misses": 10626, "LLC-stores": 669115, "L1-dcache-load-misses": 75406295, "L1-dcache-loads": 2847646158, "L1-dcache-stores": 1448528706, "GPU_Util": 1.0, "GPU_Mem": 0.9, "name": "vgg_13"}], "inference-model-info": 1, "inference-model-sys-info": {"GPU_Util": 1.0, "GPU_Mem": 0.9}, "inference-model-latency": 16.28728, "inference-model-name": "vgg_13"}}