{"660": {"global": [{"cpu-cycles": 9985150180, "instructions": 12044576232, "cache-references": 710081798, "cache-misses": 7503376, "LLC-loads": 51507581, "LLC-load-misses": 516703, "LLC-store-misses": 2787133, "LLC-stores": 17504070, "L1-dcache-load-misses": 195328659, "L1-dcache-loads": 4041089272, "L1-dcache-stores": 2088033924, "GPU_Util": 0.99, "GPU_Mem": 0.55}], "model-sons": [{"cpu-cycles": 4682032064, "instructions": 4462331990, "cache-references": 540022801, "cache-misses": 418391, "LLC-loads": 38825617, "LLC-load-misses": 51925, "LLC-store-misses": 7869, "LLC-stores": 9659711, "L1-dcache-load-misses": 95194178, "L1-dcache-loads": 1407451930, "L1-dcache-stores": 758604221, "GPU_Util": 0.99, "GPU_Mem": 0.55, "name": "squeezenet"}, {"cpu-cycles": 4689039328, "instructions": 7262010020, "cache-references": 153913508, "cache-misses": 323284, "LLC-loads": 11432368, "LLC-load-misses": 44395, "LLC-store-misses": 7747, "LLC-stores": 2205585, "L1-dcache-load-misses": 93753463, "L1-dcache-loads": 2546166627, "L1-dcache-stores": 1296007351, "GPU_Util": 1.0, "GPU_Mem": 0.55, "name": "alexnet"}], "inference-model-info": 1, "inference-model-sys-info": {"GPU_Util": 0.99, "GPU_Mem": 0.55}, "inference-model-latency": 6.272239999999999, "inference-model-name": "googlenet"}}