{"6627": {"global": [{"cpu-cycles": 14480637409, "instructions": 19227673149, "cache-references": 716471079, "cache-misses": 79344906, "LLC-loads": 70354451, "LLC-load-misses": 11583589, "LLC-store-misses": 17387037, "LLC-stores": 37525263, "L1-dcache-load-misses": 264176471, "L1-dcache-loads": 6368998378, "L1-dcache-stores": 3296443924, "GPU_Util": 0.8, "GPU_Mem": 0.86}], "model-sons": [{"cpu-cycles": 4621807327, "instructions": 7892100270, "cache-references": 41702682, "cache-misses": 540621, "LLC-loads": 3126178, "LLC-load-misses": 37361, "LLC-store-misses": 9892, "LLC-stores": 671580, "L1-dcache-load-misses": 54045317, "L1-dcache-loads": 2721681591, "L1-dcache-stores": 1380483753, "GPU_Util": 1.0, "GPU_Mem": 0.86, "name": "vgg_11"}, {"cpu-cycles": 4643909464, "instructions": 8347805200, "cache-references": 41392953, "cache-misses": 570401, "LLC-loads": 2908505, "LLC-load-misses": 45803, "LLC-store-misses": 7175, "LLC-stores": 678396, "L1-dcache-load-misses": 87574658, "L1-dcache-loads": 2872670393, "L1-dcache-stores": 1462648870, "GPU_Util": 1.0, "GPU_Mem": 0.86, "name": "vgg_13"}, {"cpu-cycles": 4623847101, "instructions": 4619492361, "cache-references": 429308107, "cache-misses": 2269620, "LLC-loads": 32485935, "LLC-load-misses": 147698, "LLC-store-misses": 76947, "LLC-stores": 7511664, "L1-dcache-load-misses": 84835679, "L1-dcache-loads": 1516977129, "L1-dcache-stores": 805231663, "GPU_Util": 1.0, "GPU_Mem": 0.86, "name": "mvit"}], "inference-model-info": 1, "inference-model-sys-info": {"GPU_Util": 1.0, "GPU_Mem": 0.86}, "inference-model-latency": 12.14243, "inference-model-name": "vgg_11"}}