{"6637": {"global": [{"cpu-cycles": 14651206221, "instructions": 19695704085, "cache-references": 847024450, "cache-misses": 75233044, "LLC-loads": 78718867, "LLC-load-misses": 9597374, "LLC-store-misses": 13153315, "LLC-stores": 32056372, "L1-dcache-load-misses": 299398829, "L1-dcache-loads": 6305307999, "L1-dcache-stores": 3352266508, "GPU_Util": 0.48, "GPU_Mem": 0.83}], "model-sons": [{"cpu-cycles": 4638346870, "instructions": 8106664410, "cache-references": 45246130, "cache-misses": 638851, "LLC-loads": 3296468, "LLC-load-misses": 51166, "LLC-store-misses": 5037, "LLC-stores": 748391, "L1-dcache-load-misses": 57623974, "L1-dcache-loads": 2781680926, "L1-dcache-stores": 1417786410, "GPU_Util": 0.95, "GPU_Mem": 0.83, "name": "vgg_11"}, {"cpu-cycles": 4630883650, "instructions": 8572557665, "cache-references": 40135288, "cache-misses": 448247, "LLC-loads": 2829692, "LLC-load-misses": 33737, "LLC-store-misses": 8133, "LLC-stores": 669280, "L1-dcache-load-misses": 87047919, "L1-dcache-loads": 2952568488, "L1-dcache-stores": 1495194541, "GPU_Util": 0.99, "GPU_Mem": 0.83, "name": "vgg_13"}, {"cpu-cycles": 4644799976, "instructions": 4178284701, "cache-references": 582934936, "cache-misses": 672750, "LLC-loads": 44621749, "LLC-load-misses": 96152, "LLC-store-misses": 54461, "LLC-stores": 10385502, "L1-dcache-load-misses": 101185592, "L1-dcache-loads": 1319620557, "L1-dcache-stores": 725437034, "GPU_Util": 0.99, "GPU_Mem": 0.83, "name": "mnasnet"}], "inference-model-info": 1, "inference-model-sys-info": {"GPU_Util": 0.97, "GPU_Mem": 0.83}, "inference-model-latency": 29.911989999999992, "inference-model-name": "inception_v3"}}