{"6672": {"global": [{"cpu-cycles": 15114357497, "instructions": 18891153040, "cache-references": 883339861, "cache-misses": 84989637, "LLC-loads": 77909364, "LLC-load-misses": 10007912, "LLC-store-misses": 13604185, "LLC-stores": 36126299, "L1-dcache-load-misses": 288840676, "L1-dcache-loads": 6227205069, "L1-dcache-stores": 3239893102, "GPU_Util": 0.83, "GPU_Mem": 0.83}], "model-sons": [{"cpu-cycles": 4650359174, "instructions": 8155978595, "cache-references": 45164891, "cache-misses": 400748, "LLC-loads": 3209197, "LLC-load-misses": 40716, "LLC-store-misses": 13029, "LLC-stores": 753960, "L1-dcache-load-misses": 55926686, "L1-dcache-loads": 2805542577, "L1-dcache-stores": 1430434874, "GPU_Util": 0.99, "GPU_Mem": 0.83, "name": "vgg_11"}, {"cpu-cycles": 4622148404, "instructions": 8349551807, "cache-references": 44405513, "cache-misses": 820734, "LLC-loads": 3219904, "LLC-load-misses": 50261, "LLC-store-misses": 34172, "LLC-stores": 810821, "L1-dcache-load-misses": 93836820, "L1-dcache-loads": 2886377645, "L1-dcache-stores": 1464420954, "GPU_Util": 0.99, "GPU_Mem": 0.83, "name": "vgg_13"}, {"cpu-cycles": 4635387720, "instructions": 3029747382, "cache-references": 639136393, "cache-misses": 705161, "LLC-loads": 47360154, "LLC-load-misses": 93313, "LLC-store-misses": 48949, "LLC-stores": 10550491, "L1-dcache-load-misses": 98485127, "L1-dcache-loads": 930173894, "L1-dcache-stores": 521844627, "GPU_Util": 0.99, "GPU_Mem": 0.83, "name": "mobilenet_v3_large"}], "inference-model-info": 1, "inference-model-sys-info": {"GPU_Util": 0.99, "GPU_Mem": 0.83}, "inference-model-latency": 3.8207999999999998, "inference-model-name": "mobilenet_v3_small"}}