{"6679": {"global": [{"cpu-cycles": 15067486686, "instructions": 19518653901, "cache-references": 872675812, "cache-misses": 80096116, "LLC-loads": 82512458, "LLC-load-misses": 10571751, "LLC-store-misses": 14453784, "LLC-stores": 35335402, "L1-dcache-load-misses": 297750537, "L1-dcache-loads": 6420285237, "L1-dcache-stores": 3379830153, "GPU_Util": 0.87, "GPU_Mem": 0.83}], "model-sons": [{"cpu-cycles": 4639472597, "instructions": 8168097248, "cache-references": 44892654, "cache-misses": 538900, "LLC-loads": 3280548, "LLC-load-misses": 34176, "LLC-store-misses": 7938, "LLC-stores": 729393, "L1-dcache-load-misses": 68156285, "L1-dcache-loads": 2821431179, "L1-dcache-stores": 1427227812, "GPU_Util": 0.99, "GPU_Mem": 0.83, "name": "vgg_11"}, {"cpu-cycles": 4637319256, "instructions": 7948280677, "cache-references": 40538832, "cache-misses": 441602, "LLC-loads": 2888182, "LLC-load-misses": 41670, "LLC-store-misses": 11729, "LLC-stores": 712473, "L1-dcache-load-misses": 88557170, "L1-dcache-loads": 2746739899, "L1-dcache-stores": 1397778904, "GPU_Util": 0.99, "GPU_Mem": 0.83, "name": "vgg_13"}, {"cpu-cycles": 4648373419, "instructions": 3964897662, "cache-references": 610926915, "cache-misses": 771448, "LLC-loads": 46901459, "LLC-load-misses": 90296, "LLC-store-misses": 26698, "LLC-stores": 11567261, "L1-dcache-load-misses": 104627282, "L1-dcache-loads": 1260408052, "L1-dcache-stores": 689595942, "GPU_Util": 0.99, "GPU_Mem": 0.83, "name": "mobilenet_v2"}], "inference-model-info": 1, "inference-model-sys-info": {"GPU_Util": 0.97, "GPU_Mem": 0.83}, "inference-model-latency": 29.93956, "inference-model-name": "inception_v3"}}