{"6705": {"global": [{"cpu-cycles": 15690389200, "instructions": 23133908546, "cache-references": 375474959, "cache-misses": 122708437, "LLC-loads": 48641081, "LLC-load-misses": 17203614, "LLC-store-misses": 19302369, "LLC-stores": 41416315, "L1-dcache-load-misses": 297781172, "L1-dcache-loads": 7405865840, "L1-dcache-stores": 3867653592, "GPU_Util": 0.33, "GPU_Mem": 0.91}], "model-sons": [{"cpu-cycles": 4636268624, "instructions": 8287786352, "cache-references": 44249578, "cache-misses": 399877, "LLC-loads": 3121734, "LLC-load-misses": 27359, "LLC-store-misses": 1949, "LLC-stores": 716764, "L1-dcache-load-misses": 63255607, "L1-dcache-loads": 2866505226, "L1-dcache-stores": 1450517730, "GPU_Util": 1.0, "GPU_Mem": 0.91, "name": "vgg_11"}, {"cpu-cycles": 4638158955, "instructions": 8385178533, "cache-references": 38894919, "cache-misses": 252481, "LLC-loads": 2630039, "LLC-load-misses": 24079, "LLC-store-misses": 6904, "LLC-stores": 637662, "L1-dcache-load-misses": 95325552, "L1-dcache-loads": 2884693141, "L1-dcache-stores": 1470108314, "GPU_Util": 1.0, "GPU_Mem": 0.91, "name": "vgg_16"}, {"cpu-cycles": 4631120428, "instructions": 8303239712, "cache-references": 38163577, "cache-misses": 515866, "LLC-loads": 2717673, "LLC-load-misses": 50435, "LLC-store-misses": 14448, "LLC-stores": 578967, "L1-dcache-load-misses": 88117857, "L1-dcache-loads": 2869945170, "L1-dcache-stores": 1461925683, "GPU_Util": 1.0, "GPU_Mem": 0.91, "name": "vgg_16"}], "inference-model-info": 1, "inference-model-sys-info": {"GPU_Util": 1.0, "GPU_Mem": 0.91}, "inference-model-latency": 5.57395, "inference-model-name": "mobilenet_v3_large"}}