{"6709": {"global": [{"cpu-cycles": 14639271242, "instructions": 18815692068, "cache-references": 899272989, "cache-misses": 81582223, "LLC-loads": 81396551, "LLC-load-misses": 11611574, "LLC-store-misses": 18815485, "LLC-stores": 39705617, "L1-dcache-load-misses": 274876319, "L1-dcache-loads": 5965555581, "L1-dcache-stores": 3068279845, "GPU_Util": 0.66, "GPU_Mem": 0.82}], "model-sons": [{"cpu-cycles": 4629532588, "instructions": 8101778469, "cache-references": 51474401, "cache-misses": 542669, "LLC-loads": 3751033, "LLC-load-misses": 49352, "LLC-store-misses": 37778, "LLC-stores": 898827, "L1-dcache-load-misses": 60312420, "L1-dcache-loads": 2810501228, "L1-dcache-stores": 1432959833, "GPU_Util": 0.99, "GPU_Mem": 0.82, "name": "vgg_11"}, {"cpu-cycles": 4637563774, "instructions": 8286410166, "cache-references": 44305263, "cache-misses": 367950, "LLC-loads": 3127168, "LLC-load-misses": 34617, "LLC-store-misses": 29729, "LLC-stores": 780835, "L1-dcache-load-misses": 75399326, "L1-dcache-loads": 2845733234, "L1-dcache-stores": 1448956952, "GPU_Util": 0.99, "GPU_Mem": 0.82, "name": "vgg_16"}, {"cpu-cycles": 4636799388, "instructions": 3079657724, "cache-references": 661111287, "cache-misses": 1053997, "LLC-loads": 48229171, "LLC-load-misses": 95195, "LLC-store-misses": 40387, "LLC-stores": 11270834, "L1-dcache-load-misses": 100525234, "L1-dcache-loads": 942487451, "L1-dcache-stores": 526959880, "GPU_Util": 0.99, "GPU_Mem": 0.82, "name": "mobilenet_v3_small"}], "inference-model-info": 1, "inference-model-sys-info": {"GPU_Util": 0.99, "GPU_Mem": 0.82}, "inference-model-latency": 3.4204100000000013, "inference-model-name": "squeezenet"}}