{"6726": {"global": [{"cpu-cycles": 14450450569, "instructions": 23386702827, "cache-references": 406111617, "cache-misses": 77122584, "LLC-loads": 44943640, "LLC-load-misses": 9946136, "LLC-store-misses": 13024874, "LLC-stores": 23301343, "L1-dcache-load-misses": 200943805, "L1-dcache-loads": 7866063130, "L1-dcache-stores": 3911401855, "GPU_Util": 0.74, "GPU_Mem": 0.85}], "model-sons": [{"cpu-cycles": 4637048732, "instructions": 8000174611, "cache-references": 44806418, "cache-misses": 253570, "LLC-loads": 3202077, "LLC-load-misses": 25527, "LLC-store-misses": 12715, "LLC-stores": 703920, "L1-dcache-load-misses": 56023644, "L1-dcache-loads": 2769182062, "L1-dcache-stores": 1411334917, "GPU_Util": 1.0, "GPU_Mem": 0.85, "name": "vgg_11"}, {"cpu-cycles": 4635944774, "instructions": 7937688928, "cache-references": 38875334, "cache-misses": 356531, "LLC-loads": 2871311, "LLC-load-misses": 47719, "LLC-store-misses": 12089, "LLC-stores": 631881, "L1-dcache-load-misses": 108612541, "L1-dcache-loads": 2756782743, "L1-dcache-stores": 1401447511, "GPU_Util": 1.0, "GPU_Mem": 0.85, "name": "vgg_16"}, {"cpu-cycles": 4628859858, "instructions": 7817310524, "cache-references": 95367429, "cache-misses": 494018, "LLC-loads": 7369885, "LLC-load-misses": 37695, "LLC-store-misses": 2825, "LLC-stores": 1528084, "L1-dcache-load-misses": 73190578, "L1-dcache-loads": 2714050581, "L1-dcache-stores": 1383323602, "GPU_Util": 1.0, "GPU_Mem": 0.85, "name": "alexnet"}], "inference-model-info": 1, "inference-model-sys-info": {"GPU_Util": 1.0, "GPU_Mem": 0.85}, "inference-model-latency": 16.189239999999998, "inference-model-name": "vgg_13"}}