{"6779": {"global": [{"cpu-cycles": 14923684340, "instructions": 18240086434, "cache-references": 877530541, "cache-misses": 78281096, "LLC-loads": 78516136, "LLC-load-misses": 10625629, "LLC-store-misses": 13980805, "LLC-stores": 30434780, "L1-dcache-load-misses": 274279169, "L1-dcache-loads": 6071848511, "L1-dcache-stores": 3142084931, "GPU_Util": 0.45, "GPU_Mem": 0.83}], "model-sons": [{"cpu-cycles": 4625014385, "instructions": 7907596983, "cache-references": 46247527, "cache-misses": 787381, "LLC-loads": 3191432, "LLC-load-misses": 37189, "LLC-store-misses": 35100, "LLC-stores": 796031, "L1-dcache-load-misses": 58052037, "L1-dcache-loads": 2738145113, "L1-dcache-stores": 1389323701, "GPU_Util": 0.99, "GPU_Mem": 0.83, "name": "vgg_11"}, {"cpu-cycles": 4651033798, "instructions": 8313942560, "cache-references": 38521810, "cache-misses": 278112, "LLC-loads": 2864859, "LLC-load-misses": 32541, "LLC-store-misses": 17789, "LLC-stores": 643149, "L1-dcache-load-misses": 70645558, "L1-dcache-loads": 2850320928, "L1-dcache-stores": 1447105794, "GPU_Util": 0.99, "GPU_Mem": 0.83, "name": "vgg_16"}, {"cpu-cycles": 4627283487, "instructions": 3178547021, "cache-references": 666526922, "cache-misses": 1885362, "LLC-loads": 50949498, "LLC-load-misses": 92274, "LLC-store-misses": 15304, "LLC-stores": 11366433, "L1-dcache-load-misses": 105503678, "L1-dcache-loads": 984007320, "L1-dcache-stores": 549527551, "GPU_Util": 0.99, "GPU_Mem": 0.83, "name": "mobilenet_v3_large"}], "inference-model-info": 1, "inference-model-sys-info": {"GPU_Util": 0.99, "GPU_Mem": 0.83}, "inference-model-latency": 3.4607599999999996, "inference-model-name": "squeezenet"}}