{"6833": {"global": [{"cpu-cycles": 14322441923, "instructions": 14542866042, "cache-references": 1297943315, "cache-misses": 46800867, "LLC-loads": 106842804, "LLC-load-misses": 5313737, "LLC-store-misses": 10204287, "LLC-stores": 32944399, "L1-dcache-load-misses": 278156128, "L1-dcache-loads": 4670483662, "L1-dcache-stores": 2497590885, "GPU_Util": 0.89, "GPU_Mem": 0.78}], "model-sons": [{"cpu-cycles": 4648826777, "instructions": 8063218510, "cache-references": 52266593, "cache-misses": 587130, "LLC-loads": 3727962, "LLC-load-misses": 50741, "LLC-store-misses": 13869, "LLC-stores": 807659, "L1-dcache-load-misses": 55107520, "L1-dcache-loads": 2771766589, "L1-dcache-stores": 1410850733, "GPU_Util": 0.99, "GPU_Mem": 0.78, "name": "vgg_11"}, {"cpu-cycles": 4642413519, "instructions": 3099445109, "cache-references": 665814518, "cache-misses": 1500585, "LLC-loads": 49488188, "LLC-load-misses": 114494, "LLC-store-misses": 33796, "LLC-stores": 11251213, "L1-dcache-load-misses": 102537961, "L1-dcache-loads": 956416968, "L1-dcache-stores": 538476175, "GPU_Util": 0.99, "GPU_Mem": 0.78, "name": "mobilenet_v3_small"}, {"cpu-cycles": 4658729059, "instructions": 4161400911, "cache-references": 480898439, "cache-misses": 1617303, "LLC-loads": 38340994, "LLC-load-misses": 122398, "LLC-store-misses": 111846, "LLC-stores": 8826222, "L1-dcache-load-misses": 93290373, "L1-dcache-loads": 1342782543, "L1-dcache-stores": 728300447, "GPU_Util": 0.99, "GPU_Mem": 0.78, "name": "mvit"}], "inference-model-info": 1, "inference-model-sys-info": {"GPU_Util": 0.97, "GPU_Mem": 0.78}, "inference-model-latency": 28.905709999999996, "inference-model-name": "inception_v3"}}