{"6858": {"global": [{"cpu-cycles": 14494816658, "instructions": 14516798392, "cache-references": 1427316220, "cache-misses": 48073151, "LLC-loads": 117338058, "LLC-load-misses": 5635235, "LLC-store-misses": 7291545, "LLC-stores": 35156888, "L1-dcache-load-misses": 289489966, "L1-dcache-loads": 4530235987, "L1-dcache-stores": 2466260166, "GPU_Util": 0.95, "GPU_Mem": 0.75}], "model-sons": [{"cpu-cycles": 4629238388, "instructions": 7886073186, "cache-references": 59047659, "cache-misses": 720543, "LLC-loads": 7171738, "LLC-load-misses": 47673, "LLC-store-misses": 5658, "LLC-stores": 811849, "L1-dcache-load-misses": 59862088, "L1-dcache-loads": 2710803286, "L1-dcache-stores": 1376351190, "GPU_Util": 0.99, "GPU_Mem": 0.75, "name": "vgg_11"}, {"cpu-cycles": 4638810135, "instructions": 3087269790, "cache-references": 645019788, "cache-misses": 959076, "LLC-loads": 49658593, "LLC-load-misses": 87150, "LLC-store-misses": 43730, "LLC-stores": 11018722, "L1-dcache-load-misses": 103349227, "L1-dcache-loads": 956040221, "L1-dcache-stores": 533532481, "GPU_Util": 0.99, "GPU_Mem": 0.75, "name": "mobilenet_v3_small"}, {"cpu-cycles": 4635881200, "instructions": 3393257091, "cache-references": 651990723, "cache-misses": 1054575, "LLC-loads": 49911018, "LLC-load-misses": 82331, "LLC-store-misses": 43622, "LLC-stores": 11513641, "L1-dcache-load-misses": 105703817, "L1-dcache-loads": 1045979124, "L1-dcache-stores": 588688097, "GPU_Util": 0.99, "GPU_Mem": 0.75, "name": "mnasnet"}], "inference-model-info": 1, "inference-model-sys-info": {"GPU_Util": 0.95, "GPU_Mem": 0.75}, "inference-model-latency": 26.764539999999997, "inference-model-name": "resnext50_32x4d"}}