{"6867": {"global": [{"cpu-cycles": 15117697195, "instructions": 18425889126, "cache-references": 1063745405, "cache-misses": 56074582, "LLC-loads": 85696075, "LLC-load-misses": 6024873, "LLC-store-misses": 9127200, "LLC-stores": 33570760, "L1-dcache-load-misses": 257218603, "L1-dcache-loads": 5884564028, "L1-dcache-stores": 2978420762, "GPU_Util": 0.9, "GPU_Mem": 0.77}], "model-sons": [{"cpu-cycles": 4652065421, "instructions": 8115219515, "cache-references": 50226202, "cache-misses": 555188, "LLC-loads": 3595516, "LLC-load-misses": 47888, "LLC-store-misses": 37892, "LLC-stores": 874883, "L1-dcache-load-misses": 60709218, "L1-dcache-loads": 2787560336, "L1-dcache-stores": 1421161099, "GPU_Util": 0.94, "GPU_Mem": 0.77, "name": "vgg_11"}, {"cpu-cycles": 4636767827, "instructions": 3021857710, "cache-references": 645172882, "cache-misses": 1239478, "LLC-loads": 47442209, "LLC-load-misses": 65350, "LLC-store-misses": 16450, "LLC-stores": 10695391, "L1-dcache-load-misses": 98897438, "L1-dcache-loads": 930956444, "L1-dcache-stores": 520908469, "GPU_Util": 0.94, "GPU_Mem": 0.77, "name": "mobilenet_v3_small"}, {"cpu-cycles": 4648459521, "instructions": 7279739420, "cache-references": 160766046, "cache-misses": 1457363, "LLC-loads": 12431378, "LLC-load-misses": 143913, "LLC-store-misses": 51473, "LLC-stores": 3227523, "L1-dcache-load-misses": 79993714, "L1-dcache-loads": 2437937697, "L1-dcache-stores": 1248115223, "GPU_Util": 0.94, "GPU_Mem": 0.77, "name": "resnext50_32x4d"}], "inference-model-info": 1, "inference-model-sys-info": {"GPU_Util": 0.96, "GPU_Mem": 0.77}, "inference-model-latency": 19.8253, "inference-model-name": "vgg_16"}}