{"6879": {"global": [{"cpu-cycles": 14862263186, "instructions": 14612664375, "cache-references": 1494307031, "cache-misses": 47788577, "LLC-loads": 117420340, "LLC-load-misses": 6395460, "LLC-store-misses": 9785028, "LLC-stores": 38649659, "L1-dcache-load-misses": 297527539, "L1-dcache-loads": 4803546409, "L1-dcache-stores": 2486202374, "GPU_Util": 0.99, "GPU_Mem": 0.75}], "model-sons": [{"cpu-cycles": 4630841835, "instructions": 8126618156, "cache-references": 56287589, "cache-misses": 409331, "LLC-loads": 3981611, "LLC-load-misses": 46113, "LLC-store-misses": 14906, "LLC-stores": 886064, "L1-dcache-load-misses": 59282675, "L1-dcache-loads": 2792708391, "L1-dcache-stores": 1424192340, "GPU_Util": 0.99, "GPU_Mem": 0.75, "name": "vgg_11"}, {"cpu-cycles": 4623161297, "instructions": 3144753565, "cache-references": 668105772, "cache-misses": 1521370, "LLC-loads": 49962782, "LLC-load-misses": 85814, "LLC-store-misses": 25202, "LLC-stores": 11203873, "L1-dcache-load-misses": 104276011, "L1-dcache-loads": 974490281, "L1-dcache-stores": 547528766, "GPU_Util": 0.99, "GPU_Mem": 0.75, "name": "mobilenet_v3_small"}, {"cpu-cycles": 4639507137, "instructions": 3226576171, "cache-references": 675085436, "cache-misses": 755170, "LLC-loads": 51057940, "LLC-load-misses": 86667, "LLC-store-misses": 100410, "LLC-stores": 11387260, "L1-dcache-load-misses": 105904371, "L1-dcache-loads": 993200243, "L1-dcache-stores": 557842963, "GPU_Util": 0.99, "GPU_Mem": 0.75, "name": "mobilenet_v3_large"}], "inference-model-info": 1, "inference-model-sys-info": {"GPU_Util": 0.99, "GPU_Mem": 0.75}, "inference-model-latency": 11.69467, "inference-model-name": "vgg_11"}}