{"6919": {"global": [{"cpu-cycles": 15042153342, "instructions": 20369347529, "cache-references": 872775215, "cache-misses": 51777350, "LLC-loads": 72591272, "LLC-load-misses": 4119108, "LLC-store-misses": 7435752, "LLC-stores": 26668219, "L1-dcache-load-misses": 247331628, "L1-dcache-loads": 6661074129, "L1-dcache-stores": 3344659998, "GPU_Util": 0.95, "GPU_Mem": 0.8}], "model-sons": [{"cpu-cycles": 4638899689, "instructions": 8355893438, "cache-references": 44934509, "cache-misses": 484719, "LLC-loads": 3142255, "LLC-load-misses": 40782, "LLC-store-misses": 8131, "LLC-stores": 716101, "L1-dcache-load-misses": 60363513, "L1-dcache-loads": 2881760200, "L1-dcache-stores": 1466336381, "GPU_Util": 0.99, "GPU_Mem": 0.81, "name": "vgg_11"}, {"cpu-cycles": 4625816362, "instructions": 7945024644, "cache-references": 97501853, "cache-misses": 562406, "LLC-loads": 7188763, "LLC-load-misses": 32922, "LLC-store-misses": 41821, "LLC-stores": 1631742, "L1-dcache-load-misses": 94357183, "L1-dcache-loads": 2710146117, "L1-dcache-stores": 1381521232, "GPU_Util": 1.0, "GPU_Mem": 0.81, "name": "alexnet"}, {"cpu-cycles": 4624338567, "instructions": 4881891817, "cache-references": 425987487, "cache-misses": 2477265, "LLC-loads": 33115306, "LLC-load-misses": 167009, "LLC-store-misses": 95900, "LLC-stores": 7676763, "L1-dcache-load-misses": 86897444, "L1-dcache-loads": 1622400293, "L1-dcache-stores": 851293026, "GPU_Util": 1.0, "GPU_Mem": 0.81, "name": "mvit"}], "inference-model-info": 1, "inference-model-sys-info": {"GPU_Util": 1.0, "GPU_Mem": 0.81}, "inference-model-latency": 3.4521900000000003, "inference-model-name": "squeezenet"}}