{"6932": {"global": [{"cpu-cycles": 14481414555, "instructions": 19037987882, "cache-references": 918626088, "cache-misses": 42970735, "LLC-loads": 75966604, "LLC-load-misses": 5765279, "LLC-store-misses": 9910165, "LLC-stores": 26463980, "L1-dcache-load-misses": 225573795, "L1-dcache-loads": 6212006022, "L1-dcache-stores": 3120757035, "GPU_Util": 0.7, "GPU_Mem": 0.77}], "model-sons": [{"cpu-cycles": 4629883571, "instructions": 8278086885, "cache-references": 45746997, "cache-misses": 741340, "LLC-loads": 3249369, "LLC-load-misses": 54840, "LLC-store-misses": 10036, "LLC-stores": 686642, "L1-dcache-load-misses": 54646359, "L1-dcache-loads": 2859436980, "L1-dcache-stores": 1452930096, "GPU_Util": 0.99, "GPU_Mem": 0.77, "name": "vgg_11"}, {"cpu-cycles": 4645636858, "instructions": 7571333705, "cache-references": 96284253, "cache-misses": 396006, "LLC-loads": 7022618, "LLC-load-misses": 45056, "LLC-store-misses": 41883, "LLC-stores": 1647835, "L1-dcache-load-misses": 67846894, "L1-dcache-loads": 2573404502, "L1-dcache-stores": 1311950706, "GPU_Util": 0.99, "GPU_Mem": 0.77, "name": "alexnet"}, {"cpu-cycles": 4626875818, "instructions": 3659739136, "cache-references": 595856128, "cache-misses": 1016153, "LLC-loads": 44465388, "LLC-load-misses": 75373, "LLC-store-misses": 48739, "LLC-stores": 10910897, "L1-dcache-load-misses": 98257715, "L1-dcache-loads": 1149685790, "L1-dcache-stores": 635209698, "GPU_Util": 0.99, "GPU_Mem": 0.77, "name": "mnasnet"}], "inference-model-info": 1, "inference-model-sys-info": {"GPU_Util": 0.99, "GPU_Mem": 0.77}, "inference-model-latency": 8.426129999999999, "inference-model-name": "googlenet"}}