{"6954": {"global": [{"cpu-cycles": 14650252210, "instructions": 22593079450, "cache-references": 426546481, "cache-misses": 46547247, "LLC-loads": 37977132, "LLC-load-misses": 3941890, "LLC-store-misses": 9199521, "LLC-stores": 20236469, "L1-dcache-load-misses": 228678568, "L1-dcache-loads": 7321309843, "L1-dcache-stores": 3743322820, "GPU_Util": 0.82, "GPU_Mem": 0.8}], "model-sons": [{"cpu-cycles": 4627443957, "instructions": 8152173259, "cache-references": 45772745, "cache-misses": 557841, "LLC-loads": 3192122, "LLC-load-misses": 35001, "LLC-store-misses": 10969, "LLC-stores": 750454, "L1-dcache-load-misses": 58550669, "L1-dcache-loads": 2810301202, "L1-dcache-stores": 1430537217, "GPU_Util": 0.95, "GPU_Mem": 0.8, "name": "vgg_11"}, {"cpu-cycles": 4632493849, "instructions": 7806444772, "cache-references": 93452281, "cache-misses": 412335, "LLC-loads": 7188163, "LLC-load-misses": 45809, "LLC-store-misses": 6313, "LLC-stores": 1513820, "L1-dcache-load-misses": 67485838, "L1-dcache-loads": 2709476061, "L1-dcache-stores": 1383424154, "GPU_Util": 0.95, "GPU_Mem": 0.8, "name": "alexnet"}, {"cpu-cycles": 4620175084, "instructions": 7233028823, "cache-references": 129368720, "cache-misses": 1353362, "LLC-loads": 10342541, "LLC-load-misses": 122171, "LLC-store-misses": 52413, "LLC-stores": 2616710, "L1-dcache-load-misses": 81379971, "L1-dcache-loads": 2427188802, "L1-dcache-stores": 1244453594, "GPU_Util": 0.95, "GPU_Mem": 0.8, "name": "resnext50_32x4d"}], "inference-model-info": 1, "inference-model-sys-info": {"GPU_Util": 0.96, "GPU_Mem": 0.8}, "inference-model-latency": 13.7569, "inference-model-name": "mvit"}}