{"6968": {"global": [{"cpu-cycles": 14321899170, "instructions": 18612424652, "cache-references": 953276498, "cache-misses": 47723115, "LLC-loads": 78051047, "LLC-load-misses": 4442895, "LLC-store-misses": 7702001, "LLC-stores": 20559061, "L1-dcache-load-misses": 222428876, "L1-dcache-loads": 6282521317, "L1-dcache-stores": 3165027225, "GPU_Util": 0.48, "GPU_Mem": 0.77}], "model-sons": [{"cpu-cycles": 4626248969, "instructions": 7977604713, "cache-references": 46073157, "cache-misses": 513577, "LLC-loads": 3323046, "LLC-load-misses": 55839, "LLC-store-misses": 12714, "LLC-stores": 735719, "L1-dcache-load-misses": 61733283, "L1-dcache-loads": 2751340760, "L1-dcache-stores": 1404639306, "GPU_Util": 0.99, "GPU_Mem": 0.77, "name": "vgg_11"}, {"cpu-cycles": 4636604233, "instructions": 7603282289, "cache-references": 99507040, "cache-misses": 670422, "LLC-loads": 7119511, "LLC-load-misses": 34074, "LLC-store-misses": 31054, "LLC-stores": 1628375, "L1-dcache-load-misses": 65454716, "L1-dcache-loads": 2607123444, "L1-dcache-stores": 1326874544, "GPU_Util": 0.99, "GPU_Mem": 0.77, "name": "alexnet"}, {"cpu-cycles": 4650423404, "instructions": 3181386760, "cache-references": 666742518, "cache-misses": 1294983, "LLC-loads": 51112338, "LLC-load-misses": 104327, "LLC-store-misses": 38340, "LLC-stores": 11327782, "L1-dcache-load-misses": 104908236, "L1-dcache-loads": 985196719, "L1-dcache-stores": 550062222, "GPU_Util": 0.99, "GPU_Mem": 0.77, "name": "mobilenet_v3_large"}], "inference-model-info": 1, "inference-model-sys-info": {"GPU_Util": 0.99, "GPU_Mem": 0.77}, "inference-model-latency": 13.741759999999998, "inference-model-name": "mvit"}}