{"7038": {"global": [{"cpu-cycles": 14812354155, "instructions": 15349940240, "cache-references": 1300746392, "cache-misses": 57070655, "LLC-loads": 111279342, "LLC-load-misses": 6259631, "LLC-store-misses": 12212743, "LLC-stores": 34250321, "L1-dcache-load-misses": 279820242, "L1-dcache-loads": 4871899275, "L1-dcache-stores": 2583862530, "GPU_Util": 0.98, "GPU_Mem": 0.79}], "model-sons": [{"cpu-cycles": 4640920299, "instructions": 8087937512, "cache-references": 46011579, "cache-misses": 527251, "LLC-loads": 3299042, "LLC-load-misses": 68527, "LLC-store-misses": 38176, "LLC-stores": 775355, "L1-dcache-load-misses": 53524757, "L1-dcache-loads": 2776752069, "L1-dcache-stores": 1418206934, "GPU_Util": 0.99, "GPU_Mem": 0.79, "name": "vgg_11"}, {"cpu-cycles": 4621979190, "instructions": 4516230508, "cache-references": 434816789, "cache-misses": 2498786, "LLC-loads": 34323264, "LLC-load-misses": 147908, "LLC-store-misses": 71707, "LLC-stores": 7605131, "L1-dcache-load-misses": 89039919, "L1-dcache-loads": 1480219459, "L1-dcache-stores": 778445918, "GPU_Util": 0.99, "GPU_Mem": 0.79, "name": "mvit"}, {"cpu-cycles": 4629641063, "instructions": 3107456990, "cache-references": 663659369, "cache-misses": 1299247, "LLC-loads": 49717510, "LLC-load-misses": 153774, "LLC-store-misses": 88955, "LLC-stores": 11247897, "L1-dcache-load-misses": 101135028, "L1-dcache-loads": 954034660, "L1-dcache-stores": 535495092, "GPU_Util": 0.99, "GPU_Mem": 0.79, "name": "mobilenet_v3_large"}], "inference-model-info": 1, "inference-model-sys-info": {"GPU_Util": 0.99, "GPU_Mem": 0.79}, "inference-model-latency": 13.659569999999999, "inference-model-name": "mvit"}}