{"708": {"global": [{"cpu-cycles": 10177254717, "instructions": 11167959872, "cache-references": 780700158, "cache-misses": 6758153, "LLC-loads": 56538437, "LLC-load-misses": 364095, "LLC-store-misses": 810211, "LLC-stores": 16199144, "L1-dcache-load-misses": 194780606, "L1-dcache-loads": 3621088638, "L1-dcache-stores": 1867315865, "GPU_Util": 0.93, "GPU_Mem": 0.56}], "model-sons": [{"cpu-cycles": 4702305201, "instructions": 3995353662, "cache-references": 551874918, "cache-misses": 483793, "LLC-loads": 38553821, "LLC-load-misses": 49316, "LLC-store-misses": 13743, "LLC-stores": 10009635, "L1-dcache-load-misses": 94693637, "L1-dcache-loads": 1275322109, "L1-dcache-stores": 682817175, "GPU_Util": 0.93, "GPU_Mem": 0.56, "name": "squeezenet"}, {"cpu-cycles": 4687488455, "instructions": 6747371836, "cache-references": 208684369, "cache-misses": 934171, "LLC-loads": 16888634, "LLC-load-misses": 90542, "LLC-store-misses": 18074, "LLC-stores": 4335258, "L1-dcache-load-misses": 94776908, "L1-dcache-loads": 2217296686, "L1-dcache-stores": 1146177283, "GPU_Util": 0.93, "GPU_Mem": 0.56, "name": "resnext50_32x4d"}], "inference-model-info": 1, "inference-model-sys-info": {"GPU_Util": 0.93, "GPU_Mem": 0.56}, "inference-model-latency": 4.04559, "inference-model-name": "mobilenet_v3_small"}}