{"7082": {"global": [{"cpu-cycles": 14697479175, "instructions": 18138187766, "cache-references": 1039973457, "cache-misses": 63051788, "LLC-loads": 87790677, "LLC-load-misses": 7268311, "LLC-store-misses": 6459526, "LLC-stores": 27455044, "L1-dcache-load-misses": 255367423, "L1-dcache-loads": 6120518574, "L1-dcache-stores": 3089249129, "GPU_Util": 0.85, "GPU_Mem": 0.78}], "model-sons": [{"cpu-cycles": 4644937385, "instructions": 8368228682, "cache-references": 44197694, "cache-misses": 494100, "LLC-loads": 3156626, "LLC-load-misses": 42689, "LLC-store-misses": 14020, "LLC-stores": 725155, "L1-dcache-load-misses": 75005344, "L1-dcache-loads": 2888490420, "L1-dcache-stores": 1470318009, "GPU_Util": 0.94, "GPU_Mem": 0.78, "name": "vgg_11"}, {"cpu-cycles": 4638873305, "instructions": 3952535455, "cache-references": 590012370, "cache-misses": 918304, "LLC-loads": 45080361, "LLC-load-misses": 110941, "LLC-store-misses": 15759, "LLC-stores": 10979645, "L1-dcache-load-misses": 102069142, "L1-dcache-loads": 1253831383, "L1-dcache-stores": 687337965, "GPU_Util": 0.95, "GPU_Mem": 0.78, "name": "mnasnet"}, {"cpu-cycles": 4625689050, "instructions": 7245875723, "cache-references": 137689921, "cache-misses": 1363739, "LLC-loads": 10819608, "LLC-load-misses": 131180, "LLC-store-misses": 52088, "LLC-stores": 3008738, "L1-dcache-load-misses": 77567724, "L1-dcache-loads": 2453330548, "L1-dcache-stores": 1253547513, "GPU_Util": 0.95, "GPU_Mem": 0.78, "name": "resnext50_32x4d"}], "inference-model-info": 1, "inference-model-sys-info": {"GPU_Util": 0.93, "GPU_Mem": 0.78}, "inference-model-latency": 27.323649999999997, "inference-model-name": "resnext50_32x4d"}}