{"7095": {"global": [{"cpu-cycles": 14749785454, "instructions": 14806300343, "cache-references": 1437812636, "cache-misses": 51203401, "LLC-loads": 113415965, "LLC-load-misses": 6839800, "LLC-store-misses": 11554567, "LLC-stores": 41610785, "L1-dcache-load-misses": 296842485, "L1-dcache-loads": 4654895327, "L1-dcache-stores": 2478982693, "GPU_Util": 0.99, "GPU_Mem": 0.76}], "model-sons": [{"cpu-cycles": 4631639523, "instructions": 8147233731, "cache-references": 45599112, "cache-misses": 597868, "LLC-loads": 3333012, "LLC-load-misses": 57855, "LLC-store-misses": 15969, "LLC-stores": 756405, "L1-dcache-load-misses": 62210651, "L1-dcache-loads": 2805955637, "L1-dcache-stores": 1426883893, "GPU_Util": 0.99, "GPU_Mem": 0.76, "name": "vgg_11"}, {"cpu-cycles": 4616019846, "instructions": 3313221064, "cache-references": 635263817, "cache-misses": 1234713, "LLC-loads": 47678465, "LLC-load-misses": 91568, "LLC-store-misses": 22020, "LLC-stores": 11079638, "L1-dcache-load-misses": 100423408, "L1-dcache-loads": 1022745753, "L1-dcache-stores": 574609236, "GPU_Util": 0.99, "GPU_Mem": 0.76, "name": "mnasnet"}, {"cpu-cycles": 4625700979, "instructions": 3094183223, "cache-references": 654844617, "cache-misses": 1732083, "LLC-loads": 48983428, "LLC-load-misses": 141800, "LLC-store-misses": 33624, "LLC-stores": 11180612, "L1-dcache-load-misses": 101894591, "L1-dcache-loads": 951678999, "L1-dcache-stores": 535323826, "GPU_Util": 0.99, "GPU_Mem": 0.76, "name": "mobilenet_v3_large"}], "inference-model-info": 1, "inference-model-sys-info": {"GPU_Util": 0.99, "GPU_Mem": 0.76}, "inference-model-latency": 4.59412, "inference-model-name": "mnasnet"}}