{"7111": {"global": [{"cpu-cycles": 14286087916, "instructions": 15353202165, "cache-references": 1379423243, "cache-misses": 40368260, "LLC-loads": 111920074, "LLC-load-misses": 5529244, "LLC-store-misses": 10383997, "LLC-stores": 30649962, "L1-dcache-load-misses": 285798049, "L1-dcache-loads": 4913421824, "L1-dcache-stores": 2612511314, "GPU_Util": 0.69, "GPU_Mem": 0.76}], "model-sons": [{"cpu-cycles": 4638086439, "instructions": 8122561711, "cache-references": 45184317, "cache-misses": 478553, "LLC-loads": 3167904, "LLC-load-misses": 38274, "LLC-store-misses": 6077, "LLC-stores": 814726, "L1-dcache-load-misses": 59711719, "L1-dcache-loads": 2802427738, "L1-dcache-stores": 1425637902, "GPU_Util": 0.99, "GPU_Mem": 0.76, "name": "vgg_11"}, {"cpu-cycles": 4640225997, "instructions": 4010825794, "cache-references": 583696875, "cache-misses": 1196978, "LLC-loads": 45322030, "LLC-load-misses": 72437, "LLC-store-misses": 37941, "LLC-stores": 10515104, "L1-dcache-load-misses": 101953920, "L1-dcache-loads": 1265375667, "L1-dcache-stores": 687504044, "GPU_Util": 0.99, "GPU_Mem": 0.76, "name": "mnasnet"}, {"cpu-cycles": 4637935728, "instructions": 3539721661, "cache-references": 628341580, "cache-misses": 1172355, "LLC-loads": 47198459, "LLC-load-misses": 102651, "LLC-store-misses": 38617, "LLC-stores": 11076346, "L1-dcache-load-misses": 102760135, "L1-dcache-loads": 1113064210, "L1-dcache-stores": 621284834, "GPU_Util": 0.99, "GPU_Mem": 0.76, "name": "mobilenet_v2"}], "inference-model-info": 1, "inference-model-sys-info": {"GPU_Util": 0.99, "GPU_Mem": 0.76}, "inference-model-latency": 5.458489999999999, "inference-model-name": "mobilenet_v3_large"}}