{"7123": {"global": [{"cpu-cycles": 14621778792, "instructions": 23013693603, "cache-references": 482579500, "cache-misses": 42518245, "LLC-loads": 43816054, "LLC-load-misses": 5716835, "LLC-store-misses": 7299280, "LLC-stores": 20354433, "L1-dcache-load-misses": 214712898, "L1-dcache-loads": 7492316365, "L1-dcache-stores": 3708691503, "GPU_Util": 0.78, "GPU_Mem": 0.81}], "model-sons": [{"cpu-cycles": 4636345868, "instructions": 8201628220, "cache-references": 45880731, "cache-misses": 489305, "LLC-loads": 3250135, "LLC-load-misses": 27571, "LLC-store-misses": 9237, "LLC-stores": 773559, "L1-dcache-load-misses": 66803991, "L1-dcache-loads": 2829958724, "L1-dcache-stores": 1439147347, "GPU_Util": 0.9, "GPU_Mem": 0.81, "name": "vgg_11"}, {"cpu-cycles": 4642068618, "instructions": 7269537301, "cache-references": 136946099, "cache-misses": 1403318, "LLC-loads": 11031337, "LLC-load-misses": 125663, "LLC-store-misses": 61261, "LLC-stores": 2808078, "L1-dcache-load-misses": 84807157, "L1-dcache-loads": 2430960562, "L1-dcache-stores": 1244802821, "GPU_Util": 0.91, "GPU_Mem": 0.81, "name": "resnext50_32x4d"}, {"cpu-cycles": 4640331352, "instructions": 7415681166, "cache-references": 139231649, "cache-misses": 1102417, "LLC-loads": 10792021, "LLC-load-misses": 111007, "LLC-store-misses": 36191, "LLC-stores": 2835384, "L1-dcache-load-misses": 86918145, "L1-dcache-loads": 2500104097, "L1-dcache-stores": 1281697281, "GPU_Util": 0.9, "GPU_Mem": 0.81, "name": "resnext50_32x4d"}], "inference-model-info": 1, "inference-model-sys-info": {"GPU_Util": 0.91, "GPU_Mem": 0.81}, "inference-model-latency": 4.59891, "inference-model-name": "mnasnet"}}