{"7140": {"global": [{"cpu-cycles": 15088816673, "instructions": 18356843910, "cache-references": 1050254571, "cache-misses": 45733395, "LLC-loads": 86427092, "LLC-load-misses": 5787835, "LLC-store-misses": 9419614, "LLC-stores": 32726149, "L1-dcache-load-misses": 241628861, "L1-dcache-loads": 5931288127, "L1-dcache-stores": 3019645373, "GPU_Util": 0.91, "GPU_Mem": 0.78}], "model-sons": [{"cpu-cycles": 4640397662, "instructions": 7918297616, "cache-references": 45880853, "cache-misses": 334517, "LLC-loads": 3332268, "LLC-load-misses": 31781, "LLC-store-misses": 8318, "LLC-stores": 719242, "L1-dcache-load-misses": 52883920, "L1-dcache-loads": 2725186297, "L1-dcache-stores": 1387735798, "GPU_Util": 0.95, "GPU_Mem": 0.78, "name": "vgg_11"}, {"cpu-cycles": 4624342327, "instructions": 7094924567, "cache-references": 137036289, "cache-misses": 1365579, "LLC-loads": 10758603, "LLC-load-misses": 143041, "LLC-store-misses": 93751, "LLC-stores": 2980961, "L1-dcache-load-misses": 77392936, "L1-dcache-loads": 2361009276, "L1-dcache-stores": 1214324828, "GPU_Util": 0.95, "GPU_Mem": 0.78, "name": "resnext50_32x4d"}, {"cpu-cycles": 4620679475, "instructions": 3200284706, "cache-references": 674242593, "cache-misses": 967454, "LLC-loads": 50697110, "LLC-load-misses": 89937, "LLC-store-misses": 39482, "LLC-stores": 11365152, "L1-dcache-load-misses": 104705405, "L1-dcache-loads": 986492845, "L1-dcache-stores": 555145951, "GPU_Util": 0.95, "GPU_Mem": 0.78, "name": "mobilenet_v3_large"}], "inference-model-info": 1, "inference-model-sys-info": {"GPU_Util": 0.95, "GPU_Mem": 0.78}, "inference-model-latency": 4.503819999999999, "inference-model-name": "mobilenet_v2"}}