{"7166": {"global": [{"cpu-cycles": 14991343242, "instructions": 14610245219, "cache-references": 1435942958, "cache-misses": 50073568, "LLC-loads": 114661603, "LLC-load-misses": 5925081, "LLC-store-misses": 8923052, "LLC-stores": 39038456, "L1-dcache-load-misses": 297327211, "L1-dcache-loads": 4684374288, "L1-dcache-stores": 2454814422, "GPU_Util": 0.7, "GPU_Mem": 0.76}], "model-sons": [{"cpu-cycles": 4635449526, "instructions": 8240589632, "cache-references": 48329578, "cache-misses": 588211, "LLC-loads": 3541701, "LLC-load-misses": 48516, "LLC-store-misses": 8953, "LLC-stores": 747126, "L1-dcache-load-misses": 63716394, "L1-dcache-loads": 2825808429, "L1-dcache-stores": 1449961823, "GPU_Util": 0.99, "GPU_Mem": 0.76, "name": "vgg_11"}, {"cpu-cycles": 4621407904, "instructions": 3165311280, "cache-references": 651614970, "cache-misses": 1880080, "LLC-loads": 49482856, "LLC-load-misses": 181008, "LLC-store-misses": 104020, "LLC-stores": 11789715, "L1-dcache-load-misses": 104332121, "L1-dcache-loads": 975716638, "L1-dcache-stores": 548397883, "GPU_Util": 0.99, "GPU_Mem": 0.76, "name": "mobilenet_v3_large"}, {"cpu-cycles": 4629252057, "instructions": 3075846308, "cache-references": 654791235, "cache-misses": 1327783, "LLC-loads": 48416419, "LLC-load-misses": 77563, "LLC-store-misses": 52653, "LLC-stores": 11473198, "L1-dcache-load-misses": 101270403, "L1-dcache-loads": 948867388, "L1-dcache-stores": 533401655, "GPU_Util": 0.99, "GPU_Mem": 0.76, "name": "mobilenet_v3_large"}], "inference-model-info": 1, "inference-model-sys-info": {"GPU_Util": 0.96, "GPU_Mem": 0.76}, "inference-model-latency": 27.293160000000004, "inference-model-name": "resnext50_32x4d"}}