{"7195": {"global": [{"cpu-cycles": 15486898969, "instructions": 15795806642, "cache-references": 1433163148, "cache-misses": 45883089, "LLC-loads": 119588821, "LLC-load-misses": 5470739, "LLC-store-misses": 7826436, "LLC-stores": 36713948, "L1-dcache-load-misses": 295206735, "L1-dcache-loads": 4745210459, "L1-dcache-stores": 2579544300, "GPU_Util": 0.99, "GPU_Mem": 0.76}], "model-sons": [{"cpu-cycles": 4640623488, "instructions": 7770542435, "cache-references": 62374964, "cache-misses": 306569, "LLC-loads": 13619267, "LLC-load-misses": 42402, "LLC-store-misses": 34711, "LLC-stores": 781915, "L1-dcache-load-misses": 59596593, "L1-dcache-loads": 2688133317, "L1-dcache-stores": 1369458162, "GPU_Util": 0.99, "GPU_Mem": 0.76, "name": "vgg_11"}, {"cpu-cycles": 4639299788, "instructions": 3534213335, "cache-references": 629750846, "cache-misses": 1049214, "LLC-loads": 46666970, "LLC-load-misses": 89140, "LLC-store-misses": 67804, "LLC-stores": 11153782, "L1-dcache-load-misses": 102455436, "L1-dcache-loads": 1098558902, "L1-dcache-stores": 608765256, "GPU_Util": 0.99, "GPU_Mem": 0.76, "name": "mobilenet_v2"}, {"cpu-cycles": 4645363475, "instructions": 3773466341, "cache-references": 616938567, "cache-misses": 1106389, "LLC-loads": 47356467, "LLC-load-misses": 82916, "LLC-store-misses": 25750, "LLC-stores": 10884608, "L1-dcache-load-misses": 103185243, "L1-dcache-loads": 1200619187, "L1-dcache-stores": 654250623, "GPU_Util": 0.99, "GPU_Mem": 0.76, "name": "mobilenet_v2"}], "inference-model-info": 1, "inference-model-sys-info": {"GPU_Util": 0.99, "GPU_Mem": 0.76}, "inference-model-latency": 5.44643, "inference-model-name": "mobilenet_v3_large"}}