{"7243": {"global": [{"cpu-cycles": 14596031861, "instructions": 23718330530, "cache-references": 472333624, "cache-misses": 72167268, "LLC-loads": 46380764, "LLC-load-misses": 8805685, "LLC-store-misses": 19672632, "LLC-stores": 30049592, "L1-dcache-load-misses": 203826853, "L1-dcache-loads": 7894282247, "L1-dcache-stores": 3941992488, "GPU_Util": 0.46, "GPU_Mem": 0.85}], "model-sons": [{"cpu-cycles": 4634010407, "instructions": 8274150410, "cache-references": 39846218, "cache-misses": 386666, "LLC-loads": 2859946, "LLC-load-misses": 41249, "LLC-store-misses": 9010, "LLC-stores": 685866, "L1-dcache-load-misses": 76889585, "L1-dcache-loads": 2839158059, "L1-dcache-stores": 1442882003, "GPU_Util": 1.0, "GPU_Mem": 0.85, "name": "vgg_13"}, {"cpu-cycles": 4630347471, "instructions": 8249831546, "cache-references": 40084019, "cache-misses": 582740, "LLC-loads": 2905739, "LLC-load-misses": 34530, "LLC-store-misses": 4553, "LLC-stores": 706241, "L1-dcache-load-misses": 87201071, "L1-dcache-loads": 2852697256, "L1-dcache-stores": 1440465743, "GPU_Util": 1.0, "GPU_Mem": 0.85, "name": "vgg_13"}, {"cpu-cycles": 4647227130, "instructions": 7659011547, "cache-references": 94435063, "cache-misses": 465162, "LLC-loads": 7034883, "LLC-load-misses": 47899, "LLC-store-misses": 6996, "LLC-stores": 1506195, "L1-dcache-load-misses": 65920449, "L1-dcache-loads": 2634521603, "L1-dcache-stores": 1345156687, "GPU_Util": 1.0, "GPU_Mem": 0.85, "name": "alexnet"}], "inference-model-info": 1, "inference-model-sys-info": {"GPU_Util": 1.0, "GPU_Mem": 0.85}, "inference-model-latency": 12.16828, "inference-model-name": "vgg_11"}}