{"7265": {"global": [{"cpu-cycles": 15109121706, "instructions": 19690060559, "cache-references": 777507136, "cache-misses": 90494214, "LLC-loads": 71257936, "LLC-load-misses": 11789403, "LLC-store-misses": 20721200, "LLC-stores": 44005701, "L1-dcache-load-misses": 296955554, "L1-dcache-loads": 6505071156, "L1-dcache-stores": 3404006282, "GPU_Util": 0.68, "GPU_Mem": 0.87}], "model-sons": [{"cpu-cycles": 4651386436, "instructions": 8349828035, "cache-references": 41366958, "cache-misses": 430152, "LLC-loads": 2948818, "LLC-load-misses": 26639, "LLC-store-misses": 13085, "LLC-stores": 678339, "L1-dcache-load-misses": 90874933, "L1-dcache-loads": 2871853429, "L1-dcache-stores": 1461998392, "GPU_Util": 1.0, "GPU_Mem": 0.87, "name": "vgg_13"}, {"cpu-cycles": 4627750824, "instructions": 8203729483, "cache-references": 40403750, "cache-misses": 592659, "LLC-loads": 2874990, "LLC-load-misses": 62733, "LLC-store-misses": 14316, "LLC-stores": 684096, "L1-dcache-load-misses": 83653068, "L1-dcache-loads": 2828445938, "L1-dcache-stores": 1438542410, "GPU_Util": 1.0, "GPU_Mem": 0.87, "name": "vgg_13"}, {"cpu-cycles": 4644564778, "instructions": 4724366546, "cache-references": 419420578, "cache-misses": 1134943, "LLC-loads": 32434611, "LLC-load-misses": 72079, "LLC-store-misses": 69472, "LLC-stores": 7646910, "L1-dcache-load-misses": 85318657, "L1-dcache-loads": 1575958823, "L1-dcache-stores": 830746245, "GPU_Util": 1.0, "GPU_Mem": 0.87, "name": "mvit"}], "inference-model-info": 1, "inference-model-sys-info": {"GPU_Util": 0.99, "GPU_Mem": 0.87}, "inference-model-latency": 5.499250000000001, "inference-model-name": "mobilenet_v3_large"}}