{"7267": {"global": [{"cpu-cycles": 14628763952, "instructions": 19211425648, "cache-references": 840469721, "cache-misses": 75952021, "LLC-loads": 74675351, "LLC-load-misses": 10008863, "LLC-store-misses": 14335995, "LLC-stores": 33574492, "L1-dcache-load-misses": 295775295, "L1-dcache-loads": 6383435405, "L1-dcache-stores": 3299367601, "GPU_Util": 0.85, "GPU_Mem": 0.83}], "model-sons": [{"cpu-cycles": 4642026376, "instructions": 8095730907, "cache-references": 41257151, "cache-misses": 362525, "LLC-loads": 2939021, "LLC-load-misses": 38769, "LLC-store-misses": 8713, "LLC-stores": 657659, "L1-dcache-load-misses": 87188460, "L1-dcache-loads": 2789593780, "L1-dcache-stores": 1418547797, "GPU_Util": 0.99, "GPU_Mem": 0.83, "name": "vgg_13"}, {"cpu-cycles": 4632554569, "instructions": 8507374147, "cache-references": 40309317, "cache-misses": 418379, "LLC-loads": 2893513, "LLC-load-misses": 21817, "LLC-store-misses": 35474, "LLC-stores": 775560, "L1-dcache-load-misses": 83487144, "L1-dcache-loads": 2921175352, "L1-dcache-stores": 1487525189, "GPU_Util": 0.99, "GPU_Mem": 0.83, "name": "vgg_13"}, {"cpu-cycles": 4618367160, "instructions": 3785024873, "cache-references": 593811463, "cache-misses": 1381015, "LLC-loads": 43873322, "LLC-load-misses": 108086, "LLC-store-misses": 20664, "LLC-stores": 10507034, "L1-dcache-load-misses": 97771324, "L1-dcache-loads": 1203853583, "L1-dcache-stores": 653307086, "GPU_Util": 0.99, "GPU_Mem": 0.83, "name": "mnasnet"}], "inference-model-info": 1, "inference-model-sys-info": {"GPU_Util": 0.97, "GPU_Mem": 0.83}, "inference-model-latency": 29.915060000000008, "inference-model-name": "inception_v3"}}