{"728": {"global": [{"cpu-cycles": 10119842838, "instructions": 6654068454, "cache-references": 1345404511, "cache-misses": 4389970, "LLC-loads": 96699019, "LLC-load-misses": 300694, "LLC-store-misses": 5442668, "LLC-stores": 30438123, "L1-dcache-load-misses": 210011470, "L1-dcache-loads": 2073660602, "L1-dcache-stores": 1143052724, "GPU_Util": 0.99, "GPU_Mem": 0.54}], "model-sons": [{"cpu-cycles": 4684988110, "instructions": 3110512460, "cache-references": 682565181, "cache-misses": 402489, "LLC-loads": 47433629, "LLC-load-misses": 70573, "LLC-store-misses": 21637, "LLC-stores": 11646498, "L1-dcache-load-misses": 101621063, "L1-dcache-loads": 956233055, "L1-dcache-stores": 528734052, "GPU_Util": 0.99, "GPU_Mem": 0.54, "name": "squeezenet"}, {"cpu-cycles": 4669686095, "instructions": 3070362283, "cache-references": 649257663, "cache-misses": 1267758, "LLC-loads": 48021662, "LLC-load-misses": 59071, "LLC-store-misses": 9450, "LLC-stores": 11266386, "L1-dcache-load-misses": 100956621, "L1-dcache-loads": 950649302, "L1-dcache-stores": 534066177, "GPU_Util": 0.99, "GPU_Mem": 0.54, "name": "mobilenet_v3_large"}], "inference-model-info": 1, "inference-model-sys-info": {"GPU_Util": 0.99, "GPU_Mem": 0.54}, "inference-model-latency": 3.43012, "inference-model-name": "mobilenet_v2"}}