{"7290": {"global": [{"cpu-cycles": 14793643428, "instructions": 22726851681, "cache-references": 573495269, "cache-misses": 91056187, "LLC-loads": 58718642, "LLC-load-misses": 9647662, "LLC-store-misses": 17935784, "LLC-stores": 36577507, "L1-dcache-load-misses": 224800752, "L1-dcache-loads": 6817703610, "L1-dcache-stores": 3406243613, "GPU_Util": 0.58, "GPU_Mem": 0.86}], "model-sons": [{"cpu-cycles": 4623156605, "instructions": 8579763596, "cache-references": 40810572, "cache-misses": 608423, "LLC-loads": 2966801, "LLC-load-misses": 32157, "LLC-store-misses": 3637, "LLC-stores": 685624, "L1-dcache-load-misses": 82535488, "L1-dcache-loads": 2957580167, "L1-dcache-stores": 1506784197, "GPU_Util": 0.91, "GPU_Mem": 0.86, "name": "vgg_13"}, {"cpu-cycles": 4654553167, "instructions": 8328139530, "cache-references": 41122015, "cache-misses": 407256, "LLC-loads": 2950928, "LLC-load-misses": 36626, "LLC-store-misses": 13361, "LLC-stores": 674579, "L1-dcache-load-misses": 82895314, "L1-dcache-loads": 2867351120, "L1-dcache-stores": 1461184119, "GPU_Util": 0.95, "GPU_Mem": 0.86, "name": "vgg_13"}, {"cpu-cycles": 4629569814, "instructions": 7248984235, "cache-references": 131279556, "cache-misses": 1324673, "LLC-loads": 10473976, "LLC-load-misses": 135753, "LLC-store-misses": 72057, "LLC-stores": 2500382, "L1-dcache-load-misses": 76883698, "L1-dcache-loads": 2471153964, "L1-dcache-stores": 1260445365, "GPU_Util": 0.95, "GPU_Mem": 0.86, "name": "resnext50_32x4d"}], "inference-model-info": 1, "inference-model-sys-info": {"GPU_Util": 0.96, "GPU_Mem": 0.86}, "inference-model-latency": 13.85077, "inference-model-name": "mvit"}}