{"7334": {"global": [{"cpu-cycles": 14859022215, "instructions": 23308643409, "cache-references": 356936924, "cache-misses": 107087253, "LLC-loads": 46340368, "LLC-load-misses": 16297849, "LLC-store-misses": 31089108, "LLC-stores": 42203075, "L1-dcache-load-misses": 307377582, "L1-dcache-loads": 7539637240, "L1-dcache-stores": 3906236976, "GPU_Util": 0.74, "GPU_Mem": 0.91}], "model-sons": [{"cpu-cycles": 4650580623, "instructions": 8278094061, "cache-references": 38629641, "cache-misses": 351580, "LLC-loads": 2829140, "LLC-load-misses": 31153, "LLC-store-misses": 12395, "LLC-stores": 631566, "L1-dcache-load-misses": 79545030, "L1-dcache-loads": 2852553951, "L1-dcache-stores": 1450040050, "GPU_Util": 1.0, "GPU_Mem": 0.91, "name": "vgg_13"}, {"cpu-cycles": 4630318318, "instructions": 8373337516, "cache-references": 38688085, "cache-misses": 685059, "LLC-loads": 2657178, "LLC-load-misses": 45989, "LLC-store-misses": 7325, "LLC-stores": 704738, "L1-dcache-load-misses": 112645142, "L1-dcache-loads": 2882220418, "L1-dcache-stores": 1467065958, "GPU_Util": 1.0, "GPU_Mem": 0.91, "name": "vgg_16"}, {"cpu-cycles": 4644401036, "instructions": 8253579355, "cache-references": 38493123, "cache-misses": 372572, "LLC-loads": 2924573, "LLC-load-misses": 35668, "LLC-store-misses": 6564, "LLC-stores": 682950, "L1-dcache-load-misses": 73052433, "L1-dcache-loads": 2828199147, "L1-dcache-stores": 1441670628, "GPU_Util": 1.0, "GPU_Mem": 0.91, "name": "vgg_16"}], "inference-model-info": 1, "inference-model-sys-info": {"GPU_Util": 0.96, "GPU_Mem": 0.91}, "inference-model-latency": 28.17798, "inference-model-name": "resnext50_32x4d"}}