{"736": {"global": [{"cpu-cycles": 9742199683, "instructions": 6725431287, "cache-references": 1333827695, "cache-misses": 1814858, "LLC-loads": 98905213, "LLC-load-misses": 220237, "LLC-store-misses": 5081878, "LLC-stores": 31801863, "L1-dcache-load-misses": 216658932, "L1-dcache-loads": 2170262510, "L1-dcache-stores": 1206467841, "GPU_Util": 0.99, "GPU_Mem": 0.54}], "model-sons": [{"cpu-cycles": 4661207653, "instructions": 3046020512, "cache-references": 662006850, "cache-misses": 438669, "LLC-loads": 46373452, "LLC-load-misses": 57554, "LLC-store-misses": 5816, "LLC-stores": 11639328, "L1-dcache-load-misses": 100179468, "L1-dcache-loads": 936546186, "L1-dcache-stores": 517230521, "GPU_Util": 0.99, "GPU_Mem": 0.54, "name": "squeezenet"}, {"cpu-cycles": 4661099670, "instructions": 3455455548, "cache-references": 664021824, "cache-misses": 964772, "LLC-loads": 51957928, "LLC-load-misses": 88079, "LLC-store-misses": 12241, "LLC-stores": 12051264, "L1-dcache-load-misses": 108035310, "L1-dcache-loads": 1069233304, "L1-dcache-stores": 599483178, "GPU_Util": 0.99, "GPU_Mem": 0.54, "name": "mobilenet_v2"}], "inference-model-info": 1, "inference-model-sys-info": {"GPU_Util": 0.99, "GPU_Mem": 0.54}, "inference-model-latency": 4.0436499999999995, "inference-model-name": "mobilenet_v3_small"}}