{"7364": {"global": [{"cpu-cycles": 15204695489, "instructions": 24031028097, "cache-references": 512067142, "cache-misses": 90564132, "LLC-loads": 53859929, "LLC-load-misses": 11369305, "LLC-store-misses": 21707162, "LLC-stores": 36704493, "L1-dcache-load-misses": 221484211, "L1-dcache-loads": 7923050086, "L1-dcache-stores": 4055563645, "GPU_Util": 1.0, "GPU_Mem": 0.85}], "model-sons": [{"cpu-cycles": 4646069075, "instructions": 8163482440, "cache-references": 40538737, "cache-misses": 389763, "LLC-loads": 2808219, "LLC-load-misses": 22272, "LLC-store-misses": 7493, "LLC-stores": 665308, "L1-dcache-load-misses": 82132923, "L1-dcache-loads": 2808090218, "L1-dcache-stores": 1423029252, "GPU_Util": 1.0, "GPU_Mem": 0.85, "name": "vgg_13"}, {"cpu-cycles": 4629857260, "instructions": 8326250266, "cache-references": 38006843, "cache-misses": 352520, "LLC-loads": 2679443, "LLC-load-misses": 32658, "LLC-store-misses": 6607, "LLC-stores": 643820, "L1-dcache-load-misses": 115130059, "L1-dcache-loads": 2865329454, "L1-dcache-stores": 1457857926, "GPU_Util": 1.0, "GPU_Mem": 0.85, "name": "vgg_16"}, {"cpu-cycles": 4630956799, "instructions": 7574064573, "cache-references": 93404082, "cache-misses": 726442, "LLC-loads": 7009030, "LLC-load-misses": 43424, "LLC-store-misses": 2187, "LLC-stores": 1479912, "L1-dcache-load-misses": 69726009, "L1-dcache-loads": 2617371713, "L1-dcache-stores": 1330150059, "GPU_Util": 1.0, "GPU_Mem": 0.85, "name": "alexnet"}], "inference-model-info": 1, "inference-model-sys-info": {"GPU_Util": 1.0, "GPU_Mem": 0.85}, "inference-model-latency": 4.58064, "inference-model-name": "mobilenet_v2"}}