{"7377": {"global": [{"cpu-cycles": 14966330190, "instructions": 19558491702, "cache-references": 697888058, "cache-misses": 85765900, "LLC-loads": 70064376, "LLC-load-misses": 11233919, "LLC-store-misses": 18877514, "LLC-stores": 36823387, "L1-dcache-load-misses": 280061876, "L1-dcache-loads": 6289679615, "L1-dcache-stores": 3253228174, "GPU_Util": 0.58, "GPU_Mem": 0.87}], "model-sons": [{"cpu-cycles": 4620105939, "instructions": 8212699194, "cache-references": 39840673, "cache-misses": 559626, "LLC-loads": 2892668, "LLC-load-misses": 54526, "LLC-store-misses": 18267, "LLC-stores": 652087, "L1-dcache-load-misses": 74883359, "L1-dcache-loads": 2831556496, "L1-dcache-stores": 1438634127, "GPU_Util": 0.98, "GPU_Mem": 0.87, "name": "vgg_13"}, {"cpu-cycles": 4622443890, "instructions": 8199662092, "cache-references": 36896934, "cache-misses": 454270, "LLC-loads": 2723705, "LLC-load-misses": 35957, "LLC-store-misses": 7694, "LLC-stores": 612981, "L1-dcache-load-misses": 82719821, "L1-dcache-loads": 2814404661, "L1-dcache-stores": 1429384216, "GPU_Util": 1.0, "GPU_Mem": 0.87, "name": "vgg_16"}, {"cpu-cycles": 4634592427, "instructions": 4902973617, "cache-references": 416830859, "cache-misses": 2245852, "LLC-loads": 32300885, "LLC-load-misses": 155866, "LLC-store-misses": 97147, "LLC-stores": 7174860, "L1-dcache-load-misses": 95834994, "L1-dcache-loads": 1612695346, "L1-dcache-stores": 852133342, "GPU_Util": 1.0, "GPU_Mem": 0.87, "name": "mvit"}], "inference-model-info": 1, "inference-model-sys-info": {"GPU_Util": 1.0, "GPU_Mem": 0.87}, "inference-model-latency": 5.4983699999999995, "inference-model-name": "mobilenet_v3_large"}}