{"7386": {"global": [{"cpu-cycles": 14648563127, "instructions": 19652605969, "cache-references": 830378866, "cache-misses": 78548107, "LLC-loads": 76771504, "LLC-load-misses": 10748846, "LLC-store-misses": 14795947, "LLC-stores": 34251491, "L1-dcache-load-misses": 301599800, "L1-dcache-loads": 6331200057, "L1-dcache-stores": 3341785251, "GPU_Util": 0.76, "GPU_Mem": 0.84}], "model-sons": [{"cpu-cycles": 4634638405, "instructions": 8209008026, "cache-references": 41802851, "cache-misses": 408192, "LLC-loads": 2955872, "LLC-load-misses": 33346, "LLC-store-misses": 33400, "LLC-stores": 783819, "L1-dcache-load-misses": 81585712, "L1-dcache-loads": 2805373960, "L1-dcache-stores": 1426753798, "GPU_Util": 0.99, "GPU_Mem": 0.84, "name": "vgg_13"}, {"cpu-cycles": 4634576656, "instructions": 8191649147, "cache-references": 40021213, "cache-misses": 415703, "LLC-loads": 3152882, "LLC-load-misses": 37864, "LLC-store-misses": 13051, "LLC-stores": 677275, "L1-dcache-load-misses": 73190930, "L1-dcache-loads": 2793662258, "L1-dcache-stores": 1429752292, "GPU_Util": 0.99, "GPU_Mem": 0.84, "name": "vgg_16"}, {"cpu-cycles": 4643697897, "instructions": 4069397941, "cache-references": 567660701, "cache-misses": 696809, "LLC-loads": 44110538, "LLC-load-misses": 82384, "LLC-store-misses": 33420, "LLC-stores": 9926449, "L1-dcache-load-misses": 101963171, "L1-dcache-loads": 1302455101, "L1-dcache-stores": 706995874, "GPU_Util": 0.99, "GPU_Mem": 0.84, "name": "mnasnet"}], "inference-model-info": 1, "inference-model-sys-info": {"GPU_Util": 0.99, "GPU_Mem": 0.84}, "inference-model-latency": 4.018050000000001, "inference-model-name": "mobilenet_v3_small"}}