{"7416": {"global": [{"cpu-cycles": 14919048831, "instructions": 19374990910, "cache-references": 896018587, "cache-misses": 86879458, "LLC-loads": 81095525, "LLC-load-misses": 10997666, "LLC-store-misses": 22029799, "LLC-stores": 45098244, "L1-dcache-load-misses": 308366673, "L1-dcache-loads": 6244617392, "L1-dcache-stores": 3222199201, "GPU_Util": 0.62, "GPU_Mem": 0.84}], "model-sons": [{"cpu-cycles": 4646403065, "instructions": 8295215448, "cache-references": 42765193, "cache-misses": 451144, "LLC-loads": 2867686, "LLC-load-misses": 26562, "LLC-store-misses": 2289, "LLC-stores": 701817, "L1-dcache-load-misses": 79250497, "L1-dcache-loads": 2847430539, "L1-dcache-stores": 1450621867, "GPU_Util": 0.99, "GPU_Mem": 0.84, "name": "vgg_13"}, {"cpu-cycles": 4621986505, "instructions": 8312515612, "cache-references": 41535649, "cache-misses": 624742, "LLC-loads": 3026326, "LLC-load-misses": 45583, "LLC-store-misses": 42857, "LLC-stores": 641768, "L1-dcache-load-misses": 98674985, "L1-dcache-loads": 2858867434, "L1-dcache-stores": 1452326112, "GPU_Util": 0.99, "GPU_Mem": 0.84, "name": "vgg_16"}, {"cpu-cycles": 4636996557, "instructions": 3114136896, "cache-references": 654238967, "cache-misses": 947137, "LLC-loads": 48755225, "LLC-load-misses": 68934, "LLC-store-misses": 14346, "LLC-stores": 11318048, "L1-dcache-load-misses": 101964734, "L1-dcache-loads": 962602920, "L1-dcache-stores": 537530995, "GPU_Util": 0.99, "GPU_Mem": 0.84, "name": "mobilenet_v3_large"}], "inference-model-info": 1, "inference-model-sys-info": {"GPU_Util": 0.99, "GPU_Mem": 0.84}, "inference-model-latency": 13.830239999999996, "inference-model-name": "mvit"}}