{"7432": {"global": [{"cpu-cycles": 15231128976, "instructions": 19739337350, "cache-references": 882847990, "cache-misses": 74871309, "LLC-loads": 79225083, "LLC-load-misses": 10414301, "LLC-store-misses": 16964380, "LLC-stores": 36674878, "L1-dcache-load-misses": 309166962, "L1-dcache-loads": 6344707140, "L1-dcache-stores": 3288910767, "GPU_Util": 0.51, "GPU_Mem": 0.84}], "model-sons": [{"cpu-cycles": 4637469871, "instructions": 8002299418, "cache-references": 41478627, "cache-misses": 421415, "LLC-loads": 2860715, "LLC-load-misses": 27918, "LLC-store-misses": 4251, "LLC-stores": 678413, "L1-dcache-load-misses": 85858370, "L1-dcache-loads": 2755640067, "L1-dcache-stores": 1403201362, "GPU_Util": 0.98, "GPU_Mem": 0.84, "name": "vgg_13"}, {"cpu-cycles": 4634571895, "instructions": 8590499328, "cache-references": 38501895, "cache-misses": 507515, "LLC-loads": 2757245, "LLC-load-misses": 47898, "LLC-store-misses": 13376, "LLC-stores": 639723, "L1-dcache-load-misses": 100251535, "L1-dcache-loads": 2950645538, "L1-dcache-stores": 1501076239, "GPU_Util": 0.99, "GPU_Mem": 0.84, "name": "vgg_16"}, {"cpu-cycles": 4639105011, "instructions": 3541856703, "cache-references": 622493824, "cache-misses": 1117727, "LLC-loads": 47609668, "LLC-load-misses": 91164, "LLC-store-misses": 23893, "LLC-stores": 11375066, "L1-dcache-load-misses": 101912104, "L1-dcache-loads": 1116961424, "L1-dcache-stores": 612445144, "GPU_Util": 0.99, "GPU_Mem": 0.84, "name": "mobilenet_v2"}], "inference-model-info": 1, "inference-model-sys-info": {"GPU_Util": 0.96, "GPU_Mem": 0.84}, "inference-model-latency": 27.72407, "inference-model-name": "resnext50_32x4d"}}