{"7437": {"global": [{"cpu-cycles": 14507367760, "instructions": 14360194886, "cache-references": 1447180587, "cache-misses": 41975998, "LLC-loads": 111589825, "LLC-load-misses": 4718809, "LLC-store-misses": 9521369, "LLC-stores": 33299505, "L1-dcache-load-misses": 298519834, "L1-dcache-loads": 4630856304, "L1-dcache-stores": 2437367030, "GPU_Util": 0.99, "GPU_Mem": 0.75}], "model-sons": [{"cpu-cycles": 4628358847, "instructions": 8184454591, "cache-references": 63736412, "cache-misses": 1034704, "LLC-loads": 4693805, "LLC-load-misses": 66331, "LLC-store-misses": 7357, "LLC-stores": 1012848, "L1-dcache-load-misses": 84948203, "L1-dcache-loads": 2828675406, "L1-dcache-stores": 1437740794, "GPU_Util": 0.99, "GPU_Mem": 0.75, "name": "vgg_13"}, {"cpu-cycles": 4648565380, "instructions": 3093736465, "cache-references": 665818226, "cache-misses": 515771, "LLC-loads": 49841143, "LLC-load-misses": 57081, "LLC-store-misses": 55470, "LLC-stores": 11348106, "L1-dcache-load-misses": 102151668, "L1-dcache-loads": 948686263, "L1-dcache-stores": 533483944, "GPU_Util": 0.99, "GPU_Mem": 0.75, "name": "mobilenet_v3_small"}, {"cpu-cycles": 4635925522, "instructions": 3024553530, "cache-references": 641257542, "cache-misses": 1620326, "LLC-loads": 47200310, "LLC-load-misses": 110884, "LLC-store-misses": 28226, "LLC-stores": 10967910, "L1-dcache-load-misses": 100037193, "L1-dcache-loads": 936305136, "L1-dcache-stores": 527040534, "GPU_Util": 0.99, "GPU_Mem": 0.75, "name": "mobilenet_v3_small"}], "inference-model-info": 1, "inference-model-sys-info": {"GPU_Util": 0.99, "GPU_Mem": 0.75}, "inference-model-latency": 3.19728, "inference-model-name": "squeezenet"}}