{"7467": {"global": [{"cpu-cycles": 14421717582, "instructions": 14954150343, "cache-references": 1357142983, "cache-misses": 55556256, "LLC-loads": 109806077, "LLC-load-misses": 5164041, "LLC-store-misses": 10948315, "LLC-stores": 33294832, "L1-dcache-load-misses": 293232841, "L1-dcache-loads": 4825598627, "L1-dcache-stores": 2559690939, "GPU_Util": 0.98, "GPU_Mem": 0.79}], "model-sons": [{"cpu-cycles": 4634504398, "instructions": 8132647979, "cache-references": 47508274, "cache-misses": 918991, "LLC-loads": 3390602, "LLC-load-misses": 67205, "LLC-store-misses": 17564, "LLC-stores": 738681, "L1-dcache-load-misses": 84178938, "L1-dcache-loads": 2800945095, "L1-dcache-stores": 1424375963, "GPU_Util": 0.99, "GPU_Mem": 0.79, "name": "vgg_13"}, {"cpu-cycles": 4621572273, "instructions": 3095728845, "cache-references": 666754622, "cache-misses": 1129557, "LLC-loads": 50315729, "LLC-load-misses": 81733, "LLC-store-misses": 62390, "LLC-stores": 10839841, "L1-dcache-load-misses": 103467275, "L1-dcache-loads": 957396137, "L1-dcache-stores": 535811995, "GPU_Util": 0.99, "GPU_Mem": 0.79, "name": "mobilenet_v3_small"}, {"cpu-cycles": 4630086130, "instructions": 4225539870, "cache-references": 485539911, "cache-misses": 2423044, "LLC-loads": 38190226, "LLC-load-misses": 238618, "LLC-store-misses": 76080, "LLC-stores": 8617975, "L1-dcache-load-misses": 93688558, "L1-dcache-loads": 1404112090, "L1-dcache-stores": 744760236, "GPU_Util": 0.99, "GPU_Mem": 0.79, "name": "mvit"}], "inference-model-info": 1, "inference-model-sys-info": {"GPU_Util": 0.99, "GPU_Mem": 0.79}, "inference-model-latency": 11.64418, "inference-model-name": "vgg_11"}}