{"7497": {"global": [{"cpu-cycles": 15055160168, "instructions": 18950938788, "cache-references": 1038652222, "cache-misses": 45873663, "LLC-loads": 87319397, "LLC-load-misses": 5667716, "LLC-store-misses": 11133892, "LLC-stores": 33436039, "L1-dcache-load-misses": 276651064, "L1-dcache-loads": 5815593223, "L1-dcache-stores": 2999212398, "GPU_Util": 0.6, "GPU_Mem": 0.78}], "model-sons": [{"cpu-cycles": 4664424791, "instructions": 8429800396, "cache-references": 45495065, "cache-misses": 260114, "LLC-loads": 3347251, "LLC-load-misses": 39033, "LLC-store-misses": 6738, "LLC-stores": 724478, "L1-dcache-load-misses": 84837062, "L1-dcache-loads": 2913730312, "L1-dcache-stores": 1483517176, "GPU_Util": 0.91, "GPU_Mem": 0.78, "name": "vgg_13"}, {"cpu-cycles": 4624041840, "instructions": 3080934381, "cache-references": 647629243, "cache-misses": 1221037, "LLC-loads": 49862764, "LLC-load-misses": 84147, "LLC-store-misses": 53279, "LLC-stores": 11153407, "L1-dcache-load-misses": 102533728, "L1-dcache-loads": 956892851, "L1-dcache-stores": 533660451, "GPU_Util": 0.94, "GPU_Mem": 0.78, "name": "mobilenet_v3_small"}, {"cpu-cycles": 4644901880, "instructions": 7264495469, "cache-references": 159941350, "cache-misses": 1155346, "LLC-loads": 12535885, "LLC-load-misses": 108772, "LLC-store-misses": 30487, "LLC-stores": 3445934, "L1-dcache-load-misses": 87298881, "L1-dcache-loads": 2437658671, "L1-dcache-stores": 1233692234, "GPU_Util": 0.94, "GPU_Mem": 0.78, "name": "resnext50_32x4d"}], "inference-model-info": 1, "inference-model-sys-info": {"GPU_Util": 0.95, "GPU_Mem": 0.78}, "inference-model-latency": 19.707160000000002, "inference-model-name": "vgg_16"}}