{"752": {"global": [{"cpu-cycles": 9947384702, "instructions": 6664687569, "cache-references": 1293187133, "cache-misses": 6336555, "LLC-loads": 98377268, "LLC-load-misses": 499659, "LLC-store-misses": 1879334, "LLC-stores": 26326083, "L1-dcache-load-misses": 208560940, "L1-dcache-loads": 2113299403, "L1-dcache-stores": 1171652857, "GPU_Util": 0.98, "GPU_Mem": 0.53}], "model-sons": [{"cpu-cycles": 4662783317, "instructions": 3176295629, "cache-references": 654776436, "cache-misses": 663301, "LLC-loads": 49563505, "LLC-load-misses": 54215, "LLC-store-misses": 7078, "LLC-stores": 10897485, "L1-dcache-load-misses": 101590559, "L1-dcache-loads": 985816003, "L1-dcache-stores": 548339399, "GPU_Util": 0.98, "GPU_Mem": 0.53, "name": "shufflenet"}, {"cpu-cycles": 4657123304, "instructions": 3121373444, "cache-references": 633957516, "cache-misses": 910769, "LLC-loads": 48169191, "LLC-load-misses": 87231, "LLC-store-misses": 41578, "LLC-stores": 10674810, "L1-dcache-load-misses": 100333805, "L1-dcache-loads": 968829976, "L1-dcache-stores": 543482244, "GPU_Util": 0.98, "GPU_Mem": 0.53, "name": "shufflenet"}], "inference-model-info": 1, "inference-model-sys-info": {"GPU_Util": 0.98, "GPU_Mem": 0.53}, "inference-model-latency": 7.30375, "inference-model-name": "mvit"}}