{"7545": {"global": [{"cpu-cycles": 14698589678, "instructions": 24152962519, "cache-references": 371066811, "cache-misses": 33948495, "LLC-loads": 29531876, "LLC-load-misses": 2793611, "LLC-store-misses": 7871430, "LLC-stores": 15747857, "L1-dcache-load-misses": 172851779, "L1-dcache-loads": 8157728571, "L1-dcache-stores": 4048653457, "GPU_Util": 1.0, "GPU_Mem": 0.71}], "model-sons": [{"cpu-cycles": 4637552343, "instructions": 8204408164, "cache-references": 67678529, "cache-misses": 11853485, "LLC-loads": 9586556, "LLC-load-misses": 3434446, "LLC-store-misses": 301958, "LLC-stores": 665193, "L1-dcache-load-misses": 79360216, "L1-dcache-loads": 2810472027, "L1-dcache-stores": 1431396615, "GPU_Util": 1.0, "GPU_Mem": 0.79, "name": "vgg_13"}, {"cpu-cycles": 4635768767, "instructions": 7700007316, "cache-references": 97436058, "cache-misses": 533386, "LLC-loads": 6984190, "LLC-load-misses": 46960, "LLC-store-misses": 16555, "LLC-stores": 1579805, "L1-dcache-load-misses": 69302983, "L1-dcache-loads": 2646861148, "L1-dcache-stores": 1351880419, "GPU_Util": 1.0, "GPU_Mem": 0.79, "name": "alexnet"}, {"cpu-cycles": 4650607325, "instructions": 7722728507, "cache-references": 95119516, "cache-misses": 461171, "LLC-loads": 7195933, "LLC-load-misses": 28025, "LLC-store-misses": 30266, "LLC-stores": 1579709, "L1-dcache-load-misses": 65276625, "L1-dcache-loads": 2655363137, "L1-dcache-stores": 1357306590, "GPU_Util": 1.0, "GPU_Mem": 0.79, "name": "alexnet"}], "inference-model-info": 1, "inference-model-sys-info": {"GPU_Util": 1.0, "GPU_Mem": 0.79}, "inference-model-latency": 5.49266, "inference-model-name": "mobilenet_v3_large"}}