{"7550": {"global": [{"cpu-cycles": 14685461106, "instructions": 20498084105, "cache-references": 848796951, "cache-misses": 32086044, "LLC-loads": 68332129, "LLC-load-misses": 2202353, "LLC-store-misses": 9294054, "LLC-stores": 26384511, "L1-dcache-load-misses": 229484757, "L1-dcache-loads": 6876149125, "L1-dcache-stores": 3420138775, "GPU_Util": 0.8, "GPU_Mem": 0.72}], "model-sons": [{"cpu-cycles": 4642795724, "instructions": 8030849773, "cache-references": 76910179, "cache-misses": 18578163, "LLC-loads": 11972992, "LLC-load-misses": 4025379, "LLC-store-misses": 448525, "LLC-stores": 1949633, "L1-dcache-load-misses": 80918972, "L1-dcache-loads": 2702545932, "L1-dcache-stores": 1349376975, "GPU_Util": 0.99, "GPU_Mem": 0.81, "name": "vgg_13"}, {"cpu-cycles": 4629526217, "instructions": 7620225851, "cache-references": 97067347, "cache-misses": 751708, "LLC-loads": 7013166, "LLC-load-misses": 62207, "LLC-store-misses": 35004, "LLC-stores": 1497080, "L1-dcache-load-misses": 64773878, "L1-dcache-loads": 2622481734, "L1-dcache-stores": 1335847597, "GPU_Util": 1.0, "GPU_Mem": 0.81, "name": "alexnet"}, {"cpu-cycles": 4645780449, "instructions": 4860948900, "cache-references": 424282443, "cache-misses": 1485088, "LLC-loads": 33299984, "LLC-load-misses": 88747, "LLC-store-misses": 66174, "LLC-stores": 7764805, "L1-dcache-load-misses": 90962762, "L1-dcache-loads": 1597560568, "L1-dcache-stores": 850534981, "GPU_Util": 1.0, "GPU_Mem": 0.81, "name": "mvit"}], "inference-model-info": 1, "inference-model-sys-info": {"GPU_Util": 1.0, "GPU_Mem": 0.81}, "inference-model-latency": 4.453609999999999, "inference-model-name": "shufflenet"}}