{"7568": {"global": [{"cpu-cycles": 15050354175, "instructions": 20072181262, "cache-references": 937320508, "cache-misses": 32291993, "LLC-loads": 73409125, "LLC-load-misses": 2662366, "LLC-store-misses": 10340961, "LLC-stores": 34415433, "L1-dcache-load-misses": 238362093, "L1-dcache-loads": 6620007539, "L1-dcache-stores": 3323747965, "GPU_Util": 0.99, "GPU_Mem": 0.69}], "model-sons": [{"cpu-cycles": 4633254614, "instructions": 7933744690, "cache-references": 65658166, "cache-misses": 4835146, "LLC-loads": 6154323, "LLC-load-misses": 1168012, "LLC-store-misses": 24454, "LLC-stores": 700156, "L1-dcache-load-misses": 84414769, "L1-dcache-loads": 2767216397, "L1-dcache-stores": 1415275525, "GPU_Util": 0.99, "GPU_Mem": 0.78, "name": "vgg_13"}, {"cpu-cycles": 4619689782, "instructions": 7711526829, "cache-references": 98697390, "cache-misses": 568186, "LLC-loads": 7297394, "LLC-load-misses": 50228, "LLC-store-misses": 9193, "LLC-stores": 1511907, "L1-dcache-load-misses": 69861672, "L1-dcache-loads": 2641554363, "L1-dcache-stores": 1350020400, "GPU_Util": 0.99, "GPU_Mem": 0.78, "name": "alexnet"}, {"cpu-cycles": 4631194427, "instructions": 3930936145, "cache-references": 590107965, "cache-misses": 1005052, "LLC-loads": 45583544, "LLC-load-misses": 57000, "LLC-store-misses": 36028, "LLC-stores": 10275962, "L1-dcache-load-misses": 101487555, "L1-dcache-loads": 1233937756, "L1-dcache-stores": 678899609, "GPU_Util": 0.99, "GPU_Mem": 0.78, "name": "mnasnet"}], "inference-model-info": 1, "inference-model-sys-info": {"GPU_Util": 0.99, "GPU_Mem": 0.78}, "inference-model-latency": 3.863839999999999, "inference-model-name": "mobilenet_v3_small"}}