{"758": {"global": [{"cpu-cycles": 10209502392, "instructions": 10983074417, "cache-references": 798411485, "cache-misses": 29407563, "LLC-loads": 72481967, "LLC-load-misses": 3741259, "LLC-store-misses": 4158504, "LLC-stores": 18986359, "L1-dcache-load-misses": 186368250, "L1-dcache-loads": 3477611399, "L1-dcache-stores": 1883042662, "GPU_Util": 0.73, "GPU_Mem": 0.6}], "model-sons": [{"cpu-cycles": 4657739381, "instructions": 3199061988, "cache-references": 648643189, "cache-misses": 1044731, "LLC-loads": 49547879, "LLC-load-misses": 64871, "LLC-store-misses": 15931, "LLC-stores": 11442067, "L1-dcache-load-misses": 101838210, "L1-dcache-loads": 994722065, "L1-dcache-stores": 559134197, "GPU_Util": 0.99, "GPU_Mem": 0.6, "name": "shufflenet"}, {"cpu-cycles": 4655595762, "instructions": 7527871160, "cache-references": 115446291, "cache-misses": 390278, "LLC-loads": 14575391, "LLC-load-misses": 32234, "LLC-store-misses": 32362, "LLC-stores": 1623715, "L1-dcache-load-misses": 72977139, "L1-dcache-loads": 2584956530, "L1-dcache-stores": 1316812977, "GPU_Util": 0.99, "GPU_Mem": 0.6, "name": "vgg_11"}], "inference-model-info": 1, "inference-model-sys-info": {"GPU_Util": 0.99, "GPU_Mem": 0.6}, "inference-model-latency": 5.221699999999999, "inference-model-name": "googlenet"}}