{"7661": {"global": [{"cpu-cycles": 14465063856, "instructions": 14719208334, "cache-references": 1286354732, "cache-misses": 40494601, "LLC-loads": 104082553, "LLC-load-misses": 4568367, "LLC-store-misses": 17409654, "LLC-stores": 40101231, "L1-dcache-load-misses": 304141787, "L1-dcache-loads": 4664675538, "L1-dcache-stores": 2542582566, "GPU_Util": 0.99, "GPU_Mem": 0.8}], "model-sons": [{"cpu-cycles": 4632267132, "instructions": 8074940857, "cache-references": 42334159, "cache-misses": 848756, "LLC-loads": 2962737, "LLC-load-misses": 74005, "LLC-store-misses": 44730, "LLC-stores": 736651, "L1-dcache-load-misses": 81540044, "L1-dcache-loads": 2769042415, "L1-dcache-stores": 1411520908, "GPU_Util": 0.99, "GPU_Mem": 0.8, "name": "vgg_13"}, {"cpu-cycles": 4644111831, "instructions": 4776505265, "cache-references": 439518064, "cache-misses": 1217347, "LLC-loads": 34050714, "LLC-load-misses": 104129, "LLC-store-misses": 89442, "LLC-stores": 8199081, "L1-dcache-load-misses": 89445976, "L1-dcache-loads": 1569852487, "L1-dcache-stores": 835278637, "GPU_Util": 0.99, "GPU_Mem": 0.8, "name": "mvit"}, {"cpu-cycles": 4628534578, "instructions": 3201938869, "cache-references": 677744731, "cache-misses": 1519040, "LLC-loads": 51516438, "LLC-load-misses": 138971, "LLC-store-misses": 83316, "LLC-stores": 10809928, "L1-dcache-load-misses": 105920122, "L1-dcache-loads": 987431410, "L1-dcache-stores": 553583135, "GPU_Util": 0.99, "GPU_Mem": 0.8, "name": "mobilenet_v3_large"}], "inference-model-info": 1, "inference-model-sys-info": {"GPU_Util": 0.99, "GPU_Mem": 0.8}, "inference-model-latency": 3.44071, "inference-model-name": "squeezenet"}}