{"7687": {"global": [{"cpu-cycles": 14224401851, "instructions": 15635689735, "cache-references": 1378488691, "cache-misses": 41995401, "LLC-loads": 111789310, "LLC-load-misses": 5950869, "LLC-store-misses": 10142762, "LLC-stores": 38977733, "L1-dcache-load-misses": 311070495, "L1-dcache-loads": 5019830898, "L1-dcache-stores": 2630241602, "GPU_Util": 0.71, "GPU_Mem": 0.76}], "model-sons": [{"cpu-cycles": 4628070167, "instructions": 8605618737, "cache-references": 40701264, "cache-misses": 551088, "LLC-loads": 2977699, "LLC-load-misses": 41753, "LLC-store-misses": 44874, "LLC-stores": 698876, "L1-dcache-load-misses": 88841647, "L1-dcache-loads": 2955866585, "L1-dcache-stores": 1508981731, "GPU_Util": 0.99, "GPU_Mem": 0.76, "name": "vgg_13"}, {"cpu-cycles": 4661105376, "instructions": 3871314601, "cache-references": 594947190, "cache-misses": 854001, "LLC-loads": 45769483, "LLC-load-misses": 75127, "LLC-store-misses": 29017, "LLC-stores": 10713345, "L1-dcache-load-misses": 99775106, "L1-dcache-loads": 1222494188, "L1-dcache-stores": 671084450, "GPU_Util": 0.99, "GPU_Mem": 0.76, "name": "mnasnet"}, {"cpu-cycles": 4631242214, "instructions": 3977496738, "cache-references": 592157605, "cache-misses": 1499418, "LLC-loads": 45448579, "LLC-load-misses": 137829, "LLC-store-misses": 44750, "LLC-stores": 10157901, "L1-dcache-load-misses": 102803047, "L1-dcache-loads": 1273437745, "L1-dcache-stores": 693680830, "GPU_Util": 0.99, "GPU_Mem": 0.76, "name": "mnasnet"}], "inference-model-info": 1, "inference-model-sys-info": {"GPU_Util": 0.97, "GPU_Mem": 0.76}, "inference-model-latency": 29.675389999999997, "inference-model-name": "inception_v3"}}