{"7734": {"global": [{"cpu-cycles": 14223254579, "instructions": 15009942954, "cache-references": 1388876339, "cache-misses": 44178864, "LLC-loads": 112096827, "LLC-load-misses": 5151461, "LLC-store-misses": 6270123, "LLC-stores": 30857004, "L1-dcache-load-misses": 298648774, "L1-dcache-loads": 4925771722, "L1-dcache-stores": 2576990957, "GPU_Util": 0.66, "GPU_Mem": 0.76}], "model-sons": [{"cpu-cycles": 4627231961, "instructions": 8321739865, "cache-references": 40403511, "cache-misses": 417825, "LLC-loads": 2965887, "LLC-load-misses": 36227, "LLC-store-misses": 17604, "LLC-stores": 682593, "L1-dcache-load-misses": 85889842, "L1-dcache-loads": 2876505676, "L1-dcache-stores": 1464951063, "GPU_Util": 0.99, "GPU_Mem": 0.76, "name": "vgg_13"}, {"cpu-cycles": 4649952111, "instructions": 3853606897, "cache-references": 591993119, "cache-misses": 653921, "LLC-loads": 45367087, "LLC-load-misses": 80517, "LLC-store-misses": 78431, "LLC-stores": 10018585, "L1-dcache-load-misses": 101824439, "L1-dcache-loads": 1220909826, "L1-dcache-stores": 668192716, "GPU_Util": 0.99, "GPU_Mem": 0.76, "name": "mnasnet"}, {"cpu-cycles": 4629641917, "instructions": 3453391429, "cache-references": 629637297, "cache-misses": 1304773, "LLC-loads": 47194276, "LLC-load-misses": 72218, "LLC-store-misses": 36051, "LLC-stores": 11628610, "L1-dcache-load-misses": 102684612, "L1-dcache-loads": 1083143529, "L1-dcache-stores": 605233312, "GPU_Util": 0.99, "GPU_Mem": 0.76, "name": "mobilenet_v2"}], "inference-model-info": 1, "inference-model-sys-info": {"GPU_Util": 0.99, "GPU_Mem": 0.76}, "inference-model-latency": 15.754350000000002, "inference-model-name": "vgg_13"}}