{"7753": {"global": [{"cpu-cycles": 14407174098, "instructions": 23258553803, "cache-references": 500926212, "cache-misses": 43124774, "LLC-loads": 45137385, "LLC-load-misses": 4239338, "LLC-store-misses": 16568451, "LLC-stores": 24722519, "L1-dcache-load-misses": 198065572, "L1-dcache-loads": 7560959256, "L1-dcache-stores": 3742996838, "GPU_Util": 0.75, "GPU_Mem": 0.72}], "model-sons": [{"cpu-cycles": 4641090562, "instructions": 8102726519, "cache-references": 57180577, "cache-misses": 9413483, "LLC-loads": 8249011, "LLC-load-misses": 2402106, "LLC-store-misses": 26317, "LLC-stores": 940278, "L1-dcache-load-misses": 87297225, "L1-dcache-loads": 2702231726, "L1-dcache-stores": 1385174626, "GPU_Util": 0.89, "GPU_Mem": 0.81, "name": "vgg_13"}, {"cpu-cycles": 4647264018, "instructions": 7552867087, "cache-references": 141350377, "cache-misses": 1063443, "LLC-loads": 10756141, "LLC-load-misses": 94237, "LLC-store-misses": 27404, "LLC-stores": 2822950, "L1-dcache-load-misses": 75389444, "L1-dcache-loads": 2544029742, "L1-dcache-stores": 1299635121, "GPU_Util": 0.91, "GPU_Mem": 0.81, "name": "resnext50_32x4d"}, {"cpu-cycles": 4609030803, "instructions": 7374004381, "cache-references": 134614085, "cache-misses": 1785734, "LLC-loads": 10549880, "LLC-load-misses": 158657, "LLC-store-misses": 74385, "LLC-stores": 2786334, "L1-dcache-load-misses": 76109480, "L1-dcache-loads": 2493751195, "L1-dcache-stores": 1279795696, "GPU_Util": 0.91, "GPU_Mem": 0.81, "name": "resnext50_32x4d"}], "inference-model-info": 1, "inference-model-sys-info": {"GPU_Util": 0.91, "GPU_Mem": 0.81}, "inference-model-latency": 4.58707, "inference-model-name": "mnasnet"}}