{"7807": {"global": [{"cpu-cycles": 15345599380, "instructions": 15660272196, "cache-references": 1461948729, "cache-misses": 54141409, "LLC-loads": 117010616, "LLC-load-misses": 5225482, "LLC-store-misses": 9749706, "LLC-stores": 37802901, "L1-dcache-load-misses": 306839978, "L1-dcache-loads": 4726675206, "L1-dcache-stores": 2576229744, "GPU_Util": 0.77, "GPU_Mem": 0.76}], "model-sons": [{"cpu-cycles": 4638026615, "instructions": 8293184325, "cache-references": 42387105, "cache-misses": 760295, "LLC-loads": 2955595, "LLC-load-misses": 46395, "LLC-store-misses": 32042, "LLC-stores": 714931, "L1-dcache-load-misses": 79765356, "L1-dcache-loads": 2857808621, "L1-dcache-stores": 1455858596, "GPU_Util": 0.99, "GPU_Mem": 0.76, "name": "vgg_13"}, {"cpu-cycles": 4637008524, "instructions": 3091960804, "cache-references": 651558103, "cache-misses": 1219213, "LLC-loads": 47966247, "LLC-load-misses": 102809, "LLC-store-misses": 49158, "LLC-stores": 10836288, "L1-dcache-load-misses": 99856201, "L1-dcache-loads": 948485840, "L1-dcache-stores": 530757866, "GPU_Util": 0.99, "GPU_Mem": 0.76, "name": "mobilenet_v3_large"}, {"cpu-cycles": 4638171103, "instructions": 3502615692, "cache-references": 661090728, "cache-misses": 1422497, "LLC-loads": 50543736, "LLC-load-misses": 107768, "LLC-store-misses": 14258, "LLC-stores": 11830643, "L1-dcache-load-misses": 105782370, "L1-dcache-loads": 1098031704, "L1-dcache-stores": 605483467, "GPU_Util": 0.99, "GPU_Mem": 0.76, "name": "mobilenet_v2"}], "inference-model-info": 1, "inference-model-sys-info": {"GPU_Util": 0.99, "GPU_Mem": 0.76}, "inference-model-latency": 3.01466, "inference-model-name": "alexnet"}}