{"7832": {"global": [{"cpu-cycles": 14535539302, "instructions": 21817705984, "cache-references": 370596888, "cache-misses": 113996798, "LLC-loads": 47808818, "LLC-load-misses": 17255774, "LLC-store-misses": 29499253, "LLC-stores": 37528822, "L1-dcache-load-misses": 274247200, "L1-dcache-loads": 7361117108, "L1-dcache-stores": 3740094810, "GPU_Util": 0.54, "GPU_Mem": 0.91}], "model-sons": [{"cpu-cycles": 4631974752, "instructions": 8223533054, "cache-references": 38537445, "cache-misses": 412210, "LLC-loads": 2682025, "LLC-load-misses": 34797, "LLC-store-misses": 6059, "LLC-stores": 576904, "L1-dcache-load-misses": 69361581, "L1-dcache-loads": 2827426808, "L1-dcache-stores": 1440824376, "GPU_Util": 1.0, "GPU_Mem": 0.91, "name": "vgg_16"}, {"cpu-cycles": 4625213764, "instructions": 8092611107, "cache-references": 37975617, "cache-misses": 476555, "LLC-loads": 2688625, "LLC-load-misses": 34821, "LLC-store-misses": 34695, "LLC-stores": 665434, "L1-dcache-load-misses": 70178574, "L1-dcache-loads": 2787681804, "L1-dcache-stores": 1420432862, "GPU_Util": 1.0, "GPU_Mem": 0.91, "name": "vgg_16"}, {"cpu-cycles": 4641769638, "instructions": 8280537480, "cache-references": 38720050, "cache-misses": 354365, "LLC-loads": 2656866, "LLC-load-misses": 35767, "LLC-store-misses": 37551, "LLC-stores": 655927, "L1-dcache-load-misses": 64469470, "L1-dcache-loads": 2850644572, "L1-dcache-stores": 1452886522, "GPU_Util": 1.0, "GPU_Mem": 0.91, "name": "vgg_16"}], "inference-model-info": 1, "inference-model-sys-info": {"GPU_Util": 1.0, "GPU_Mem": 0.91}, "inference-model-latency": 16.20739, "inference-model-name": "vgg_13"}}