{"790": {"global": [{"cpu-cycles": 10059120854, "instructions": 11460703707, "cache-references": 818979682, "cache-misses": 30994868, "LLC-loads": 68365253, "LLC-load-misses": 3919650, "LLC-store-misses": 6733959, "LLC-stores": 19208551, "L1-dcache-load-misses": 209293834, "L1-dcache-loads": 3784409870, "L1-dcache-stores": 1900987422, "GPU_Util": 0.75, "GPU_Mem": 0.61}], "model-sons": [{"cpu-cycles": 4691199190, "instructions": 3323247189, "cache-references": 676983893, "cache-misses": 612778, "LLC-loads": 51681905, "LLC-load-misses": 53581, "LLC-store-misses": 22101, "LLC-stores": 11729131, "L1-dcache-load-misses": 106080812, "L1-dcache-loads": 1030562277, "L1-dcache-stores": 577195571, "GPU_Util": 0.99, "GPU_Mem": 0.61, "name": "shufflenet"}, {"cpu-cycles": 4679655482, "instructions": 8146233611, "cache-references": 86343958, "cache-misses": 469919, "LLC-loads": 6264494, "LLC-load-misses": 43671, "LLC-store-misses": 6636, "LLC-stores": 1529422, "L1-dcache-load-misses": 96138934, "L1-dcache-loads": 2801882188, "L1-dcache-stores": 1426840689, "GPU_Util": 0.99, "GPU_Mem": 0.61, "name": "vgg_16"}], "inference-model-info": 1, "inference-model-sys-info": {"GPU_Util": 0.99, "GPU_Mem": 0.61}, "inference-model-latency": 10.21398, "inference-model-name": "vgg_13"}}