{"7911": {"global": [{"cpu-cycles": 15061843855, "instructions": 19239087899, "cache-references": 871436555, "cache-misses": 78823603, "LLC-loads": 77589972, "LLC-load-misses": 10558813, "LLC-store-misses": 13915279, "LLC-stores": 37548648, "L1-dcache-load-misses": 320876936, "L1-dcache-loads": 6313926999, "L1-dcache-stores": 3365047496, "GPU_Util": 0.47, "GPU_Mem": 0.84}], "model-sons": [{"cpu-cycles": 4656306045, "instructions": 8280747438, "cache-references": 40726024, "cache-misses": 334835, "LLC-loads": 2902459, "LLC-load-misses": 41704, "LLC-store-misses": 5527, "LLC-stores": 693622, "L1-dcache-load-misses": 90889157, "L1-dcache-loads": 2858825979, "L1-dcache-stores": 1451205618, "GPU_Util": 0.99, "GPU_Mem": 0.84, "name": "vgg_16"}, {"cpu-cycles": 4632574438, "instructions": 8407107535, "cache-references": 39193370, "cache-misses": 757847, "LLC-loads": 2877571, "LLC-load-misses": 60590, "LLC-store-misses": 8709, "LLC-stores": 622814, "L1-dcache-load-misses": 99048152, "L1-dcache-loads": 2896391496, "L1-dcache-stores": 1476740915, "GPU_Util": 0.99, "GPU_Mem": 0.84, "name": "vgg_16"}, {"cpu-cycles": 4652361141, "instructions": 3047717399, "cache-references": 627695744, "cache-misses": 611199, "LLC-loads": 48374010, "LLC-load-misses": 57159, "LLC-store-misses": 19023, "LLC-stores": 11174254, "L1-dcache-load-misses": 101628928, "L1-dcache-loads": 945862415, "L1-dcache-stores": 531126544, "GPU_Util": 0.99, "GPU_Mem": 0.84, "name": "mobilenet_v3_large"}], "inference-model-info": 1, "inference-model-sys-info": {"GPU_Util": 0.97, "GPU_Mem": 0.84}, "inference-model-latency": 29.91855, "inference-model-name": "inception_v3"}}