{"7938": {"global": [{"cpu-cycles": 15213593124, "instructions": 20646712667, "cache-references": 913494190, "cache-misses": 82551515, "LLC-loads": 86153637, "LLC-load-misses": 10286688, "LLC-store-misses": 22149537, "LLC-stores": 44533241, "L1-dcache-load-misses": 333098905, "L1-dcache-loads": 6056153420, "L1-dcache-stores": 3267443236, "GPU_Util": 0.86, "GPU_Mem": 0.84}], "model-sons": [{"cpu-cycles": 4645782935, "instructions": 8385817675, "cache-references": 39311166, "cache-misses": 308998, "LLC-loads": 2868007, "LLC-load-misses": 24957, "LLC-store-misses": 7912, "LLC-stores": 630480, "L1-dcache-load-misses": 102204484, "L1-dcache-loads": 2892478223, "L1-dcache-stores": 1471898547, "GPU_Util": 0.99, "GPU_Mem": 0.84, "name": "vgg_16"}, {"cpu-cycles": 4632102529, "instructions": 8136688588, "cache-references": 39052299, "cache-misses": 599332, "LLC-loads": 2851891, "LLC-load-misses": 48195, "LLC-store-misses": 6490, "LLC-stores": 637416, "L1-dcache-load-misses": 71145717, "L1-dcache-loads": 2799407627, "L1-dcache-stores": 1426803550, "GPU_Util": 0.99, "GPU_Mem": 0.84, "name": "vgg_16"}, {"cpu-cycles": 4653816000, "instructions": 3804678610, "cache-references": 622932589, "cache-misses": 847955, "LLC-loads": 48160819, "LLC-load-misses": 66270, "LLC-store-misses": 24058, "LLC-stores": 10963459, "L1-dcache-load-misses": 105039742, "L1-dcache-loads": 1198864477, "L1-dcache-stores": 660783723, "GPU_Util": 0.99, "GPU_Mem": 0.84, "name": "mobilenet_v2"}], "inference-model-info": 1, "inference-model-sys-info": {"GPU_Util": 0.99, "GPU_Mem": 0.84}, "inference-model-latency": 4.54138, "inference-model-name": "mobilenet_v2"}}