{"7991": {"global": [{"cpu-cycles": 14821283293, "instructions": 14548476238, "cache-references": 1441611668, "cache-misses": 49789227, "LLC-loads": 115422926, "LLC-load-misses": 7046854, "LLC-store-misses": 12428711, "LLC-stores": 41618540, "L1-dcache-load-misses": 304779335, "L1-dcache-loads": 4890359538, "L1-dcache-stores": 2508303419, "GPU_Util": 0.99, "GPU_Mem": 0.76}], "model-sons": [{"cpu-cycles": 4630462695, "instructions": 8358801627, "cache-references": 48224377, "cache-misses": 538368, "LLC-loads": 3325004, "LLC-load-misses": 41031, "LLC-store-misses": 11598, "LLC-stores": 773624, "L1-dcache-load-misses": 75612876, "L1-dcache-loads": 2892567449, "L1-dcache-stores": 1471620532, "GPU_Util": 0.99, "GPU_Mem": 0.76, "name": "vgg_16"}, {"cpu-cycles": 4634414449, "instructions": 3000920248, "cache-references": 639808888, "cache-misses": 1478876, "LLC-loads": 46628841, "LLC-load-misses": 88760, "LLC-store-misses": 19133, "LLC-stores": 10878781, "L1-dcache-load-misses": 98346919, "L1-dcache-loads": 927502901, "L1-dcache-stores": 520629357, "GPU_Util": 0.99, "GPU_Mem": 0.76, "name": "mobilenet_v3_small"}, {"cpu-cycles": 4638949201, "instructions": 3393037981, "cache-references": 661345451, "cache-misses": 743126, "LLC-loads": 50993236, "LLC-load-misses": 78424, "LLC-store-misses": 42706, "LLC-stores": 11884441, "L1-dcache-load-misses": 106456426, "L1-dcache-loads": 1045701116, "L1-dcache-stores": 586923452, "GPU_Util": 0.99, "GPU_Mem": 0.76, "name": "mnasnet"}], "inference-model-info": 1, "inference-model-sys-info": {"GPU_Util": 0.99, "GPU_Mem": 0.76}, "inference-model-latency": 4.43557, "inference-model-name": "mnasnet"}}