{"8032": {"global": [{"cpu-cycles": 14525628568, "instructions": 14277564871, "cache-references": 1421718858, "cache-misses": 36671024, "LLC-loads": 112911081, "LLC-load-misses": 3715693, "LLC-store-misses": 13469825, "LLC-stores": 38985466, "L1-dcache-load-misses": 321605673, "L1-dcache-loads": 4515093585, "L1-dcache-stores": 2452887153, "GPU_Util": 0.91, "GPU_Mem": 0.76}], "model-sons": [{"cpu-cycles": 4615040098, "instructions": 8178102996, "cache-references": 50229067, "cache-misses": 653547, "LLC-loads": 3617111, "LLC-load-misses": 50075, "LLC-store-misses": 10765, "LLC-stores": 830785, "L1-dcache-load-misses": 92842749, "L1-dcache-loads": 2823316366, "L1-dcache-stores": 1431708052, "GPU_Util": 0.99, "GPU_Mem": 0.76, "name": "vgg_16"}, {"cpu-cycles": 4632722832, "instructions": 3105411200, "cache-references": 671230919, "cache-misses": 1078046, "LLC-loads": 50310371, "LLC-load-misses": 91092, "LLC-store-misses": 23337, "LLC-stores": 11000126, "L1-dcache-load-misses": 102589764, "L1-dcache-loads": 962796847, "L1-dcache-stores": 537931955, "GPU_Util": 0.99, "GPU_Mem": 0.76, "name": "mobilenet_v3_small"}, {"cpu-cycles": 4630368001, "instructions": 3286851029, "cache-references": 642119351, "cache-misses": 1276678, "LLC-loads": 48864833, "LLC-load-misses": 70951, "LLC-store-misses": 41691, "LLC-stores": 11808087, "L1-dcache-load-misses": 104149200, "L1-dcache-loads": 1014468761, "L1-dcache-stores": 568061772, "GPU_Util": 0.99, "GPU_Mem": 0.76, "name": "mobilenet_v2"}], "inference-model-info": 1, "inference-model-sys-info": {"GPU_Util": 0.99, "GPU_Mem": 0.76}, "inference-model-latency": 13.29924, "inference-model-name": "mvit"}}