{"8058": {"global": [{"cpu-cycles": 14702643902, "instructions": 20528316182, "cache-references": 797693494, "cache-misses": 24901827, "LLC-loads": 62617504, "LLC-load-misses": 1614094, "LLC-store-misses": 13790470, "LLC-stores": 32448302, "L1-dcache-load-misses": 222182847, "L1-dcache-loads": 6582720071, "L1-dcache-stores": 3336549303, "GPU_Util": 0.8, "GPU_Mem": 0.72}], "model-sons": [{"cpu-cycles": 4623578440, "instructions": 7905937399, "cache-references": 55501527, "cache-misses": 11377450, "LLC-loads": 9074392, "LLC-load-misses": 2877660, "LLC-store-misses": 81625, "LLC-stores": 1186601, "L1-dcache-load-misses": 90377099, "L1-dcache-loads": 2720228515, "L1-dcache-stores": 1399024883, "GPU_Util": 0.99, "GPU_Mem": 0.82, "name": "vgg_16"}, {"cpu-cycles": 4634287783, "instructions": 7848000582, "cache-references": 95859629, "cache-misses": 493935, "LLC-loads": 6994240, "LLC-load-misses": 42049, "LLC-store-misses": 7766, "LLC-stores": 1581842, "L1-dcache-load-misses": 67372454, "L1-dcache-loads": 2710223821, "L1-dcache-stores": 1383439735, "GPU_Util": 1.0, "GPU_Mem": 0.82, "name": "alexnet"}, {"cpu-cycles": 4624454854, "instructions": 4722321260, "cache-references": 422359126, "cache-misses": 2299709, "LLC-loads": 33231760, "LLC-load-misses": 150033, "LLC-store-misses": 86885, "LLC-stores": 7500644, "L1-dcache-load-misses": 87477696, "L1-dcache-loads": 1565478365, "L1-dcache-stores": 833075806, "GPU_Util": 1.0, "GPU_Mem": 0.82, "name": "mvit"}], "inference-model-info": 1, "inference-model-sys-info": {"GPU_Util": 1.0, "GPU_Mem": 0.82}, "inference-model-latency": 3.9859200000000006, "inference-model-name": "mobilenet_v3_small"}}