{"8070": {"global": [{"cpu-cycles": 14125738570, "instructions": 19052144875, "cache-references": 917033750, "cache-misses": 41986062, "LLC-loads": 75877405, "LLC-load-misses": 5569346, "LLC-store-misses": 14608986, "LLC-stores": 29691712, "L1-dcache-load-misses": 241477956, "L1-dcache-loads": 6212681854, "L1-dcache-stores": 3173988913, "GPU_Util": 0.97, "GPU_Mem": 0.78}], "model-sons": [{"cpu-cycles": 4649213389, "instructions": 8234506468, "cache-references": 40217741, "cache-misses": 253342, "LLC-loads": 3053274, "LLC-load-misses": 24904, "LLC-store-misses": 7332, "LLC-stores": 661507, "L1-dcache-load-misses": 94646855, "L1-dcache-loads": 2808454427, "L1-dcache-stores": 1424374672, "GPU_Util": 0.99, "GPU_Mem": 0.78, "name": "vgg_16"}, {"cpu-cycles": 4631836630, "instructions": 7848580732, "cache-references": 96638184, "cache-misses": 566517, "LLC-loads": 7161098, "LLC-load-misses": 58491, "LLC-store-misses": 11506, "LLC-stores": 1631697, "L1-dcache-load-misses": 70144674, "L1-dcache-loads": 2675524608, "L1-dcache-stores": 1368398227, "GPU_Util": 0.99, "GPU_Mem": 0.78, "name": "alexnet"}, {"cpu-cycles": 4641410900, "instructions": 3694854498, "cache-references": 583411650, "cache-misses": 1289962, "LLC-loads": 44429135, "LLC-load-misses": 99174, "LLC-store-misses": 17589, "LLC-stores": 10430091, "L1-dcache-load-misses": 98348572, "L1-dcache-loads": 1172980831, "L1-dcache-stores": 645562756, "GPU_Util": 0.99, "GPU_Mem": 0.78, "name": "mnasnet"}], "inference-model-info": 1, "inference-model-sys-info": {"GPU_Util": 1.0, "GPU_Mem": 0.78}, "inference-model-latency": 15.891799999999998, "inference-model-name": "vgg_13"}}