{"8080": {"global": [{"cpu-cycles": 14983876006, "instructions": 24074640170, "cache-references": 439745152, "cache-misses": 37051420, "LLC-loads": 36964680, "LLC-load-misses": 2944330, "LLC-store-misses": 15997662, "LLC-stores": 32997105, "L1-dcache-load-misses": 244533556, "L1-dcache-loads": 7810127504, "L1-dcache-stores": 3958642384, "GPU_Util": 0.5, "GPU_Mem": 0.71}], "model-sons": [{"cpu-cycles": 4638495747, "instructions": 8092000118, "cache-references": 60854644, "cache-misses": 12963538, "LLC-loads": 9256682, "LLC-load-misses": 2383159, "LLC-store-misses": 69229, "LLC-stores": 1163985, "L1-dcache-load-misses": 79826333, "L1-dcache-loads": 2721618251, "L1-dcache-stores": 1405881102, "GPU_Util": 0.95, "GPU_Mem": 0.81, "name": "vgg_16"}, {"cpu-cycles": 4612694010, "instructions": 7552469170, "cache-references": 98229883, "cache-misses": 766863, "LLC-loads": 7078364, "LLC-load-misses": 58552, "LLC-store-misses": 5371, "LLC-stores": 1557763, "L1-dcache-load-misses": 72600802, "L1-dcache-loads": 2599112308, "L1-dcache-stores": 1321791168, "GPU_Util": 0.95, "GPU_Mem": 0.81, "name": "alexnet"}, {"cpu-cycles": 4640795191, "instructions": 7330771535, "cache-references": 137861955, "cache-misses": 926259, "LLC-loads": 10625890, "LLC-load-misses": 103736, "LLC-store-misses": 53266, "LLC-stores": 2559902, "L1-dcache-load-misses": 94301279, "L1-dcache-loads": 2468404881, "L1-dcache-stores": 1256252130, "GPU_Util": 0.95, "GPU_Mem": 0.81, "name": "resnext50_32x4d"}], "inference-model-info": 1, "inference-model-sys-info": {"GPU_Util": 0.95, "GPU_Mem": 0.81}, "inference-model-latency": 8.49353, "inference-model-name": "googlenet"}}