{"8104": {"global": [{"cpu-cycles": 14987755596, "instructions": 19814260931, "cache-references": 959814503, "cache-misses": 36525101, "LLC-loads": 74799709, "LLC-load-misses": 3291961, "LLC-store-misses": 7212828, "LLC-stores": 30152725, "L1-dcache-load-misses": 248430211, "L1-dcache-loads": 6527099591, "L1-dcache-stores": 3236061450, "GPU_Util": 0.79, "GPU_Mem": 0.76}], "model-sons": [{"cpu-cycles": 4637084338, "instructions": 8313734692, "cache-references": 39417690, "cache-misses": 369840, "LLC-loads": 2797884, "LLC-load-misses": 44186, "LLC-store-misses": 9105, "LLC-stores": 626913, "L1-dcache-load-misses": 108221320, "L1-dcache-loads": 2868955867, "L1-dcache-stores": 1458102593, "GPU_Util": 0.99, "GPU_Mem": 0.78, "name": "vgg_16"}, {"cpu-cycles": 4629123742, "instructions": 7613796716, "cache-references": 95897764, "cache-misses": 669256, "LLC-loads": 7168046, "LLC-load-misses": 43586, "LLC-store-misses": 4186, "LLC-stores": 1733838, "L1-dcache-load-misses": 94569485, "L1-dcache-loads": 2608878638, "L1-dcache-stores": 1340473191, "GPU_Util": 0.99, "GPU_Mem": 0.78, "name": "alexnet"}, {"cpu-cycles": 4619958274, "instructions": 3210437894, "cache-references": 661429198, "cache-misses": 1023439, "LLC-loads": 50184490, "LLC-load-misses": 65912, "LLC-store-misses": 21412, "LLC-stores": 10848108, "L1-dcache-load-misses": 105915335, "L1-dcache-loads": 990633094, "L1-dcache-stores": 557032993, "GPU_Util": 0.99, "GPU_Mem": 0.78, "name": "mobilenet_v3_large"}], "inference-model-info": 1, "inference-model-sys-info": {"GPU_Util": 0.96, "GPU_Mem": 0.78}, "inference-model-latency": 27.64098, "inference-model-name": "resnext50_32x4d"}}