{"8115": {"global": [{"cpu-cycles": 15027063600, "instructions": 20378882575, "cache-references": 986872658, "cache-misses": 53404348, "LLC-loads": 80730185, "LLC-load-misses": 4427662, "LLC-store-misses": 6935104, "LLC-stores": 26592515, "L1-dcache-load-misses": 245910005, "L1-dcache-loads": 6763229865, "L1-dcache-stores": 3347143447, "GPU_Util": 0.99, "GPU_Mem": 0.77}], "model-sons": [{"cpu-cycles": 4644342233, "instructions": 8305182330, "cache-references": 39651344, "cache-misses": 380070, "LLC-loads": 2810592, "LLC-load-misses": 31097, "LLC-store-misses": 7559, "LLC-stores": 679990, "L1-dcache-load-misses": 76842007, "L1-dcache-loads": 2836564034, "L1-dcache-stores": 1451846836, "GPU_Util": 0.99, "GPU_Mem": 0.78, "name": "vgg_16"}, {"cpu-cycles": 4648103304, "instructions": 7727787613, "cache-references": 95356902, "cache-misses": 501766, "LLC-loads": 7064353, "LLC-load-misses": 46248, "LLC-store-misses": 9332, "LLC-stores": 1472908, "L1-dcache-load-misses": 88554612, "L1-dcache-loads": 2645963023, "L1-dcache-stores": 1350075108, "GPU_Util": 0.99, "GPU_Mem": 0.78, "name": "alexnet"}, {"cpu-cycles": 4627261449, "instructions": 3768946138, "cache-references": 633406061, "cache-misses": 1237408, "LLC-loads": 48779802, "LLC-load-misses": 84541, "LLC-store-misses": 8832, "LLC-stores": 11146109, "L1-dcache-load-misses": 104472079, "L1-dcache-loads": 1182607947, "L1-dcache-stores": 653532290, "GPU_Util": 0.99, "GPU_Mem": 0.78, "name": "mobilenet_v2"}], "inference-model-info": 1, "inference-model-sys-info": {"GPU_Util": 0.99, "GPU_Mem": 0.78}, "inference-model-latency": 3.01931, "inference-model-name": "alexnet"}}