{"8134": {"global": [{"cpu-cycles": 14228694204, "instructions": 15344402196, "cache-references": 1295755733, "cache-misses": 52872059, "LLC-loads": 102552489, "LLC-load-misses": 3869302, "LLC-store-misses": 23747147, "LLC-stores": 49693291, "L1-dcache-load-misses": 280489465, "L1-dcache-loads": 4702860480, "L1-dcache-stores": 2453408155, "GPU_Util": 0.85, "GPU_Mem": 0.83}], "model-sons": [{"cpu-cycles": 4629799852, "instructions": 8427096490, "cache-references": 39323249, "cache-misses": 786463, "LLC-loads": 2879773, "LLC-load-misses": 72954, "LLC-store-misses": 55062, "LLC-stores": 712611, "L1-dcache-load-misses": 94532137, "L1-dcache-loads": 2888547266, "L1-dcache-stores": 1475603422, "GPU_Util": 0.99, "GPU_Mem": 0.84, "name": "vgg_16"}, {"cpu-cycles": 4630176349, "instructions": 4602895267, "cache-references": 430080881, "cache-misses": 1812563, "LLC-loads": 32948366, "LLC-load-misses": 149477, "LLC-store-misses": 76927, "LLC-stores": 7721173, "L1-dcache-load-misses": 87541608, "L1-dcache-loads": 1511434584, "L1-dcache-stores": 804659079, "GPU_Util": 0.99, "GPU_Mem": 0.84, "name": "mvit"}, {"cpu-cycles": 4616525694, "instructions": 4791954674, "cache-references": 414679032, "cache-misses": 2553005, "LLC-loads": 32626406, "LLC-load-misses": 163479, "LLC-store-misses": 76213, "LLC-stores": 7161502, "L1-dcache-load-misses": 87377521, "L1-dcache-loads": 1600936269, "L1-dcache-stores": 843903999, "GPU_Util": 0.99, "GPU_Mem": 0.84, "name": "mvit"}], "inference-model-info": 1, "inference-model-sys-info": {"GPU_Util": 0.99, "GPU_Mem": 0.84}, "inference-model-latency": 4.52186, "inference-model-name": "mobilenet_v2"}}