{"8145": {"global": [{"cpu-cycles": 14429041517, "instructions": 15920991004, "cache-references": 1270884396, "cache-misses": 44336043, "LLC-loads": 103657997, "LLC-load-misses": 4913303, "LLC-store-misses": 11784574, "LLC-stores": 36746275, "L1-dcache-load-misses": 297183833, "L1-dcache-loads": 4921696626, "L1-dcache-stores": 2657539256, "GPU_Util": 0.99, "GPU_Mem": 0.8}], "model-sons": [{"cpu-cycles": 4624278858, "instructions": 8317975071, "cache-references": 39420337, "cache-misses": 735068, "LLC-loads": 2869528, "LLC-load-misses": 56162, "LLC-store-misses": 15567, "LLC-stores": 663427, "L1-dcache-load-misses": 106289752, "L1-dcache-loads": 2867050345, "L1-dcache-stores": 1457844624, "GPU_Util": 0.99, "GPU_Mem": 0.8, "name": "vgg_16"}, {"cpu-cycles": 4640924414, "instructions": 4647871316, "cache-references": 427250430, "cache-misses": 1298279, "LLC-loads": 32972944, "LLC-load-misses": 110739, "LLC-store-misses": 78974, "LLC-stores": 7629258, "L1-dcache-load-misses": 86489930, "L1-dcache-loads": 1531120329, "L1-dcache-stores": 819454714, "GPU_Util": 0.99, "GPU_Mem": 0.8, "name": "mvit"}, {"cpu-cycles": 4630388970, "instructions": 4045894115, "cache-references": 591416425, "cache-misses": 1952836, "LLC-loads": 45263171, "LLC-load-misses": 148762, "LLC-store-misses": 33770, "LLC-stores": 10206570, "L1-dcache-load-misses": 100617879, "L1-dcache-loads": 1278012317, "L1-dcache-stores": 703290182, "GPU_Util": 0.99, "GPU_Mem": 0.8, "name": "mnasnet"}], "inference-model-info": 1, "inference-model-sys-info": {"GPU_Util": 0.99, "GPU_Mem": 0.8}, "inference-model-latency": 4.601540000000001, "inference-model-name": "mnasnet"}}