{"8156": {"global": [{"cpu-cycles": 14363330138, "instructions": 19248062757, "cache-references": 868085037, "cache-misses": 35967391, "LLC-loads": 69745459, "LLC-load-misses": 2597890, "LLC-store-misses": 9366081, "LLC-stores": 23606389, "L1-dcache-load-misses": 218026402, "L1-dcache-loads": 6203481948, "L1-dcache-stores": 3105320820, "GPU_Util": 0.66, "GPU_Mem": 0.73}], "model-sons": [{"cpu-cycles": 4630342744, "instructions": 8259821638, "cache-references": 60073826, "cache-misses": 14482362, "LLC-loads": 8985506, "LLC-load-misses": 2622840, "LLC-store-misses": 2389728, "LLC-stores": 2685585, "L1-dcache-load-misses": 66527245, "L1-dcache-loads": 2745792196, "L1-dcache-stores": 1375793745, "GPU_Util": 0.91, "GPU_Mem": 0.83, "name": "vgg_16"}, {"cpu-cycles": 4659214552, "instructions": 4652017018, "cache-references": 425169822, "cache-misses": 1052273, "LLC-loads": 33410193, "LLC-load-misses": 108753, "LLC-store-misses": 86179, "LLC-stores": 7425340, "L1-dcache-load-misses": 94795202, "L1-dcache-loads": 1520895049, "L1-dcache-stores": 811809236, "GPU_Util": 0.95, "GPU_Mem": 0.83, "name": "mvit"}, {"cpu-cycles": 4647212414, "instructions": 7335938779, "cache-references": 137658222, "cache-misses": 1833075, "LLC-loads": 10806222, "LLC-load-misses": 158107, "LLC-store-misses": 57389, "LLC-stores": 2825184, "L1-dcache-load-misses": 79636621, "L1-dcache-loads": 2473588112, "L1-dcache-stores": 1265899744, "GPU_Util": 0.95, "GPU_Mem": 0.83, "name": "resnext50_32x4d"}], "inference-model-info": 1, "inference-model-sys-info": {"GPU_Util": 0.95, "GPU_Mem": 0.83}, "inference-model-latency": 4.04844, "inference-model-name": "mobilenet_v3_small"}}