{"8191": {"global": [{"cpu-cycles": 14685222120, "instructions": 15891365670, "cache-references": 1387724310, "cache-misses": 52140649, "LLC-loads": 114126988, "LLC-load-misses": 5433852, "LLC-store-misses": 12946316, "LLC-stores": 40316862, "L1-dcache-load-misses": 301036767, "L1-dcache-loads": 4743071751, "L1-dcache-stores": 2616664826, "GPU_Util": 0.99, "GPU_Mem": 0.76}], "model-sons": [{"cpu-cycles": 4642131681, "instructions": 8497302619, "cache-references": 39223597, "cache-misses": 591588, "LLC-loads": 2855284, "LLC-load-misses": 45825, "LLC-store-misses": 4871, "LLC-stores": 664165, "L1-dcache-load-misses": 72893138, "L1-dcache-loads": 2927706825, "L1-dcache-stores": 1491327751, "GPU_Util": 0.99, "GPU_Mem": 0.76, "name": "vgg_16"}, {"cpu-cycles": 4633053185, "instructions": 3963060631, "cache-references": 583129768, "cache-misses": 1091692, "LLC-loads": 44306066, "LLC-load-misses": 122499, "LLC-store-misses": 57037, "LLC-stores": 10216337, "L1-dcache-load-misses": 100315990, "L1-dcache-loads": 1261706324, "L1-dcache-stores": 690733032, "GPU_Util": 0.99, "GPU_Mem": 0.76, "name": "mnasnet"}, {"cpu-cycles": 4640939165, "instructions": 3709905804, "cache-references": 588976555, "cache-misses": 610880, "LLC-loads": 44980323, "LLC-load-misses": 90697, "LLC-store-misses": 97349, "LLC-stores": 10504704, "L1-dcache-load-misses": 98429248, "L1-dcache-loads": 1154393030, "L1-dcache-stores": 644672963, "GPU_Util": 0.99, "GPU_Mem": 0.76, "name": "mnasnet"}], "inference-model-info": 1, "inference-model-sys-info": {"GPU_Util": 0.97, "GPU_Mem": 0.76}, "inference-model-latency": 29.670299999999997, "inference-model-name": "inception_v3"}}