{"8205": {"global": [{"cpu-cycles": 15081834267, "instructions": 19686944762, "cache-references": 1030889284, "cache-misses": 49670803, "LLC-loads": 81745464, "LLC-load-misses": 3537142, "LLC-store-misses": 9477971, "LLC-stores": 31014178, "L1-dcache-load-misses": 235993792, "L1-dcache-loads": 6393611251, "L1-dcache-stores": 3258040884, "GPU_Util": 0.68, "GPU_Mem": 0.7}], "model-sons": [{"cpu-cycles": 4646486751, "instructions": 8193611527, "cache-references": 51041397, "cache-misses": 7819376, "LLC-loads": 6964377, "LLC-load-misses": 2395035, "LLC-store-misses": 48074, "LLC-stores": 1204175, "L1-dcache-load-misses": 73504973, "L1-dcache-loads": 2777301038, "L1-dcache-stores": 1425539004, "GPU_Util": 0.91, "GPU_Mem": 0.79, "name": "vgg_16"}, {"cpu-cycles": 4631520765, "instructions": 3941859669, "cache-references": 597452672, "cache-misses": 1323258, "LLC-loads": 45527593, "LLC-load-misses": 93391, "LLC-store-misses": 26828, "LLC-stores": 10617288, "L1-dcache-load-misses": 100976396, "L1-dcache-loads": 1250357552, "L1-dcache-stores": 683813298, "GPU_Util": 0.95, "GPU_Mem": 0.79, "name": "mnasnet"}, {"cpu-cycles": 4634122529, "instructions": 7141352642, "cache-references": 139510853, "cache-misses": 994396, "LLC-loads": 10731832, "LLC-load-misses": 112736, "LLC-store-misses": 46578, "LLC-stores": 2827686, "L1-dcache-load-misses": 83883390, "L1-dcache-loads": 2399066273, "L1-dcache-stores": 1227615119, "GPU_Util": 0.95, "GPU_Mem": 0.79, "name": "resnext50_32x4d"}], "inference-model-info": 1, "inference-model-sys-info": {"GPU_Util": 0.94, "GPU_Mem": 0.79}, "inference-model-latency": 29.665789999999998, "inference-model-name": "inception_v3"}}