{"8226": {"global": [{"cpu-cycles": 14880157733, "instructions": 15073701238, "cache-references": 1438938716, "cache-misses": 40748054, "LLC-loads": 112033406, "LLC-load-misses": 5240897, "LLC-store-misses": 10561320, "LLC-stores": 41130874, "L1-dcache-load-misses": 299727596, "L1-dcache-loads": 4997220057, "L1-dcache-stores": 2621903705, "GPU_Util": 0.99, "GPU_Mem": 0.76}], "model-sons": [{"cpu-cycles": 4632874102, "instructions": 8438184946, "cache-references": 40746074, "cache-misses": 629822, "LLC-loads": 2967045, "LLC-load-misses": 54120, "LLC-store-misses": 6041, "LLC-stores": 693113, "L1-dcache-load-misses": 64051142, "L1-dcache-loads": 2899649761, "L1-dcache-stores": 1471963421, "GPU_Util": 0.99, "GPU_Mem": 0.76, "name": "vgg_16"}, {"cpu-cycles": 4622790711, "instructions": 3605478653, "cache-references": 623394843, "cache-misses": 1032911, "LLC-loads": 46580095, "LLC-load-misses": 106368, "LLC-store-misses": 110160, "LLC-stores": 10725484, "L1-dcache-load-misses": 100231625, "L1-dcache-loads": 1119397384, "L1-dcache-stores": 619357521, "GPU_Util": 0.99, "GPU_Mem": 0.76, "name": "mnasnet"}, {"cpu-cycles": 4632019122, "instructions": 3108949709, "cache-references": 641070784, "cache-misses": 1744868, "LLC-loads": 48455989, "LLC-load-misses": 112174, "LLC-store-misses": 10042, "LLC-stores": 11420284, "L1-dcache-load-misses": 103586035, "L1-dcache-loads": 961591917, "L1-dcache-stores": 539763017, "GPU_Util": 0.99, "GPU_Mem": 0.76, "name": "mobilenet_v3_large"}], "inference-model-info": 1, "inference-model-sys-info": {"GPU_Util": 0.99, "GPU_Mem": 0.76}, "inference-model-latency": 4.03402, "inference-model-name": "mobilenet_v3_small"}}