{"8258": {"global": [{"cpu-cycles": 14775687194, "instructions": 22899293168, "cache-references": 530398432, "cache-misses": 49365172, "LLC-loads": 46825126, "LLC-load-misses": 6583764, "LLC-store-misses": 11907311, "LLC-stores": 25015457, "L1-dcache-load-misses": 245133274, "L1-dcache-loads": 7556965491, "L1-dcache-stores": 3777823326, "GPU_Util": 0.48, "GPU_Mem": 0.82}], "model-sons": [{"cpu-cycles": 4648311157, "instructions": 8076671073, "cache-references": 40457292, "cache-misses": 402043, "LLC-loads": 2751348, "LLC-load-misses": 28276, "LLC-store-misses": 40448, "LLC-stores": 697736, "L1-dcache-load-misses": 108195283, "L1-dcache-loads": 2779148399, "L1-dcache-stores": 1416340847, "GPU_Util": 0.9, "GPU_Mem": 0.82, "name": "vgg_16"}, {"cpu-cycles": 4634750143, "instructions": 7277370046, "cache-references": 135596599, "cache-misses": 1795383, "LLC-loads": 10692136, "LLC-load-misses": 157169, "LLC-store-misses": 64246, "LLC-stores": 2818060, "L1-dcache-load-misses": 75775161, "L1-dcache-loads": 2443136062, "L1-dcache-stores": 1255196640, "GPU_Util": 0.91, "GPU_Mem": 0.82, "name": "resnext50_32x4d"}, {"cpu-cycles": 4638983104, "instructions": 7377615660, "cache-references": 138479355, "cache-misses": 959148, "LLC-loads": 11001246, "LLC-load-misses": 87805, "LLC-store-misses": 68412, "LLC-stores": 2775930, "L1-dcache-load-misses": 92084199, "L1-dcache-loads": 2481988856, "L1-dcache-stores": 1275833411, "GPU_Util": 0.91, "GPU_Mem": 0.82, "name": "resnext50_32x4d"}], "inference-model-info": 1, "inference-model-sys-info": {"GPU_Util": 0.9, "GPU_Mem": 0.82}, "inference-model-latency": 27.321489999999997, "inference-model-name": "resnext50_32x4d"}}