{"8263": {"global": [{"cpu-cycles": 14802696659, "instructions": 18918539807, "cache-references": 1018049255, "cache-misses": 41739594, "LLC-loads": 80403580, "LLC-load-misses": 2783206, "LLC-store-misses": 12752383, "LLC-stores": 31729557, "L1-dcache-load-misses": 239850486, "L1-dcache-loads": 6151879000, "L1-dcache-stores": 3100154690, "GPU_Util": 0.88, "GPU_Mem": 0.7}], "model-sons": [{"cpu-cycles": 4645013990, "instructions": 7994093832, "cache-references": 73882067, "cache-misses": 12619931, "LLC-loads": 9916829, "LLC-load-misses": 2862319, "LLC-store-misses": 887745, "LLC-stores": 2370021, "L1-dcache-load-misses": 67864259, "L1-dcache-loads": 2753946495, "L1-dcache-stores": 1413402681, "GPU_Util": 0.92, "GPU_Mem": 0.79, "name": "vgg_16"}, {"cpu-cycles": 4617893997, "instructions": 7090233797, "cache-references": 144517631, "cache-misses": 1816780, "LLC-loads": 11403225, "LLC-load-misses": 154522, "LLC-store-misses": 112204, "LLC-stores": 2646731, "L1-dcache-load-misses": 79327756, "L1-dcache-loads": 2396117869, "L1-dcache-stores": 1229642217, "GPU_Util": 0.94, "GPU_Mem": 0.79, "name": "resnext50_32x4d"}, {"cpu-cycles": 4637094584, "instructions": 3055131125, "cache-references": 645773990, "cache-misses": 1014618, "LLC-loads": 48373598, "LLC-load-misses": 79474, "LLC-store-misses": 34987, "LLC-stores": 11115138, "L1-dcache-load-misses": 101263487, "L1-dcache-loads": 940551412, "L1-dcache-stores": 528311195, "GPU_Util": 0.94, "GPU_Mem": 0.79, "name": "mobilenet_v3_large"}], "inference-model-info": 1, "inference-model-sys-info": {"GPU_Util": 0.94, "GPU_Mem": 0.79}, "inference-model-latency": 3.43498, "inference-model-name": "squeezenet"}}