{"8305": {"global": [{"cpu-cycles": 14866557268, "instructions": 14995216978, "cache-references": 1431376337, "cache-misses": 45872670, "LLC-loads": 115053535, "LLC-load-misses": 5494448, "LLC-store-misses": 14979106, "LLC-stores": 42396696, "L1-dcache-load-misses": 308101393, "L1-dcache-loads": 4855100701, "L1-dcache-stores": 2585266406, "GPU_Util": 0.95, "GPU_Mem": 0.77}], "model-sons": [{"cpu-cycles": 4630592183, "instructions": 8246635130, "cache-references": 40832799, "cache-misses": 359383, "LLC-loads": 2977456, "LLC-load-misses": 22095, "LLC-store-misses": 5182, "LLC-stores": 682757, "L1-dcache-load-misses": 68978147, "L1-dcache-loads": 2838201241, "L1-dcache-stores": 1445410383, "GPU_Util": 0.99, "GPU_Mem": 0.77, "name": "vgg_16"}, {"cpu-cycles": 4623154456, "instructions": 3014553848, "cache-references": 629044383, "cache-misses": 1921992, "LLC-loads": 47075267, "LLC-load-misses": 144510, "LLC-store-misses": 40670, "LLC-stores": 11231766, "L1-dcache-load-misses": 99584555, "L1-dcache-loads": 933469490, "L1-dcache-stores": 524311605, "GPU_Util": 0.99, "GPU_Mem": 0.77, "name": "mobilenet_v3_large"}, {"cpu-cycles": 4628456394, "instructions": 3603270778, "cache-references": 638044848, "cache-misses": 626762, "LLC-loads": 49517351, "LLC-load-misses": 42208, "LLC-store-misses": 12426, "LLC-stores": 11118163, "L1-dcache-load-misses": 105546546, "L1-dcache-loads": 1128076050, "L1-dcache-stores": 627490081, "GPU_Util": 0.99, "GPU_Mem": 0.77, "name": "mobilenet_v2"}], "inference-model-info": 1, "inference-model-sys-info": {"GPU_Util": 0.99, "GPU_Mem": 0.77}, "inference-model-latency": 3.4334900000000004, "inference-model-name": "squeezenet"}}