{"8325": {"global": [{"cpu-cycles": 15335317099, "instructions": 15800422337, "cache-references": 1466367470, "cache-misses": 47554564, "LLC-loads": 120438849, "LLC-load-misses": 6090869, "LLC-store-misses": 11248430, "LLC-stores": 39637449, "L1-dcache-load-misses": 316663832, "L1-dcache-loads": 4739486766, "L1-dcache-stores": 2572167386, "GPU_Util": 0.99, "GPU_Mem": 0.77}], "model-sons": [{"cpu-cycles": 4641173469, "instructions": 8157954888, "cache-references": 39251502, "cache-misses": 432962, "LLC-loads": 2788143, "LLC-load-misses": 44856, "LLC-store-misses": 36537, "LLC-stores": 786100, "L1-dcache-load-misses": 76555018, "L1-dcache-loads": 2805990775, "L1-dcache-stores": 1432103059, "GPU_Util": 0.99, "GPU_Mem": 0.77, "name": "vgg_16"}, {"cpu-cycles": 4629617228, "instructions": 3807323695, "cache-references": 619826405, "cache-misses": 1117563, "LLC-loads": 47547973, "LLC-load-misses": 87583, "LLC-store-misses": 41417, "LLC-stores": 11145092, "L1-dcache-load-misses": 103015887, "L1-dcache-loads": 1203366670, "L1-dcache-stores": 656897760, "GPU_Util": 0.99, "GPU_Mem": 0.77, "name": "mobilenet_v2"}, {"cpu-cycles": 4636999659, "instructions": 3732716641, "cache-references": 626736931, "cache-misses": 796808, "LLC-loads": 48242418, "LLC-load-misses": 76655, "LLC-store-misses": 47933, "LLC-stores": 10947590, "L1-dcache-load-misses": 104438775, "L1-dcache-loads": 1170462800, "L1-dcache-stores": 644628547, "GPU_Util": 0.99, "GPU_Mem": 0.77, "name": "mobilenet_v2"}], "inference-model-info": 1, "inference-model-sys-info": {"GPU_Util": 0.99, "GPU_Mem": 0.77}, "inference-model-latency": 3.0155699999999994, "inference-model-name": "alexnet"}}