{"8332": {"global": [{"cpu-cycles": 15183700559, "instructions": 10359159937, "cache-references": 2008383649, "cache-misses": 15611688, "LLC-loads": 151010597, "LLC-load-misses": 1276315, "LLC-store-misses": 2166053, "LLC-stores": 36884750, "L1-dcache-load-misses": 317441933, "L1-dcache-loads": 3181893506, "L1-dcache-stores": 1694484813, "GPU_Util": 0.71, "GPU_Mem": 0.67}], "model-sons": [{"cpu-cycles": 4652050177, "instructions": 3194246965, "cache-references": 673566071, "cache-misses": 1072469, "LLC-loads": 50549802, "LLC-load-misses": 93272, "LLC-store-misses": 30078, "LLC-stores": 11106319, "L1-dcache-load-misses": 104978132, "L1-dcache-loads": 988083591, "L1-dcache-stores": 552746039, "GPU_Util": 0.98, "GPU_Mem": 0.67, "name": "mobilenet_v3_small"}, {"cpu-cycles": 4631606460, "instructions": 2995864388, "cache-references": 653111872, "cache-misses": 1381030, "LLC-loads": 48764205, "LLC-load-misses": 94088, "LLC-store-misses": 61742, "LLC-stores": 11127057, "L1-dcache-load-misses": 99275419, "L1-dcache-loads": 916825626, "L1-dcache-stores": 512931180, "GPU_Util": 0.98, "GPU_Mem": 0.67, "name": "mobilenet_v3_small"}, {"cpu-cycles": 4641438549, "instructions": 3152544417, "cache-references": 651891522, "cache-misses": 1133086, "LLC-loads": 49658499, "LLC-load-misses": 98896, "LLC-store-misses": 40158, "LLC-stores": 10593774, "L1-dcache-load-misses": 104515028, "L1-dcache-loads": 969200701, "L1-dcache-stores": 544569872, "GPU_Util": 0.98, "GPU_Mem": 0.67, "name": "mobilenet_v3_small"}], "inference-model-info": 1, "inference-model-sys-info": {"GPU_Util": 0.98, "GPU_Mem": 0.67}, "inference-model-latency": 6.6367199999999995, "inference-model-name": "googlenet"}}