{"8394": {"global": [{"cpu-cycles": 14937678833, "instructions": 13569791393, "cache-references": 1556795550, "cache-misses": 14114342, "LLC-loads": 116205700, "LLC-load-misses": 1181999, "LLC-store-misses": 4338739, "LLC-stores": 32514540, "L1-dcache-load-misses": 299465254, "L1-dcache-loads": 4293981464, "L1-dcache-stores": 2310170724, "GPU_Util": 0.91, "GPU_Mem": 0.7}], "model-sons": [{"cpu-cycles": 4643093615, "instructions": 3076831878, "cache-references": 652393068, "cache-misses": 702619, "LLC-loads": 49381501, "LLC-load-misses": 78770, "LLC-store-misses": 48214, "LLC-stores": 10902003, "L1-dcache-load-misses": 101034627, "L1-dcache-loads": 951805535, "L1-dcache-stores": 529083763, "GPU_Util": 0.92, "GPU_Mem": 0.7, "name": "mobilenet_v3_small"}, {"cpu-cycles": 4628041888, "instructions": 2995349833, "cache-references": 640161457, "cache-misses": 1642550, "LLC-loads": 47610634, "LLC-load-misses": 82701, "LLC-store-misses": 15528, "LLC-stores": 10768585, "L1-dcache-load-misses": 98155930, "L1-dcache-loads": 931419754, "L1-dcache-stores": 519915042, "GPU_Util": 0.92, "GPU_Mem": 0.7, "name": "mobilenet_v3_small"}, {"cpu-cycles": 4639551371, "instructions": 6649561408, "cache-references": 223721745, "cache-misses": 1159942, "LLC-loads": 17006112, "LLC-load-misses": 130981, "LLC-store-misses": 86384, "LLC-stores": 4749705, "L1-dcache-load-misses": 85400438, "L1-dcache-loads": 2168480933, "L1-dcache-stores": 1116387854, "GPU_Util": 0.92, "GPU_Mem": 0.7, "name": "resnext50_32x4d"}], "inference-model-info": 1, "inference-model-sys-info": {"GPU_Util": 0.92, "GPU_Mem": 0.7}, "inference-model-latency": 3.99597, "inference-model-name": "mobilenet_v3_small"}}