{"8402": {"global": [{"cpu-cycles": 14901166246, "instructions": 10143796162, "cache-references": 2004530663, "cache-misses": 15371730, "LLC-loads": 150056572, "LLC-load-misses": 1314170, "LLC-store-misses": 3353355, "LLC-stores": 37773431, "L1-dcache-load-misses": 320302642, "L1-dcache-loads": 3150614284, "L1-dcache-stores": 1759700309, "GPU_Util": 0.98, "GPU_Mem": 0.67}], "model-sons": [{"cpu-cycles": 4646884347, "instructions": 3043044564, "cache-references": 657279383, "cache-misses": 1238640, "LLC-loads": 48963090, "LLC-load-misses": 100362, "LLC-store-misses": 39841, "LLC-stores": 10895739, "L1-dcache-load-misses": 100548805, "L1-dcache-loads": 939227658, "L1-dcache-stores": 525249973, "GPU_Util": 0.98, "GPU_Mem": 0.67, "name": "mobilenet_v3_small"}, {"cpu-cycles": 4604546425, "instructions": 3071955067, "cache-references": 648318640, "cache-misses": 1485552, "LLC-loads": 48782366, "LLC-load-misses": 91094, "LLC-store-misses": 61364, "LLC-stores": 10972057, "L1-dcache-load-misses": 100530102, "L1-dcache-loads": 946039792, "L1-dcache-stores": 525401166, "GPU_Util": 0.98, "GPU_Mem": 0.67, "name": "mobilenet_v3_small"}, {"cpu-cycles": 4644004216, "instructions": 3172067527, "cache-references": 670253285, "cache-misses": 1488105, "LLC-loads": 50703831, "LLC-load-misses": 133602, "LLC-store-misses": 49333, "LLC-stores": 11534912, "L1-dcache-load-misses": 104839171, "L1-dcache-loads": 978097105, "L1-dcache-stores": 548824764, "GPU_Util": 0.98, "GPU_Mem": 0.67, "name": "mobilenet_v3_large"}], "inference-model-info": 1, "inference-model-sys-info": {"GPU_Util": 0.98, "GPU_Mem": 0.67}, "inference-model-latency": 7.46416, "inference-model-name": "googlenet"}}