{"8429": {"global": [{"cpu-cycles": 14848659711, "instructions": 18865750656, "cache-references": 892889694, "cache-misses": 8822722, "LLC-loads": 65841344, "LLC-load-misses": 429742, "LLC-store-misses": 470444, "LLC-stores": 16923316, "L1-dcache-load-misses": 265995404, "L1-dcache-loads": 6255653630, "L1-dcache-stores": 3270642070, "GPU_Util": 0.84, "GPU_Mem": 0.72}], "model-sons": [{"cpu-cycles": 4628077229, "instructions": 3126060119, "cache-references": 667956770, "cache-misses": 927068, "LLC-loads": 49873789, "LLC-load-misses": 113894, "LLC-store-misses": 53371, "LLC-stores": 11341149, "L1-dcache-load-misses": 101275020, "L1-dcache-loads": 966435779, "L1-dcache-stores": 538163494, "GPU_Util": 0.99, "GPU_Mem": 0.72, "name": "mobilenet_v3_small"}, {"cpu-cycles": 4648691972, "instructions": 7716604906, "cache-references": 111652150, "cache-misses": 360868, "LLC-loads": 8380901, "LLC-load-misses": 39569, "LLC-store-misses": 52495, "LLC-stores": 1716808, "L1-dcache-load-misses": 74823306, "L1-dcache-loads": 2645595239, "L1-dcache-stores": 1352402284, "GPU_Util": 0.99, "GPU_Mem": 0.72, "name": "alexnet"}, {"cpu-cycles": 4635466913, "instructions": 7707545619, "cache-references": 111727393, "cache-misses": 742242, "LLC-loads": 8227474, "LLC-load-misses": 42281, "LLC-store-misses": 33409, "LLC-stores": 1778727, "L1-dcache-load-misses": 87243924, "L1-dcache-loads": 2635931398, "L1-dcache-stores": 1346254454, "GPU_Util": 0.99, "GPU_Mem": 0.72, "name": "alexnet"}], "inference-model-info": 1, "inference-model-sys-info": {"GPU_Util": 0.97, "GPU_Mem": 0.72}, "inference-model-latency": 28.698850000000004, "inference-model-name": "inception_v3"}}