{"8467": {"global": [{"cpu-cycles": 14756705031, "instructions": 14591543172, "cache-references": 1463264599, "cache-misses": 11814621, "LLC-loads": 110297270, "LLC-load-misses": 887943, "LLC-store-misses": 3829624, "LLC-stores": 30737164, "L1-dcache-load-misses": 304245428, "L1-dcache-loads": 4794681873, "L1-dcache-stores": 2510631027, "GPU_Util": 0.99, "GPU_Mem": 0.7}], "model-sons": [{"cpu-cycles": 4629457436, "instructions": 3111291958, "cache-references": 658775696, "cache-misses": 743591, "LLC-loads": 49206383, "LLC-load-misses": 76711, "LLC-store-misses": 40075, "LLC-stores": 11149491, "L1-dcache-load-misses": 102648143, "L1-dcache-loads": 959896787, "L1-dcache-stores": 539367099, "GPU_Util": 0.99, "GPU_Mem": 0.7, "name": "mobilenet_v3_small"}, {"cpu-cycles": 4632187810, "instructions": 7466417472, "cache-references": 116571420, "cache-misses": 744523, "LLC-loads": 8621208, "LLC-load-misses": 43879, "LLC-store-misses": 6035, "LLC-stores": 1799490, "L1-dcache-load-misses": 74269814, "L1-dcache-loads": 2568626010, "L1-dcache-stores": 1313085011, "GPU_Util": 0.99, "GPU_Mem": 0.7, "name": "alexnet"}, {"cpu-cycles": 4647260693, "instructions": 3321507143, "cache-references": 648963871, "cache-misses": 1114958, "LLC-loads": 48370463, "LLC-load-misses": 98264, "LLC-store-misses": 38103, "LLC-stores": 11492387, "L1-dcache-load-misses": 103312696, "L1-dcache-loads": 1026073012, "L1-dcache-stores": 576658899, "GPU_Util": 0.99, "GPU_Mem": 0.7, "name": "mnasnet"}], "inference-model-info": 1, "inference-model-sys-info": {"GPU_Util": 0.99, "GPU_Mem": 0.7}, "inference-model-latency": 4.436260000000001, "inference-model-name": "mnasnet"}}