{"8500": {"global": [{"cpu-cycles": 14934876933, "instructions": 14872498902, "cache-references": 1452767852, "cache-misses": 10195510, "LLC-loads": 108070821, "LLC-load-misses": 703342, "LLC-store-misses": 3122913, "LLC-stores": 30403894, "L1-dcache-load-misses": 303518187, "L1-dcache-loads": 4822353565, "L1-dcache-stores": 2555823816, "GPU_Util": 0.74, "GPU_Mem": 0.7}], "model-sons": [{"cpu-cycles": 4650621904, "instructions": 3015267961, "cache-references": 654471980, "cache-misses": 615410, "LLC-loads": 47803636, "LLC-load-misses": 60791, "LLC-store-misses": 28489, "LLC-stores": 10854978, "L1-dcache-load-misses": 99197244, "L1-dcache-loads": 930290220, "L1-dcache-stores": 520511814, "GPU_Util": 0.99, "GPU_Mem": 0.7, "name": "mobilenet_v3_small"}, {"cpu-cycles": 4629407512, "instructions": 7610079164, "cache-references": 124247136, "cache-misses": 844011, "LLC-loads": 9197400, "LLC-load-misses": 56983, "LLC-store-misses": 3471, "LLC-stores": 1894551, "L1-dcache-load-misses": 82953978, "L1-dcache-loads": 2609826514, "L1-dcache-stores": 1326986191, "GPU_Util": 0.99, "GPU_Mem": 0.7, "name": "alexnet"}, {"cpu-cycles": 4654060836, "instructions": 3312953263, "cache-references": 651156839, "cache-misses": 830696, "LLC-loads": 48234491, "LLC-load-misses": 66927, "LLC-store-misses": 28104, "LLC-stores": 11867371, "L1-dcache-load-misses": 103806375, "L1-dcache-loads": 1024780043, "L1-dcache-stores": 572092416, "GPU_Util": 0.99, "GPU_Mem": 0.7, "name": "mobilenet_v2"}], "inference-model-info": 1, "inference-model-sys-info": {"GPU_Util": 0.99, "GPU_Mem": 0.7}, "inference-model-latency": 8.036309999999999, "inference-model-name": "googlenet"}}