{"8513": {"global": [{"cpu-cycles": 14788677948, "instructions": 12067399327, "cache-references": 1701755673, "cache-misses": 14043984, "LLC-loads": 130149898, "LLC-load-misses": 1369730, "LLC-store-misses": 8484954, "LLC-stores": 38574932, "L1-dcache-load-misses": 305381684, "L1-dcache-loads": 3864538457, "L1-dcache-stores": 2112570582, "GPU_Util": 0.98, "GPU_Mem": 0.76}], "model-sons": [{"cpu-cycles": 4644154148, "instructions": 3149381925, "cache-references": 668756184, "cache-misses": 1206802, "LLC-loads": 49826875, "LLC-load-misses": 130675, "LLC-store-misses": 108756, "LLC-stores": 10966906, "L1-dcache-load-misses": 103218655, "L1-dcache-loads": 962858931, "L1-dcache-stores": 538441037, "GPU_Util": 0.99, "GPU_Mem": 0.76, "name": "mobilenet_v3_small"}, {"cpu-cycles": 4624057863, "instructions": 4203450693, "cache-references": 494003597, "cache-misses": 3439321, "LLC-loads": 38866457, "LLC-load-misses": 223774, "LLC-store-misses": 95546, "LLC-stores": 8528231, "L1-dcache-load-misses": 93781288, "L1-dcache-loads": 1395935145, "L1-dcache-stores": 745146579, "GPU_Util": 0.99, "GPU_Mem": 0.76, "name": "mvit"}, {"cpu-cycles": 4644493859, "instructions": 4275680999, "cache-references": 486354522, "cache-misses": 2113625, "LLC-loads": 37939753, "LLC-load-misses": 166784, "LLC-store-misses": 156758, "LLC-stores": 8609810, "L1-dcache-load-misses": 95995291, "L1-dcache-loads": 1374955457, "L1-dcache-stores": 737965920, "GPU_Util": 0.99, "GPU_Mem": 0.76, "name": "mvit"}], "inference-model-info": 1, "inference-model-sys-info": {"GPU_Util": 0.97, "GPU_Mem": 0.76}, "inference-model-latency": 28.647610000000004, "inference-model-name": "inception_v3"}}