{"8545": {"global": [{"cpu-cycles": 14851463666, "instructions": 14738759145, "cache-references": 1353089240, "cache-misses": 13973539, "LLC-loads": 103734844, "LLC-load-misses": 1549493, "LLC-store-misses": 6514188, "LLC-stores": 30799659, "L1-dcache-load-misses": 309979620, "L1-dcache-loads": 4768821880, "L1-dcache-stores": 2537645162, "GPU_Util": 0.71, "GPU_Mem": 0.74}], "model-sons": [{"cpu-cycles": 4642553609, "instructions": 3026452222, "cache-references": 652353869, "cache-misses": 982189, "LLC-loads": 48069923, "LLC-load-misses": 71021, "LLC-store-misses": 51386, "LLC-stores": 11011941, "L1-dcache-load-misses": 99370701, "L1-dcache-loads": 931989913, "L1-dcache-stores": 523259766, "GPU_Util": 0.94, "GPU_Mem": 0.74, "name": "mobilenet_v3_small"}, {"cpu-cycles": 4607740863, "instructions": 3979783829, "cache-references": 501823867, "cache-misses": 3514493, "LLC-loads": 39405926, "LLC-load-misses": 212980, "LLC-store-misses": 92103, "LLC-stores": 9077567, "L1-dcache-load-misses": 94500453, "L1-dcache-loads": 1280604926, "L1-dcache-stores": 693711244, "GPU_Util": 0.93, "GPU_Mem": 0.74, "name": "mvit"}, {"cpu-cycles": 4639409300, "instructions": 7208829146, "cache-references": 161591599, "cache-misses": 1560896, "LLC-loads": 12546457, "LLC-load-misses": 158687, "LLC-store-misses": 63898, "LLC-stores": 3413816, "L1-dcache-load-misses": 85094553, "L1-dcache-loads": 2398008697, "L1-dcache-stores": 1240828071, "GPU_Util": 0.94, "GPU_Mem": 0.74, "name": "resnext50_32x4d"}], "inference-model-info": 1, "inference-model-sys-info": {"GPU_Util": 0.94, "GPU_Mem": 0.74}, "inference-model-latency": 11.49878, "inference-model-name": "vgg_11"}}