{"8576": {"global": [{"cpu-cycles": 14914998248, "instructions": 10503268104, "cache-references": 1919619069, "cache-misses": 18922769, "LLC-loads": 146097225, "LLC-load-misses": 1565826, "LLC-store-misses": 1898159, "LLC-stores": 34127506, "L1-dcache-load-misses": 308215150, "L1-dcache-loads": 3039958551, "L1-dcache-stores": 1713623781, "GPU_Util": 0.83, "GPU_Mem": 0.72}], "model-sons": [{"cpu-cycles": 4665269566, "instructions": 3063745756, "cache-references": 659132080, "cache-misses": 1485045, "LLC-loads": 49483275, "LLC-load-misses": 130953, "LLC-store-misses": 44056, "LLC-stores": 10913730, "L1-dcache-load-misses": 101286292, "L1-dcache-loads": 947927537, "L1-dcache-stores": 532564267, "GPU_Util": 0.99, "GPU_Mem": 0.72, "name": "mobilenet_v3_small"}, {"cpu-cycles": 4626731637, "instructions": 3298655430, "cache-references": 568333440, "cache-misses": 3105761, "LLC-loads": 43823118, "LLC-load-misses": 221330, "LLC-store-misses": 164350, "LLC-stores": 10088121, "L1-dcache-load-misses": 96935482, "L1-dcache-loads": 1020458174, "L1-dcache-stores": 572326845, "GPU_Util": 0.99, "GPU_Mem": 0.72, "name": "mvit"}, {"cpu-cycles": 4640171375, "instructions": 3303687116, "cache-references": 654502802, "cache-misses": 1709337, "LLC-loads": 47777891, "LLC-load-misses": 143124, "LLC-store-misses": 105422, "LLC-stores": 11249818, "L1-dcache-load-misses": 102227037, "L1-dcache-loads": 1020503261, "L1-dcache-stores": 573505268, "GPU_Util": 0.99, "GPU_Mem": 0.72, "name": "mobilenet_v2"}], "inference-model-info": 1, "inference-model-sys-info": {"GPU_Util": 0.99, "GPU_Mem": 0.72}, "inference-model-latency": 4.05825, "inference-model-name": "mobilenet_v3_small"}}