{"8634": {"global": [{"cpu-cycles": 15551007437, "instructions": 11185377757, "cache-references": 2003851820, "cache-misses": 17402275, "LLC-loads": 151942041, "LLC-load-misses": 1097083, "LLC-store-misses": 949786, "LLC-stores": 37674032, "L1-dcache-load-misses": 324391791, "L1-dcache-loads": 3238063532, "L1-dcache-stores": 1850573562, "GPU_Util": 0.98, "GPU_Mem": 0.68}], "model-sons": [{"cpu-cycles": 4651977838, "instructions": 3000871698, "cache-references": 646443458, "cache-misses": 749651, "LLC-loads": 47685308, "LLC-load-misses": 54316, "LLC-store-misses": 52494, "LLC-stores": 10770856, "L1-dcache-load-misses": 98212117, "L1-dcache-loads": 923147464, "L1-dcache-stores": 519095979, "GPU_Util": 0.98, "GPU_Mem": 0.68, "name": "mobilenet_v3_small"}, {"cpu-cycles": 4638216894, "instructions": 3415292281, "cache-references": 651942635, "cache-misses": 1277377, "LLC-loads": 50492637, "LLC-load-misses": 114822, "LLC-store-misses": 65177, "LLC-stores": 11587504, "L1-dcache-load-misses": 106066002, "L1-dcache-loads": 1059812600, "L1-dcache-stores": 592771218, "GPU_Util": 0.98, "GPU_Mem": 0.68, "name": "mnasnet"}, {"cpu-cycles": 4638636998, "instructions": 3467764856, "cache-references": 678321646, "cache-misses": 637014, "LLC-loads": 51688333, "LLC-load-misses": 42776, "LLC-store-misses": 17046, "LLC-stores": 11196258, "L1-dcache-load-misses": 107283936, "L1-dcache-loads": 1071872015, "L1-dcache-stores": 599572903, "GPU_Util": 0.98, "GPU_Mem": 0.68, "name": "mobilenet_v2"}], "inference-model-info": 1, "inference-model-sys-info": {"GPU_Util": 0.98, "GPU_Mem": 0.68}, "inference-model-latency": 12.995029999999996, "inference-model-name": "mvit"}}