{"864": {"global": [{"cpu-cycles": 9791972155, "instructions": 9257177829, "cache-references": 983711563, "cache-misses": 7718155, "LLC-loads": 75484444, "LLC-load-misses": 672819, "LLC-store-misses": 3551952, "LLC-stores": 22695483, "L1-dcache-load-misses": 211010727, "L1-dcache-loads": 2936106268, "L1-dcache-stores": 1534847941, "GPU_Util": 0.62, "GPU_Mem": 0.56}], "model-sons": [{"cpu-cycles": 4686701163, "instructions": 3146279527, "cache-references": 640840851, "cache-misses": 715180, "LLC-loads": 48542454, "LLC-load-misses": 73823, "LLC-store-misses": 17282, "LLC-stores": 11106184, "L1-dcache-load-misses": 101200408, "L1-dcache-loads": 976181880, "L1-dcache-stores": 549486108, "GPU_Util": 0.89, "GPU_Mem": 0.56, "name": "shufflenet"}, {"cpu-cycles": 4693843951, "instructions": 5889075530, "cache-references": 329629668, "cache-misses": 880156, "LLC-loads": 26417235, "LLC-load-misses": 115574, "LLC-store-misses": 37251, "LLC-stores": 7037673, "L1-dcache-load-misses": 105643272, "L1-dcache-loads": 1837951225, "L1-dcache-stores": 966583021, "GPU_Util": 0.89, "GPU_Mem": 0.56, "name": "resnext50_32x4d"}], "inference-model-info": 1, "inference-model-sys-info": {"GPU_Util": 0.92, "GPU_Mem": 0.56}, "inference-model-latency": 8.445640000000001, "inference-model-name": "mvit"}}