{"8663": {"global": [{"cpu-cycles": 14342875895, "instructions": 13238358681, "cache-references": 1505477231, "cache-misses": 4675460, "LLC-loads": 113173976, "LLC-load-misses": 368049, "LLC-store-misses": 3915757, "LLC-stores": 31399932, "L1-dcache-load-misses": 293954037, "L1-dcache-loads": 4284899816, "L1-dcache-stores": 2313910511, "GPU_Util": 0.93, "GPU_Mem": 0.71}], "model-sons": [{"cpu-cycles": 4638227645, "instructions": 2973547767, "cache-references": 644657261, "cache-misses": 1094150, "LLC-loads": 48574872, "LLC-load-misses": 83775, "LLC-store-misses": 44820, "LLC-stores": 10899460, "L1-dcache-load-misses": 98401657, "L1-dcache-loads": 918455141, "L1-dcache-stores": 509385209, "GPU_Util": 0.92, "GPU_Mem": 0.71, "name": "mobilenet_v3_small"}, {"cpu-cycles": 4651716470, "instructions": 6937696344, "cache-references": 193669987, "cache-misses": 1194148, "LLC-loads": 14932419, "LLC-load-misses": 101438, "LLC-store-misses": 30445, "LLC-stores": 3723212, "L1-dcache-load-misses": 85043769, "L1-dcache-loads": 2318551217, "L1-dcache-stores": 1181548915, "GPU_Util": 0.92, "GPU_Mem": 0.71, "name": "resnext50_32x4d"}, {"cpu-cycles": 4631923363, "instructions": 3121690572, "cache-references": 660157511, "cache-misses": 1847945, "LLC-loads": 50228347, "LLC-load-misses": 153607, "LLC-store-misses": 48234, "LLC-stores": 11591687, "L1-dcache-load-misses": 103567454, "L1-dcache-loads": 963427402, "L1-dcache-stores": 537093156, "GPU_Util": 0.92, "GPU_Mem": 0.71, "name": "mobilenet_v3_large"}], "inference-model-info": 1, "inference-model-sys-info": {"GPU_Util": 0.92, "GPU_Mem": 0.71}, "inference-model-latency": 4.339929999999999, "inference-model-name": "mnasnet"}}