{"8689": {"global": [{"cpu-cycles": 15099934346, "instructions": 10022499811, "cache-references": 1961234588, "cache-misses": 9955485, "LLC-loads": 147762896, "LLC-load-misses": 784617, "LLC-store-misses": 739481, "LLC-stores": 34754158, "L1-dcache-load-misses": 313703841, "L1-dcache-loads": 2991590929, "L1-dcache-stores": 1707350930, "GPU_Util": 0.9, "GPU_Mem": 0.68}], "model-sons": [{"cpu-cycles": 4659254948, "instructions": 3068950973, "cache-references": 659806934, "cache-misses": 603387, "LLC-loads": 47632097, "LLC-load-misses": 44582, "LLC-store-misses": 27443, "LLC-stores": 10825585, "L1-dcache-load-misses": 100432478, "L1-dcache-loads": 945271972, "L1-dcache-stores": 530934874, "GPU_Util": 0.98, "GPU_Mem": 0.68, "name": "mobilenet_v3_small"}, {"cpu-cycles": 4626029661, "instructions": 3077505328, "cache-references": 651699171, "cache-misses": 1876460, "LLC-loads": 49414562, "LLC-load-misses": 153255, "LLC-store-misses": 45216, "LLC-stores": 10935329, "L1-dcache-load-misses": 103076895, "L1-dcache-loads": 954680423, "L1-dcache-stores": 536389166, "GPU_Util": 0.98, "GPU_Mem": 0.68, "name": "mobilenet_v3_large"}, {"cpu-cycles": 4663047100, "instructions": 3120596850, "cache-references": 658291318, "cache-misses": 959875, "LLC-loads": 48626720, "LLC-load-misses": 78043, "LLC-store-misses": 42710, "LLC-stores": 10730629, "L1-dcache-load-misses": 102039313, "L1-dcache-loads": 962059172, "L1-dcache-stores": 540675041, "GPU_Util": 0.98, "GPU_Mem": 0.68, "name": "mobilenet_v3_large"}], "inference-model-info": 1, "inference-model-sys-info": {"GPU_Util": 0.98, "GPU_Mem": 0.68}, "inference-model-latency": 2.8535500000000003, "inference-model-name": "alexnet"}}