{"8719": {"global": [{"cpu-cycles": 14697911899, "instructions": 10400112778, "cache-references": 1973073150, "cache-misses": 3965901, "LLC-loads": 148230311, "LLC-load-misses": 384138, "LLC-store-misses": 1700519, "LLC-stores": 39469289, "L1-dcache-load-misses": 319709845, "L1-dcache-loads": 3160885266, "L1-dcache-stores": 1796691084, "GPU_Util": 0.98, "GPU_Mem": 0.69}], "model-sons": [{"cpu-cycles": 4651740982, "instructions": 3042369303, "cache-references": 654674123, "cache-misses": 475689, "LLC-loads": 47900596, "LLC-load-misses": 36472, "LLC-store-misses": 56930, "LLC-stores": 10914268, "L1-dcache-load-misses": 98932949, "L1-dcache-loads": 942165276, "L1-dcache-stores": 524571242, "GPU_Util": 0.98, "GPU_Mem": 0.69, "name": "mobilenet_v3_small"}, {"cpu-cycles": 4639642798, "instructions": 3281155253, "cache-references": 630276451, "cache-misses": 1589423, "LLC-loads": 48407443, "LLC-load-misses": 135593, "LLC-store-misses": 54412, "LLC-stores": 11258238, "L1-dcache-load-misses": 103459854, "L1-dcache-loads": 1028565540, "L1-dcache-stores": 571973136, "GPU_Util": 0.98, "GPU_Mem": 0.69, "name": "mobilenet_v2"}, {"cpu-cycles": 4639495956, "instructions": 3429422279, "cache-references": 682396680, "cache-misses": 779772, "LLC-loads": 52057529, "LLC-load-misses": 42860, "LLC-store-misses": 10514, "LLC-stores": 11802277, "L1-dcache-load-misses": 107479056, "L1-dcache-loads": 1063227868, "L1-dcache-stores": 592912424, "GPU_Util": 0.98, "GPU_Mem": 0.69, "name": "mobilenet_v2"}], "inference-model-info": 1, "inference-model-sys-info": {"GPU_Util": 0.98, "GPU_Mem": 0.69}, "inference-model-latency": 4.36713, "inference-model-name": "mnasnet"}}