{"8746": {"global": [{"cpu-cycles": 14168103181, "instructions": 20025903847, "cache-references": 648001353, "cache-misses": 8060611, "LLC-loads": 48920172, "LLC-load-misses": 483720, "LLC-store-misses": 1879231, "LLC-stores": 11550395, "L1-dcache-load-misses": 236812568, "L1-dcache-loads": 6791640437, "L1-dcache-stores": 3491133590, "GPU_Util": 0.65, "GPU_Mem": 0.76}], "model-sons": [{"cpu-cycles": 4650035306, "instructions": 7734008812, "cache-references": 96608750, "cache-misses": 582947, "LLC-loads": 7258915, "LLC-load-misses": 57233, "LLC-store-misses": 1932, "LLC-stores": 1547365, "L1-dcache-load-misses": 69232200, "L1-dcache-loads": 2664642138, "L1-dcache-stores": 1354921016, "GPU_Util": 0.99, "GPU_Mem": 0.76, "name": "alexnet"}, {"cpu-cycles": 4638716429, "instructions": 7631572031, "cache-references": 98244931, "cache-misses": 504081, "LLC-loads": 7526908, "LLC-load-misses": 23815, "LLC-store-misses": 4102, "LLC-stores": 1620576, "L1-dcache-load-misses": 75585993, "L1-dcache-loads": 2629392185, "L1-dcache-stores": 1332902791, "GPU_Util": 1.0, "GPU_Mem": 0.76, "name": "alexnet"}, {"cpu-cycles": 4648872666, "instructions": 4767142016, "cache-references": 429374319, "cache-misses": 1061260, "LLC-loads": 33801307, "LLC-load-misses": 109065, "LLC-store-misses": 67270, "LLC-stores": 7429028, "L1-dcache-load-misses": 89232480, "L1-dcache-loads": 1585234266, "L1-dcache-stores": 845844295, "GPU_Util": 1.0, "GPU_Mem": 0.76, "name": "mvit"}], "inference-model-info": 1, "inference-model-sys-info": {"GPU_Util": 0.99, "GPU_Mem": 0.76}, "inference-model-latency": 13.695500000000003, "inference-model-name": "mvit"}}