{"8752": {"global": [{"cpu-cycles": 14874577797, "instructions": 20130223571, "cache-references": 823280368, "cache-misses": 8900020, "LLC-loads": 63455810, "LLC-load-misses": 934212, "LLC-store-misses": 4080208, "LLC-stores": 18764922, "L1-dcache-load-misses": 256680697, "L1-dcache-loads": 6775451484, "L1-dcache-stores": 3476452405, "GPU_Util": 0.93, "GPU_Mem": 0.72}], "model-sons": [{"cpu-cycles": 4655019122, "instructions": 7721619249, "cache-references": 97983155, "cache-misses": 366563, "LLC-loads": 7013593, "LLC-load-misses": 30270, "LLC-store-misses": 29088, "LLC-stores": 1639755, "L1-dcache-load-misses": 67378906, "L1-dcache-loads": 2660144649, "L1-dcache-stores": 1355823477, "GPU_Util": 0.99, "GPU_Mem": 0.72, "name": "alexnet"}, {"cpu-cycles": 4633075101, "instructions": 7617839820, "cache-references": 99921230, "cache-misses": 500136, "LLC-loads": 7389462, "LLC-load-misses": 40932, "LLC-store-misses": 30528, "LLC-stores": 1595320, "L1-dcache-load-misses": 75026421, "L1-dcache-loads": 2619143426, "L1-dcache-stores": 1338513656, "GPU_Util": 0.99, "GPU_Mem": 0.72, "name": "alexnet"}, {"cpu-cycles": 4653891756, "instructions": 4012969141, "cache-references": 581037095, "cache-misses": 606233, "LLC-loads": 44777913, "LLC-load-misses": 58849, "LLC-store-misses": 10968, "LLC-stores": 9921611, "L1-dcache-load-misses": 100291564, "L1-dcache-loads": 1287952353, "L1-dcache-stores": 703743263, "GPU_Util": 0.99, "GPU_Mem": 0.72, "name": "mnasnet"}], "inference-model-info": 1, "inference-model-sys-info": {"GPU_Util": 0.99, "GPU_Mem": 0.72}, "inference-model-latency": 8.422070000000001, "inference-model-name": "googlenet"}}