{"8804": {"global": [{"cpu-cycles": 14849987288, "instructions": 19551463427, "cache-references": 881703032, "cache-misses": 11165728, "LLC-loads": 65842803, "LLC-load-misses": 1057042, "LLC-store-misses": 2634106, "LLC-stores": 21446528, "L1-dcache-load-misses": 269634756, "L1-dcache-loads": 6621170937, "L1-dcache-stores": 3409788480, "GPU_Util": 0.99, "GPU_Mem": 0.72}], "model-sons": [{"cpu-cycles": 4643336087, "instructions": 7767432087, "cache-references": 97682137, "cache-misses": 363742, "LLC-loads": 7196783, "LLC-load-misses": 29788, "LLC-store-misses": 4621, "LLC-stores": 1542795, "L1-dcache-load-misses": 87284005, "L1-dcache-loads": 2668846290, "L1-dcache-stores": 1361475217, "GPU_Util": 0.99, "GPU_Mem": 0.72, "name": "alexnet"}, {"cpu-cycles": 4628917468, "instructions": 7817436232, "cache-references": 95491400, "cache-misses": 521787, "LLC-loads": 7060404, "LLC-load-misses": 31406, "LLC-store-misses": 6463, "LLC-stores": 1523739, "L1-dcache-load-misses": 68427991, "L1-dcache-loads": 2688914137, "L1-dcache-stores": 1372619048, "GPU_Util": 0.99, "GPU_Mem": 0.72, "name": "alexnet"}, {"cpu-cycles": 4635766978, "instructions": 3488314730, "cache-references": 631096384, "cache-misses": 772094, "LLC-loads": 46946724, "LLC-load-misses": 58281, "LLC-store-misses": 6099, "LLC-stores": 11435110, "L1-dcache-load-misses": 101884179, "L1-dcache-loads": 1096866601, "L1-dcache-stores": 608334293, "GPU_Util": 0.99, "GPU_Mem": 0.72, "name": "mobilenet_v2"}], "inference-model-info": 1, "inference-model-sys-info": {"GPU_Util": 0.96, "GPU_Mem": 0.72}, "inference-model-latency": 27.534610000000008, "inference-model-name": "resnext50_32x4d"}}