{"882": {"global": [{"cpu-cycles": 9926075629, "instructions": 7049802584, "cache-references": 1303240641, "cache-misses": 9004917, "LLC-loads": 98292693, "LLC-load-misses": 501696, "LLC-store-misses": 3896452, "LLC-stores": 25132899, "L1-dcache-load-misses": 208231459, "L1-dcache-loads": 2023106745, "L1-dcache-stores": 1144596732, "GPU_Util": 0.98, "GPU_Mem": 0.53}], "model-sons": [{"cpu-cycles": 4669727495, "instructions": 3194613242, "cache-references": 651443584, "cache-misses": 816333, "LLC-loads": 48631598, "LLC-load-misses": 71265, "LLC-store-misses": 60282, "LLC-stores": 11354895, "L1-dcache-load-misses": 100844364, "L1-dcache-loads": 988184825, "L1-dcache-stores": 556814479, "GPU_Util": 0.98, "GPU_Mem": 0.53, "name": "shufflenet"}, {"cpu-cycles": 4665529934, "instructions": 3114698241, "cache-references": 649610050, "cache-misses": 779200, "LLC-loads": 49681601, "LLC-load-misses": 67800, "LLC-store-misses": 39914, "LLC-stores": 11197103, "L1-dcache-load-misses": 103178891, "L1-dcache-loads": 959200070, "L1-dcache-stores": 539511962, "GPU_Util": 0.98, "GPU_Mem": 0.53, "name": "mobilenet_v3_large"}], "inference-model-info": 1, "inference-model-sys-info": {"GPU_Util": 0.98, "GPU_Mem": 0.53}, "inference-model-latency": 3.64137, "inference-model-name": "mobilenet_v2"}}