{"8832": {"global": [{"cpu-cycles": 14620826249, "instructions": 16521076125, "cache-references": 1156630418, "cache-misses": 3536170, "LLC-loads": 88206887, "LLC-load-misses": 207799, "LLC-store-misses": 2151249, "LLC-stores": 24149526, "L1-dcache-load-misses": 276983364, "L1-dcache-loads": 5596452945, "L1-dcache-stores": 2855579132, "GPU_Util": 0.99, "GPU_Mem": 0.74}], "model-sons": [{"cpu-cycles": 4631921038, "instructions": 7785009183, "cache-references": 96628198, "cache-misses": 391753, "LLC-loads": 7219801, "LLC-load-misses": 41241, "LLC-store-misses": 8622, "LLC-stores": 1527905, "L1-dcache-load-misses": 77413324, "L1-dcache-loads": 2673254304, "L1-dcache-stores": 1366343783, "GPU_Util": 0.99, "GPU_Mem": 0.74, "name": "alexnet"}, {"cpu-cycles": 4647398240, "instructions": 4777450990, "cache-references": 433834352, "cache-misses": 1736140, "LLC-loads": 33656830, "LLC-load-misses": 126175, "LLC-store-misses": 34198, "LLC-stores": 7269730, "L1-dcache-load-misses": 91327684, "L1-dcache-loads": 1605207075, "L1-dcache-stores": 851692118, "GPU_Util": 0.99, "GPU_Mem": 0.74, "name": "mvit"}, {"cpu-cycles": 4623742453, "instructions": 3663419480, "cache-references": 585712507, "cache-misses": 1087327, "LLC-loads": 45613601, "LLC-load-misses": 71228, "LLC-store-misses": 35200, "LLC-stores": 10506513, "L1-dcache-load-misses": 100146723, "L1-dcache-loads": 1143896811, "L1-dcache-stores": 631378468, "GPU_Util": 0.99, "GPU_Mem": 0.74, "name": "mnasnet"}], "inference-model-info": 1, "inference-model-sys-info": {"GPU_Util": 0.96, "GPU_Mem": 0.74}, "inference-model-latency": 27.492919999999998, "inference-model-name": "resnext50_32x4d"}}