{"8844": {"global": [{"cpu-cycles": 14482075908, "instructions": 19556541592, "cache-references": 708994739, "cache-misses": 9825317, "LLC-loads": 62821676, "LLC-load-misses": 704646, "LLC-store-misses": 187520, "LLC-stores": 12835167, "L1-dcache-load-misses": 237511617, "L1-dcache-loads": 6552354198, "L1-dcache-stores": 3364020565, "GPU_Util": 0.83, "GPU_Mem": 0.77}], "model-sons": [{"cpu-cycles": 4647057397, "instructions": 7267947475, "cache-references": 116799580, "cache-misses": 484981, "LLC-loads": 17343620, "LLC-load-misses": 52434, "LLC-store-misses": 14355, "LLC-stores": 1562762, "L1-dcache-load-misses": 70332399, "L1-dcache-loads": 2497137970, "L1-dcache-stores": 1275783982, "GPU_Util": 0.95, "GPU_Mem": 0.77, "name": "alexnet"}, {"cpu-cycles": 4645464139, "instructions": 4815101544, "cache-references": 437662324, "cache-misses": 2261101, "LLC-loads": 33119107, "LLC-load-misses": 144550, "LLC-store-misses": 57054, "LLC-stores": 7849403, "L1-dcache-load-misses": 87399100, "L1-dcache-loads": 1585247722, "L1-dcache-stores": 852152178, "GPU_Util": 0.95, "GPU_Mem": 0.77, "name": "mvit"}, {"cpu-cycles": 4644233018, "instructions": 7256482420, "cache-references": 142168500, "cache-misses": 1408802, "LLC-loads": 11128148, "LLC-load-misses": 135098, "LLC-store-misses": 74185, "LLC-stores": 2788372, "L1-dcache-load-misses": 78136782, "L1-dcache-loads": 2444854312, "L1-dcache-stores": 1247392803, "GPU_Util": 0.95, "GPU_Mem": 0.77, "name": "resnext50_32x4d"}], "inference-model-info": 1, "inference-model-sys-info": {"GPU_Util": 0.96, "GPU_Mem": 0.77}, "inference-model-latency": 13.709579999999999, "inference-model-name": "mvit"}}