{"8934": {"global": [{"cpu-cycles": 14478631830, "instructions": 23752661552, "cache-references": 425101707, "cache-misses": 12215339, "LLC-loads": 34287560, "LLC-load-misses": 1550101, "LLC-store-misses": 1854795, "LLC-stores": 8911498, "L1-dcache-load-misses": 191038941, "L1-dcache-loads": 8004938926, "L1-dcache-stores": 3986981898, "GPU_Util": 0.73, "GPU_Mem": 0.76}], "model-sons": [{"cpu-cycles": 4654769423, "instructions": 7826426010, "cache-references": 98258208, "cache-misses": 480923, "LLC-loads": 7274939, "LLC-load-misses": 39817, "LLC-store-misses": 1586, "LLC-stores": 1539365, "L1-dcache-load-misses": 73799834, "L1-dcache-loads": 2693412727, "L1-dcache-stores": 1373102226, "GPU_Util": 0.91, "GPU_Mem": 0.76, "name": "alexnet"}, {"cpu-cycles": 4650173947, "instructions": 7377533287, "cache-references": 143127644, "cache-misses": 1023600, "LLC-loads": 11174122, "LLC-load-misses": 98716, "LLC-store-misses": 30671, "LLC-stores": 2904389, "L1-dcache-load-misses": 83849544, "L1-dcache-loads": 2483979107, "L1-dcache-stores": 1262898695, "GPU_Util": 0.9, "GPU_Mem": 0.76, "name": "resnext50_32x4d"}, {"cpu-cycles": 4657876971, "instructions": 7365172801, "cache-references": 135270180, "cache-misses": 808055, "LLC-loads": 10758309, "LLC-load-misses": 96742, "LLC-store-misses": 34085, "LLC-stores": 2736219, "L1-dcache-load-misses": 75862485, "L1-dcache-loads": 2469529938, "L1-dcache-stores": 1265084903, "GPU_Util": 0.9, "GPU_Mem": 0.76, "name": "resnext50_32x4d"}], "inference-model-info": 1, "inference-model-sys-info": {"GPU_Util": 0.91, "GPU_Mem": 0.76}, "inference-model-latency": 8.41047, "inference-model-name": "googlenet"}}