{"8950": {"global": [{"cpu-cycles": 14436053622, "instructions": 18924192592, "cache-references": 942146691, "cache-misses": 11436639, "LLC-loads": 72283254, "LLC-load-misses": 1186081, "LLC-store-misses": 431667, "LLC-stores": 16948813, "L1-dcache-load-misses": 249391353, "L1-dcache-loads": 6192156178, "L1-dcache-stores": 3206088281, "GPU_Util": 0.96, "GPU_Mem": 0.73}], "model-sons": [{"cpu-cycles": 4647939486, "instructions": 7806495143, "cache-references": 99467636, "cache-misses": 489496, "LLC-loads": 7357760, "LLC-load-misses": 25595, "LLC-store-misses": 29041, "LLC-stores": 1677494, "L1-dcache-load-misses": 71791728, "L1-dcache-loads": 2675845434, "L1-dcache-stores": 1365059922, "GPU_Util": 0.94, "GPU_Mem": 0.73, "name": "alexnet"}, {"cpu-cycles": 4651104616, "instructions": 7326216078, "cache-references": 139466331, "cache-misses": 825536, "LLC-loads": 11020220, "LLC-load-misses": 101258, "LLC-store-misses": 38154, "LLC-stores": 3142825, "L1-dcache-load-misses": 85865156, "L1-dcache-loads": 2388687682, "L1-dcache-stores": 1228880054, "GPU_Util": 0.94, "GPU_Mem": 0.73, "name": "resnext50_32x4d"}, {"cpu-cycles": 4630436006, "instructions": 3235647195, "cache-references": 684539613, "cache-misses": 1433264, "LLC-loads": 51736060, "LLC-load-misses": 86949, "LLC-store-misses": 23417, "LLC-stores": 11644847, "L1-dcache-load-misses": 106732549, "L1-dcache-loads": 1003683712, "L1-dcache-stores": 560724009, "GPU_Util": 0.94, "GPU_Mem": 0.73, "name": "mobilenet_v3_large"}], "inference-model-info": 1, "inference-model-sys-info": {"GPU_Util": 0.95, "GPU_Mem": 0.73}, "inference-model-latency": 4.41142, "inference-model-name": "shufflenet"}}