{"9019": {"global": [{"cpu-cycles": 14594893060, "instructions": 13761318376, "cache-references": 1353759360, "cache-misses": 19171111, "LLC-loads": 104100881, "LLC-load-misses": 1044122, "LLC-store-misses": 712256, "LLC-stores": 25132340, "L1-dcache-load-misses": 271376487, "L1-dcache-loads": 4418700614, "L1-dcache-stores": 2357587023, "GPU_Util": 0.69, "GPU_Mem": 0.58}], "model-sons": [{"cpu-cycles": 4625312561, "instructions": 4431521829, "cache-references": 442589931, "cache-misses": 3283306, "LLC-loads": 34389946, "LLC-load-misses": 281922, "LLC-store-misses": 172955, "LLC-stores": 7576985, "L1-dcache-load-misses": 89446673, "L1-dcache-loads": 1455640873, "L1-dcache-stores": 779816195, "GPU_Util": 0.99, "GPU_Mem": 0.58, "name": "mvit"}, {"cpu-cycles": 4647027217, "instructions": 4491171838, "cache-references": 442633787, "cache-misses": 3468466, "LLC-loads": 34132203, "LLC-load-misses": 255335, "LLC-store-misses": 159592, "LLC-stores": 7838934, "L1-dcache-load-misses": 87306655, "L1-dcache-loads": 1480032091, "L1-dcache-stores": 785241938, "GPU_Util": 0.99, "GPU_Mem": 0.58, "name": "mvit"}, {"cpu-cycles": 4633190372, "instructions": 4497613820, "cache-references": 437347211, "cache-misses": 4141800, "LLC-loads": 34043122, "LLC-load-misses": 362279, "LLC-store-misses": 221965, "LLC-stores": 7706423, "L1-dcache-load-misses": 91729344, "L1-dcache-loads": 1456680883, "L1-dcache-stores": 788159615, "GPU_Util": 0.99, "GPU_Mem": 0.58, "name": "mvit"}], "inference-model-info": 1, "inference-model-sys-info": {"GPU_Util": 0.99, "GPU_Mem": 0.74}, "inference-model-latency": 3.3444899999999995, "inference-model-name": "squeezenet"}}