{"9037": {"global": [{"cpu-cycles": 14319449749, "instructions": 12967323043, "cache-references": 1476127291, "cache-misses": 6805994, "LLC-loads": 113425065, "LLC-load-misses": 703213, "LLC-store-misses": 4679549, "LLC-stores": 34020055, "L1-dcache-load-misses": 286632597, "L1-dcache-loads": 4252877209, "L1-dcache-stores": 2302632969, "GPU_Util": 0.99, "GPU_Mem": 0.76}], "model-sons": [{"cpu-cycles": 4626897951, "instructions": 4660022600, "cache-references": 430258888, "cache-misses": 2352603, "LLC-loads": 33623835, "LLC-load-misses": 186044, "LLC-store-misses": 134815, "LLC-stores": 7388454, "L1-dcache-load-misses": 86397526, "L1-dcache-loads": 1543641884, "L1-dcache-stores": 813405229, "GPU_Util": 0.99, "GPU_Mem": 0.76, "name": "mvit"}, {"cpu-cycles": 4660004093, "instructions": 4762822189, "cache-references": 433821225, "cache-misses": 2116171, "LLC-loads": 33360440, "LLC-load-misses": 155490, "LLC-store-misses": 131445, "LLC-stores": 7464176, "L1-dcache-load-misses": 90206457, "L1-dcache-loads": 1564265889, "L1-dcache-stores": 834397626, "GPU_Util": 0.99, "GPU_Mem": 0.76, "name": "mvit"}, {"cpu-cycles": 4646313245, "instructions": 3526359008, "cache-references": 603601890, "cache-misses": 1302454, "LLC-loads": 44747103, "LLC-load-misses": 124686, "LLC-store-misses": 100946, "LLC-stores": 10922709, "L1-dcache-load-misses": 99194800, "L1-dcache-loads": 1097452662, "L1-dcache-stores": 611261356, "GPU_Util": 0.99, "GPU_Mem": 0.76, "name": "mnasnet"}], "inference-model-info": 1, "inference-model-sys-info": {"GPU_Util": 0.99, "GPU_Mem": 0.76}, "inference-model-latency": 20.263859999999998, "inference-model-name": "vgg_16"}}