{"9057": {"global": [{"cpu-cycles": 14925591961, "instructions": 16608513771, "cache-references": 1168985594, "cache-misses": 21515851, "LLC-loads": 93816075, "LLC-load-misses": 1852975, "LLC-store-misses": 2615503, "LLC-stores": 22789937, "L1-dcache-load-misses": 257939563, "L1-dcache-loads": 5415027240, "L1-dcache-stores": 2821833224, "GPU_Util": 0.98, "GPU_Mem": 0.79}], "model-sons": [{"cpu-cycles": 4636945611, "instructions": 4712651367, "cache-references": 428428325, "cache-misses": 1707381, "LLC-loads": 36821148, "LLC-load-misses": 160517, "LLC-store-misses": 104108, "LLC-stores": 7694115, "L1-dcache-load-misses": 89758575, "L1-dcache-loads": 1531206446, "L1-dcache-stores": 832825967, "GPU_Util": 0.95, "GPU_Mem": 0.79, "name": "mvit"}, {"cpu-cycles": 4628412388, "instructions": 4832785112, "cache-references": 415138784, "cache-misses": 2524909, "LLC-loads": 33401271, "LLC-load-misses": 223402, "LLC-store-misses": 124666, "LLC-stores": 7198490, "L1-dcache-load-misses": 89901643, "L1-dcache-loads": 1596780605, "L1-dcache-stores": 852831495, "GPU_Util": 0.95, "GPU_Mem": 0.79, "name": "mvit"}, {"cpu-cycles": 4645713276, "instructions": 7462115382, "cache-references": 136367456, "cache-misses": 1966675, "LLC-loads": 10371336, "LLC-load-misses": 154407, "LLC-store-misses": 101935, "LLC-stores": 3102173, "L1-dcache-load-misses": 85361859, "L1-dcache-loads": 2493957943, "L1-dcache-stores": 1282817976, "GPU_Util": 0.95, "GPU_Mem": 0.79, "name": "resnext50_32x4d"}], "inference-model-info": 1, "inference-model-sys-info": {"GPU_Util": 0.95, "GPU_Mem": 0.79}, "inference-model-latency": 5.41165, "inference-model-name": "mobilenet_v3_large"}}