{"9075": {"global": [{"cpu-cycles": 14481557476, "instructions": 12736091961, "cache-references": 1536175922, "cache-misses": 12760615, "LLC-loads": 117738975, "LLC-load-misses": 744368, "LLC-store-misses": 1343353, "LLC-stores": 30481775, "L1-dcache-load-misses": 283509334, "L1-dcache-loads": 4176292805, "L1-dcache-stores": 2230573234, "GPU_Util": 0.99, "GPU_Mem": 0.77}], "model-sons": [{"cpu-cycles": 4614144890, "instructions": 4578688123, "cache-references": 432467718, "cache-misses": 3003686, "LLC-loads": 33822211, "LLC-load-misses": 229245, "LLC-store-misses": 134512, "LLC-stores": 7710094, "L1-dcache-load-misses": 86432687, "L1-dcache-loads": 1524332964, "L1-dcache-stores": 805470020, "GPU_Util": 0.99, "GPU_Mem": 0.77, "name": "mvit"}, {"cpu-cycles": 4650787165, "instructions": 4696176236, "cache-references": 428175652, "cache-misses": 2770576, "LLC-loads": 33556843, "LLC-load-misses": 230149, "LLC-store-misses": 100622, "LLC-stores": 7493567, "L1-dcache-load-misses": 88989053, "L1-dcache-loads": 1541902718, "L1-dcache-stores": 829645699, "GPU_Util": 0.99, "GPU_Mem": 0.77, "name": "mvit"}, {"cpu-cycles": 4636997361, "instructions": 3234903537, "cache-references": 641994931, "cache-misses": 2090486, "LLC-loads": 47956241, "LLC-load-misses": 124115, "LLC-store-misses": 75339, "LLC-stores": 11615819, "L1-dcache-load-misses": 102160947, "L1-dcache-loads": 1004524893, "L1-dcache-stores": 563546967, "GPU_Util": 0.99, "GPU_Mem": 0.77, "name": "mobilenet_v2"}], "inference-model-info": 1, "inference-model-sys-info": {"GPU_Util": 0.99, "GPU_Mem": 0.77}, "inference-model-latency": 3.42218, "inference-model-name": "squeezenet"}}