{"9140": {"global": [{"cpu-cycles": 14880967266, "instructions": 12513559794, "cache-references": 1707379994, "cache-misses": 18575627, "LLC-loads": 132729837, "LLC-load-misses": 1423435, "LLC-store-misses": 382796, "LLC-stores": 32641216, "L1-dcache-load-misses": 301599979, "L1-dcache-loads": 3964060177, "L1-dcache-stores": 2133309392, "GPU_Util": 0.71, "GPU_Mem": 0.73}], "model-sons": [{"cpu-cycles": 4629987004, "instructions": 4670994575, "cache-references": 439079594, "cache-misses": 1701453, "LLC-loads": 33401602, "LLC-load-misses": 165461, "LLC-store-misses": 97676, "LLC-stores": 7607852, "L1-dcache-load-misses": 87276165, "L1-dcache-loads": 1543800904, "L1-dcache-stores": 819409767, "GPU_Util": 0.99, "GPU_Mem": 0.73, "name": "mvit"}, {"cpu-cycles": 4633641157, "instructions": 3819206545, "cache-references": 600067546, "cache-misses": 1656876, "LLC-loads": 46155792, "LLC-load-misses": 149238, "LLC-store-misses": 61757, "LLC-stores": 10600161, "L1-dcache-load-misses": 100857881, "L1-dcache-loads": 1208825678, "L1-dcache-stores": 659831511, "GPU_Util": 0.99, "GPU_Mem": 0.73, "name": "mnasnet"}, {"cpu-cycles": 4644172162, "instructions": 3361798565, "cache-references": 635171800, "cache-misses": 1279157, "LLC-loads": 47762682, "LLC-load-misses": 120057, "LLC-store-misses": 30979, "LLC-stores": 11784516, "L1-dcache-load-misses": 103019826, "L1-dcache-loads": 1045325427, "L1-dcache-stores": 584945118, "GPU_Util": 0.99, "GPU_Mem": 0.73, "name": "mobilenet_v2"}], "inference-model-info": 1, "inference-model-sys-info": {"GPU_Util": 0.96, "GPU_Mem": 0.73}, "inference-model-latency": 26.807129999999997, "inference-model-name": "resnext50_32x4d"}}