{"9187": {"global": [{"cpu-cycles": 14990233646, "instructions": 10777068050, "cache-references": 1832933169, "cache-misses": 20618892, "LLC-loads": 138792209, "LLC-load-misses": 1612727, "LLC-store-misses": 403516, "LLC-stores": 33692311, "L1-dcache-load-misses": 302428678, "L1-dcache-loads": 3385370346, "L1-dcache-stores": 1856409867, "GPU_Util": 0.64, "GPU_Mem": 0.73}], "model-sons": [{"cpu-cycles": 4641852146, "instructions": 4005433469, "cache-references": 491614603, "cache-misses": 2622871, "LLC-loads": 37829972, "LLC-load-misses": 219699, "LLC-store-misses": 110125, "LLC-stores": 9186914, "L1-dcache-load-misses": 91311170, "L1-dcache-loads": 1291499965, "L1-dcache-stores": 708661470, "GPU_Util": 0.98, "GPU_Mem": 0.73, "name": "mvit"}, {"cpu-cycles": 4639258159, "instructions": 3146675304, "cache-references": 646077765, "cache-misses": 2268135, "LLC-loads": 48360987, "LLC-load-misses": 176555, "LLC-store-misses": 57018, "LLC-stores": 11240392, "L1-dcache-load-misses": 102521140, "L1-dcache-loads": 971579893, "L1-dcache-stores": 546485689, "GPU_Util": 0.99, "GPU_Mem": 0.73, "name": "mobilenet_v3_large"}, {"cpu-cycles": 4644053903, "instructions": 3046277021, "cache-references": 645199785, "cache-misses": 1409157, "LLC-loads": 49202412, "LLC-load-misses": 93882, "LLC-store-misses": 62034, "LLC-stores": 10945370, "L1-dcache-load-misses": 100589349, "L1-dcache-loads": 942035373, "L1-dcache-stores": 528927534, "GPU_Util": 0.99, "GPU_Mem": 0.73, "name": "mobilenet_v3_large"}], "inference-model-info": 1, "inference-model-sys-info": {"GPU_Util": 0.98, "GPU_Mem": 0.73}, "inference-model-latency": 3.41071, "inference-model-name": "squeezenet"}}