{"9207": {"global": [{"cpu-cycles": 14526259022, "instructions": 11522164205, "cache-references": 1798379006, "cache-misses": 9891220, "LLC-loads": 138630649, "LLC-load-misses": 920444, "LLC-store-misses": 7061861, "LLC-stores": 37757660, "L1-dcache-load-misses": 309135478, "L1-dcache-loads": 3612380968, "L1-dcache-stores": 1978511356, "GPU_Util": 0.99, "GPU_Mem": 0.73}], "model-sons": [{"cpu-cycles": 4629593767, "instructions": 4357193042, "cache-references": 448498347, "cache-misses": 1648533, "LLC-loads": 36105799, "LLC-load-misses": 102714, "LLC-store-misses": 62870, "LLC-stores": 8103394, "L1-dcache-load-misses": 88252516, "L1-dcache-loads": 1423860841, "L1-dcache-stores": 753568248, "GPU_Util": 0.99, "GPU_Mem": 0.73, "name": "mvit"}, {"cpu-cycles": 4623498322, "instructions": 3108160800, "cache-references": 651254004, "cache-misses": 1692228, "LLC-loads": 48409721, "LLC-load-misses": 138941, "LLC-store-misses": 97200, "LLC-stores": 11011343, "L1-dcache-load-misses": 101029994, "L1-dcache-loads": 957702515, "L1-dcache-stores": 537555322, "GPU_Util": 0.99, "GPU_Mem": 0.73, "name": "mobilenet_v3_large"}, {"cpu-cycles": 4648756124, "instructions": 3339197407, "cache-references": 655267854, "cache-misses": 843253, "LLC-loads": 50485297, "LLC-load-misses": 81010, "LLC-store-misses": 64212, "LLC-stores": 11446367, "L1-dcache-load-misses": 105110601, "L1-dcache-loads": 1029876330, "L1-dcache-stores": 577216834, "GPU_Util": 0.99, "GPU_Mem": 0.73, "name": "mobilenet_v2"}], "inference-model-info": 1, "inference-model-sys-info": {"GPU_Util": 0.99, "GPU_Mem": 0.73}, "inference-model-latency": 3.0012899999999996, "inference-model-name": "alexnet"}}