{"9233": {"global": [{"cpu-cycles": 14984842561, "instructions": 12518148560, "cache-references": 1789090604, "cache-misses": 10819893, "LLC-loads": 138775627, "LLC-load-misses": 546354, "LLC-store-misses": 103445, "LLC-stores": 32307890, "L1-dcache-load-misses": 305943532, "L1-dcache-loads": 3788189998, "L1-dcache-stores": 2103279780, "GPU_Util": 0.78, "GPU_Mem": 0.69}], "model-sons": [{"cpu-cycles": 4634471463, "instructions": 3986624533, "cache-references": 593711624, "cache-misses": 1085836, "LLC-loads": 45605547, "LLC-load-misses": 112377, "LLC-store-misses": 68274, "LLC-stores": 10707451, "L1-dcache-load-misses": 101048092, "L1-dcache-loads": 1263553205, "L1-dcache-stores": 693573325, "GPU_Util": 0.98, "GPU_Mem": 0.69, "name": "mnasnet"}, {"cpu-cycles": 4642826963, "instructions": 3803215726, "cache-references": 582013647, "cache-misses": 764958, "LLC-loads": 45828039, "LLC-load-misses": 113149, "LLC-store-misses": 64289, "LLC-stores": 10724599, "L1-dcache-load-misses": 101517856, "L1-dcache-loads": 1197953214, "L1-dcache-stores": 667588316, "GPU_Util": 0.99, "GPU_Mem": 0.69, "name": "mnasnet"}, {"cpu-cycles": 4638736752, "instructions": 3924098967, "cache-references": 595036291, "cache-misses": 1435677, "LLC-loads": 45765347, "LLC-load-misses": 113293, "LLC-store-misses": 21242, "LLC-stores": 10408528, "L1-dcache-load-misses": 101082451, "L1-dcache-loads": 1260848512, "L1-dcache-stores": 683819376, "GPU_Util": 0.99, "GPU_Mem": 0.69, "name": "mnasnet"}], "inference-model-info": 1, "inference-model-sys-info": {"GPU_Util": 0.99, "GPU_Mem": 0.69}, "inference-model-latency": 20.24435, "inference-model-name": "vgg_16"}}