{"9274": {"global": [{"cpu-cycles": 14427443239, "instructions": 11348575514, "cache-references": 1850361229, "cache-misses": 9114910, "LLC-loads": 139448959, "LLC-load-misses": 494326, "LLC-store-misses": 142456, "LLC-stores": 32945403, "L1-dcache-load-misses": 305650037, "L1-dcache-loads": 3473377807, "L1-dcache-stores": 1938492424, "GPU_Util": 0.98, "GPU_Mem": 0.69}], "model-sons": [{"cpu-cycles": 4631943380, "instructions": 4010120645, "cache-references": 583168610, "cache-misses": 1507198, "LLC-loads": 45210699, "LLC-load-misses": 112078, "LLC-store-misses": 26484, "LLC-stores": 9905392, "L1-dcache-load-misses": 102937039, "L1-dcache-loads": 1288155765, "L1-dcache-stores": 707274554, "GPU_Util": 0.99, "GPU_Mem": 0.69, "name": "mnasnet"}, {"cpu-cycles": 4646377491, "instructions": 3960934901, "cache-references": 603240477, "cache-misses": 919043, "LLC-loads": 45817092, "LLC-load-misses": 72354, "LLC-store-misses": 42409, "LLC-stores": 10597853, "L1-dcache-load-misses": 101725243, "L1-dcache-loads": 1262566153, "L1-dcache-stores": 686906543, "GPU_Util": 0.99, "GPU_Mem": 0.69, "name": "mnasnet"}, {"cpu-cycles": 4642506224, "instructions": 3276181097, "cache-references": 652629789, "cache-misses": 1238091, "LLC-loads": 48359540, "LLC-load-misses": 83806, "LLC-store-misses": 54653, "LLC-stores": 11595926, "L1-dcache-load-misses": 102195654, "L1-dcache-loads": 1010742398, "L1-dcache-stores": 564437064, "GPU_Util": 0.99, "GPU_Mem": 0.69, "name": "mobilenet_v2"}], "inference-model-info": 1, "inference-model-sys-info": {"GPU_Util": 0.99, "GPU_Mem": 0.69}, "inference-model-latency": 15.628529999999998, "inference-model-name": "vgg_13"}}