{"9307": {"global": [{"cpu-cycles": 14355988315, "instructions": 14085959787, "cache-references": 1450848960, "cache-misses": 7836154, "LLC-loads": 108938911, "LLC-load-misses": 512410, "LLC-store-misses": 2342315, "LLC-stores": 30046182, "L1-dcache-load-misses": 290271815, "L1-dcache-loads": 4596724510, "L1-dcache-stores": 2448855318, "GPU_Util": 0.94, "GPU_Mem": 0.72}], "model-sons": [{"cpu-cycles": 4635010515, "instructions": 3509716112, "cache-references": 620185472, "cache-misses": 1081876, "LLC-loads": 47118624, "LLC-load-misses": 83879, "LLC-store-misses": 39128, "LLC-stores": 10981565, "L1-dcache-load-misses": 101798943, "L1-dcache-loads": 1085457547, "L1-dcache-stores": 604508087, "GPU_Util": 0.94, "GPU_Mem": 0.72, "name": "mnasnet"}, {"cpu-cycles": 4632852052, "instructions": 7250412916, "cache-references": 141877954, "cache-misses": 1061058, "LLC-loads": 11162818, "LLC-load-misses": 106134, "LLC-store-misses": 33487, "LLC-stores": 2883087, "L1-dcache-load-misses": 77502887, "L1-dcache-loads": 2448409898, "L1-dcache-stores": 1252098508, "GPU_Util": 0.94, "GPU_Mem": 0.72, "name": "resnext50_32x4d"}, {"cpu-cycles": 4620629078, "instructions": 3166845600, "cache-references": 661350786, "cache-misses": 1450271, "LLC-loads": 49808795, "LLC-load-misses": 94032, "LLC-store-misses": 54163, "LLC-stores": 11108120, "L1-dcache-load-misses": 103428244, "L1-dcache-loads": 976706926, "L1-dcache-stores": 549545850, "GPU_Util": 0.94, "GPU_Mem": 0.72, "name": "mobilenet_v3_large"}], "inference-model-info": 1, "inference-model-sys-info": {"GPU_Util": 0.95, "GPU_Mem": 0.72}, "inference-model-latency": 4.5242, "inference-model-name": "mnasnet"}}