{"9317": {"global": [{"cpu-cycles": 14860375983, "instructions": 15550924926, "cache-references": 1428196876, "cache-misses": 16627871, "LLC-loads": 109194014, "LLC-load-misses": 1225989, "LLC-store-misses": 987787, "LLC-stores": 27878847, "L1-dcache-load-misses": 299953336, "L1-dcache-loads": 5005282201, "L1-dcache-stores": 2681300769, "GPU_Util": 0.94, "GPU_Mem": 0.72}], "model-sons": [{"cpu-cycles": 4651974138, "instructions": 3703936802, "cache-references": 598451666, "cache-misses": 822918, "LLC-loads": 45208744, "LLC-load-misses": 71323, "LLC-store-misses": 15100, "LLC-stores": 10693644, "L1-dcache-load-misses": 100053907, "L1-dcache-loads": 1173741179, "L1-dcache-stores": 645195438, "GPU_Util": 0.94, "GPU_Mem": 0.72, "name": "mnasnet"}, {"cpu-cycles": 4620379099, "instructions": 7416432489, "cache-references": 144932141, "cache-misses": 1427658, "LLC-loads": 11129571, "LLC-load-misses": 121891, "LLC-store-misses": 50461, "LLC-stores": 3097478, "L1-dcache-load-misses": 83429600, "L1-dcache-loads": 2493142840, "L1-dcache-stores": 1272705554, "GPU_Util": 0.94, "GPU_Mem": 0.72, "name": "resnext50_32x4d"}, {"cpu-cycles": 4650256206, "instructions": 3912940056, "cache-references": 634991125, "cache-misses": 841517, "LLC-loads": 48555372, "LLC-load-misses": 59986, "LLC-store-misses": 35942, "LLC-stores": 11253589, "L1-dcache-load-misses": 104208683, "L1-dcache-loads": 1226988415, "L1-dcache-stores": 678372068, "GPU_Util": 0.95, "GPU_Mem": 0.72, "name": "mobilenet_v2"}], "inference-model-info": 1, "inference-model-sys-info": {"GPU_Util": 0.96, "GPU_Mem": 0.72}, "inference-model-latency": 20.241010000000003, "inference-model-name": "vgg_16"}}