{"933": {"global": [{"cpu-cycles": 10328656059, "instructions": 16175022320, "cache-references": 217746511, "cache-misses": 48839762, "LLC-loads": 27717379, "LLC-load-misses": 8891614, "LLC-store-misses": 4542466, "LLC-stores": 11572248, "L1-dcache-load-misses": 189469478, "L1-dcache-loads": 5243513246, "L1-dcache-stores": 2651382965, "GPU_Util": 0.86, "GPU_Mem": 0.68}], "model-sons": [{"cpu-cycles": 4659318977, "instructions": 7986935034, "cache-references": 62154752, "cache-misses": 543126, "LLC-loads": 4507808, "LLC-load-misses": 23767, "LLC-store-misses": 375, "LLC-stores": 964965, "L1-dcache-load-misses": 69154425, "L1-dcache-loads": 2751531145, "L1-dcache-stores": 1402685583, "GPU_Util": 1.0, "GPU_Mem": 0.68, "name": "vgg_11"}, {"cpu-cycles": 4658864301, "instructions": 8338267725, "cache-references": 55890035, "cache-misses": 175236, "LLC-loads": 3935256, "LLC-load-misses": 25950, "LLC-store-misses": 13035, "LLC-stores": 940752, "L1-dcache-load-misses": 114982499, "L1-dcache-loads": 2857001666, "L1-dcache-stores": 1459760908, "GPU_Util": 1.0, "GPU_Mem": 0.68, "name": "vgg_16"}], "inference-model-info": 1, "inference-model-sys-info": {"GPU_Util": 1.0, "GPU_Mem": 0.68}, "inference-model-latency": 2.27181, "inference-model-name": "alexnet"}}