{"9353": {"global": [{"cpu-cycles": 15147391175, "instructions": 11743839261, "cache-references": 1914529572, "cache-misses": 15316305, "LLC-loads": 147351767, "LLC-load-misses": 994847, "LLC-store-misses": 994334, "LLC-stores": 35763509, "L1-dcache-load-misses": 321175644, "L1-dcache-loads": 3493204176, "L1-dcache-stores": 1927387323, "GPU_Util": 0.94, "GPU_Mem": 0.69}], "model-sons": [{"cpu-cycles": 4646652244, "instructions": 3676801712, "cache-references": 593858188, "cache-misses": 735553, "LLC-loads": 45806566, "LLC-load-misses": 72011, "LLC-store-misses": 27926, "LLC-stores": 10725527, "L1-dcache-load-misses": 100669653, "L1-dcache-loads": 1157189274, "L1-dcache-stores": 637203810, "GPU_Util": 0.99, "GPU_Mem": 0.69, "name": "mnasnet"}, {"cpu-cycles": 4620756077, "instructions": 3445993925, "cache-references": 640695191, "cache-misses": 1469845, "LLC-loads": 48542872, "LLC-load-misses": 104054, "LLC-store-misses": 32822, "LLC-stores": 11351809, "L1-dcache-load-misses": 103719589, "L1-dcache-loads": 1064278843, "L1-dcache-stores": 595719614, "GPU_Util": 0.99, "GPU_Mem": 0.69, "name": "mobilenet_v2"}, {"cpu-cycles": 4646420958, "instructions": 3641285979, "cache-references": 622763286, "cache-misses": 841151, "LLC-loads": 47279581, "LLC-load-misses": 65523, "LLC-store-misses": 61875, "LLC-stores": 10729731, "L1-dcache-load-misses": 104279793, "L1-dcache-loads": 1151327155, "L1-dcache-stores": 635707716, "GPU_Util": 0.99, "GPU_Mem": 0.69, "name": "mobilenet_v2"}], "inference-model-info": 1, "inference-model-sys-info": {"GPU_Util": 0.96, "GPU_Mem": 0.69}, "inference-model-latency": 29.48192, "inference-model-name": "inception_v3"}}