{"9377": {"global": [{"cpu-cycles": 14491592815, "instructions": 22774003945, "cache-references": 460281657, "cache-misses": 6696686, "LLC-loads": 37515271, "LLC-load-misses": 1070624, "LLC-store-misses": 1813830, "LLC-stores": 14330551, "L1-dcache-load-misses": 210615801, "L1-dcache-loads": 7569851715, "L1-dcache-stores": 3780004591, "GPU_Util": 0.67, "GPU_Mem": 0.77}], "model-sons": [{"cpu-cycles": 4632405867, "instructions": 7254805397, "cache-references": 142793948, "cache-misses": 1516991, "LLC-loads": 11654013, "LLC-load-misses": 139397, "LLC-store-misses": 63743, "LLC-stores": 3473004, "L1-dcache-load-misses": 86588979, "L1-dcache-loads": 2434131387, "L1-dcache-stores": 1249055570, "GPU_Util": 0.85, "GPU_Mem": 0.77, "name": "resnext50_32x4d"}, {"cpu-cycles": 4645147159, "instructions": 7314921968, "cache-references": 138761055, "cache-misses": 1037663, "LLC-loads": 10808559, "LLC-load-misses": 83772, "LLC-store-misses": 24361, "LLC-stores": 2835877, "L1-dcache-load-misses": 73390429, "L1-dcache-loads": 2455388924, "L1-dcache-stores": 1257919043, "GPU_Util": 0.85, "GPU_Mem": 0.77, "name": "resnext50_32x4d"}, {"cpu-cycles": 4636611181, "instructions": 7251782821, "cache-references": 136831725, "cache-misses": 1448981, "LLC-loads": 10329337, "LLC-load-misses": 131306, "LLC-store-misses": 95751, "LLC-stores": 2786747, "L1-dcache-load-misses": 95353332, "L1-dcache-loads": 2436645781, "L1-dcache-stores": 1253747166, "GPU_Util": 0.85, "GPU_Mem": 0.77, "name": "resnext50_32x4d"}], "inference-model-info": 1, "inference-model-sys-info": {"GPU_Util": 0.86, "GPU_Mem": 0.77}, "inference-model-latency": 4.523, "inference-model-name": "mnasnet"}}