{"94": {"global": [{"cpu-cycles": 5040516582, "instructions": 7854130496, "cache-references": 137317360, "cache-misses": 8047226, "LLC-loads": 10061199, "LLC-load-misses": 715010, "LLC-store-misses": 1491863, "LLC-stores": 2969124, "L1-dcache-load-misses": 102059108, "L1-dcache-loads": 2779531529, "L1-dcache-stores": 1380314772, "GPU_Util": 0.84, "GPU_Mem": 0.47}], "model-sons": [{"cpu-cycles": 4717684821, "instructions": 7736058455, "cache-references": 117647349, "cache-misses": 223681, "LLC-loads": 8336891, "LLC-load-misses": 23378, "LLC-store-misses": 2586, "LLC-stores": 1983711, "L1-dcache-load-misses": 99003099, "L1-dcache-loads": 2675660029, "L1-dcache-stores": 1362440473, "GPU_Util": 1.0, "GPU_Mem": 0.47, "name": "vgg_16"}], "inference-model-info": 1, "inference-model-sys-info": {"GPU_Util": 1.0, "GPU_Mem": 0.47}, "inference-model-latency": 7.208509999999998, "inference-model-name": "mvit"}}