{"9413": {"global": [{"cpu-cycles": 14971103463, "instructions": 14551849192, "cache-references": 1518081758, "cache-misses": 12249276, "LLC-loads": 115059392, "LLC-load-misses": 936358, "LLC-store-misses": 5645909, "LLC-stores": 30126632, "L1-dcache-load-misses": 306550512, "L1-dcache-loads": 4656133167, "L1-dcache-stores": 2447480228, "GPU_Util": 0.94, "GPU_Mem": 0.72}], "model-sons": [{"cpu-cycles": 4643543280, "instructions": 7384368229, "cache-references": 145395022, "cache-misses": 1328638, "LLC-loads": 11275315, "LLC-load-misses": 133413, "LLC-store-misses": 50540, "LLC-stores": 2832032, "L1-dcache-load-misses": 82442575, "L1-dcache-loads": 2496695208, "L1-dcache-stores": 1275932166, "GPU_Util": 0.94, "GPU_Mem": 0.72, "name": "resnext50_32x4d"}, {"cpu-cycles": 4613427577, "instructions": 3193126285, "cache-references": 652107025, "cache-misses": 1411408, "LLC-loads": 50167397, "LLC-load-misses": 72841, "LLC-store-misses": 19607, "LLC-stores": 10996236, "L1-dcache-load-misses": 104481220, "L1-dcache-loads": 983131684, "L1-dcache-stores": 552333522, "GPU_Util": 0.94, "GPU_Mem": 0.72, "name": "mobilenet_v3_large"}, {"cpu-cycles": 4639384781, "instructions": 3269202603, "cache-references": 689068631, "cache-misses": 647050, "LLC-loads": 52251111, "LLC-load-misses": 58269, "LLC-store-misses": 49810, "LLC-stores": 11689461, "L1-dcache-load-misses": 105961585, "L1-dcache-loads": 1006524649, "L1-dcache-stores": 564748313, "GPU_Util": 0.94, "GPU_Mem": 0.72, "name": "mobilenet_v3_large"}], "inference-model-info": 1, "inference-model-sys-info": {"GPU_Util": 0.94, "GPU_Mem": 0.72}, "inference-model-latency": 11.807319999999999, "inference-model-name": "vgg_11"}}