{"9445": {"global": [{"cpu-cycles": 15084724154, "instructions": 15190938820, "cache-references": 1476252650, "cache-misses": 13503643, "LLC-loads": 114237711, "LLC-load-misses": 976760, "LLC-store-misses": 2574848, "LLC-stores": 31442439, "L1-dcache-load-misses": 303943268, "L1-dcache-loads": 4871935935, "L1-dcache-stores": 2560591012, "GPU_Util": 0.65, "GPU_Mem": 0.72}], "model-sons": [{"cpu-cycles": 4631540986, "instructions": 6981476280, "cache-references": 138255746, "cache-misses": 1057855, "LLC-loads": 10657460, "LLC-load-misses": 100779, "LLC-store-misses": 31470, "LLC-stores": 2762115, "L1-dcache-load-misses": 81202095, "L1-dcache-loads": 2358220407, "L1-dcache-stores": 1211593402, "GPU_Util": 0.94, "GPU_Mem": 0.72, "name": "resnext50_32x4d"}, {"cpu-cycles": 4638845529, "instructions": 3698561828, "cache-references": 637002613, "cache-misses": 1152970, "LLC-loads": 49061745, "LLC-load-misses": 91526, "LLC-store-misses": 22541, "LLC-stores": 11556293, "L1-dcache-load-misses": 104690618, "L1-dcache-loads": 1154681283, "L1-dcache-stores": 634770646, "GPU_Util": 0.94, "GPU_Mem": 0.72, "name": "mobilenet_v2"}, {"cpu-cycles": 4644700529, "instructions": 3708843123, "cache-references": 639359664, "cache-misses": 772930, "LLC-loads": 48818646, "LLC-load-misses": 50320, "LLC-store-misses": 22797, "LLC-stores": 10948603, "L1-dcache-load-misses": 103997067, "L1-dcache-loads": 1168711468, "L1-dcache-stores": 642496083, "GPU_Util": 0.94, "GPU_Mem": 0.72, "name": "mobilenet_v2"}], "inference-model-info": 1, "inference-model-sys-info": {"GPU_Util": 0.94, "GPU_Mem": 0.72}, "inference-model-latency": 3.00206, "inference-model-name": "alexnet"}}