{"9455": {"global": [{"cpu-cycles": 14933090629, "instructions": 10382391211, "cache-references": 1971756308, "cache-misses": 17933984, "LLC-loads": 149724670, "LLC-load-misses": 1583132, "LLC-store-misses": 521460, "LLC-stores": 34910045, "L1-dcache-load-misses": 314310582, "L1-dcache-loads": 3047101656, "L1-dcache-stores": 1706555904, "GPU_Util": 0.98, "GPU_Mem": 0.69}], "model-sons": [{"cpu-cycles": 4643034459, "instructions": 3119890959, "cache-references": 653314684, "cache-misses": 834900, "LLC-loads": 49290354, "LLC-load-misses": 96138, "LLC-store-misses": 56609, "LLC-stores": 11418704, "L1-dcache-load-misses": 102996876, "L1-dcache-loads": 961019661, "L1-dcache-stores": 541501857, "GPU_Util": 0.98, "GPU_Mem": 0.69, "name": "mobilenet_v3_large"}, {"cpu-cycles": 4630299033, "instructions": 2997448659, "cache-references": 621116274, "cache-misses": 1251125, "LLC-loads": 47162211, "LLC-load-misses": 148135, "LLC-store-misses": 62302, "LLC-stores": 10684083, "L1-dcache-load-misses": 99057698, "L1-dcache-loads": 925038819, "L1-dcache-stores": 521081990, "GPU_Util": 0.98, "GPU_Mem": 0.69, "name": "mobilenet_v3_large"}, {"cpu-cycles": 4642250873, "instructions": 3170715332, "cache-references": 674195634, "cache-misses": 1349367, "LLC-loads": 50405385, "LLC-load-misses": 100222, "LLC-store-misses": 20403, "LLC-stores": 11403236, "L1-dcache-load-misses": 104426134, "L1-dcache-loads": 981899088, "L1-dcache-stores": 549607236, "GPU_Util": 0.98, "GPU_Mem": 0.69, "name": "mobilenet_v3_large"}], "inference-model-info": 1, "inference-model-sys-info": {"GPU_Util": 0.99, "GPU_Mem": 0.69}, "inference-model-latency": 11.816030000000003, "inference-model-name": "vgg_11"}}