{"9466": {"global": [{"cpu-cycles": 14730307130, "instructions": 10482868130, "cache-references": 2021532494, "cache-misses": 18651947, "LLC-loads": 153232530, "LLC-load-misses": 1266076, "LLC-store-misses": 454869, "LLC-stores": 36469623, "L1-dcache-load-misses": 320590822, "L1-dcache-loads": 3251053354, "L1-dcache-stores": 1729249101, "GPU_Util": 0.98, "GPU_Mem": 0.69}], "model-sons": [{"cpu-cycles": 4641353563, "instructions": 3214314030, "cache-references": 676254372, "cache-misses": 688258, "LLC-loads": 51016118, "LLC-load-misses": 107909, "LLC-store-misses": 95938, "LLC-stores": 10962755, "L1-dcache-load-misses": 104305130, "L1-dcache-loads": 981997535, "L1-dcache-stores": 554041121, "GPU_Util": 0.98, "GPU_Mem": 0.69, "name": "mobilenet_v3_large"}, {"cpu-cycles": 4618643972, "instructions": 3140046174, "cache-references": 656106799, "cache-misses": 1502987, "LLC-loads": 49398484, "LLC-load-misses": 147839, "LLC-store-misses": 60636, "LLC-stores": 11048340, "L1-dcache-load-misses": 103236319, "L1-dcache-loads": 968573266, "L1-dcache-stores": 542407866, "GPU_Util": 0.98, "GPU_Mem": 0.69, "name": "mobilenet_v3_large"}, {"cpu-cycles": 4654587507, "instructions": 3434751351, "cache-references": 671803906, "cache-misses": 1040755, "LLC-loads": 50319936, "LLC-load-misses": 93089, "LLC-store-misses": 16179, "LLC-stores": 12103614, "L1-dcache-load-misses": 107570049, "L1-dcache-loads": 1062122477, "L1-dcache-stores": 597045697, "GPU_Util": 0.98, "GPU_Mem": 0.69, "name": "mobilenet_v2"}], "inference-model-info": 1, "inference-model-sys-info": {"GPU_Util": 0.98, "GPU_Mem": 0.69}, "inference-model-latency": 8.22464, "inference-model-name": "googlenet"}}