{"9494": {"global": [{"cpu-cycles": 14693253727, "instructions": 10996360794, "cache-references": 2001835908, "cache-misses": 11091157, "LLC-loads": 153821187, "LLC-load-misses": 962539, "LLC-store-misses": 4571269, "LLC-stores": 39027262, "L1-dcache-load-misses": 325162284, "L1-dcache-loads": 3413066792, "L1-dcache-stores": 1874125554, "GPU_Util": 0.68, "GPU_Mem": 0.7}], "model-sons": [{"cpu-cycles": 4650775380, "instructions": 3568236150, "cache-references": 652537392, "cache-misses": 767336, "LLC-loads": 48868297, "LLC-load-misses": 81096, "LLC-store-misses": 51760, "LLC-stores": 11060477, "L1-dcache-load-misses": 103866725, "L1-dcache-loads": 1101721551, "L1-dcache-stores": 617488054, "GPU_Util": 0.99, "GPU_Mem": 0.7, "name": "mobilenet_v2"}, {"cpu-cycles": 4633843266, "instructions": 3724823980, "cache-references": 645362312, "cache-misses": 1215124, "LLC-loads": 49640293, "LLC-load-misses": 104201, "LLC-store-misses": 44035, "LLC-stores": 11199274, "L1-dcache-load-misses": 104209395, "L1-dcache-loads": 1144054598, "L1-dcache-stores": 636963972, "GPU_Util": 0.99, "GPU_Mem": 0.7, "name": "mobilenet_v2"}, {"cpu-cycles": 4634867537, "instructions": 3410914746, "cache-references": 651067665, "cache-misses": 1318709, "LLC-loads": 49574875, "LLC-load-misses": 92663, "LLC-store-misses": 19303, "LLC-stores": 12216598, "L1-dcache-load-misses": 106062028, "L1-dcache-loads": 1061066383, "L1-dcache-stores": 592713312, "GPU_Util": 0.99, "GPU_Mem": 0.7, "name": "mobilenet_v2"}], "inference-model-info": 1, "inference-model-sys-info": {"GPU_Util": 0.99, "GPU_Mem": 0.7}, "inference-model-latency": 8.298340000000001, "inference-model-name": "googlenet"}}