{"950": {"global": [{"cpu-cycles": 9879516918, "instructions": 10803050298, "cache-references": 823050485, "cache-misses": 21349116, "LLC-loads": 65525705, "LLC-load-misses": 3438907, "LLC-store-misses": 2806627, "LLC-stores": 19561155, "L1-dcache-load-misses": 218654631, "L1-dcache-loads": 3503136132, "L1-dcache-stores": 1882017331, "GPU_Util": 0.6, "GPU_Mem": 0.6}], "model-sons": [{"cpu-cycles": 4667880030, "instructions": 7658707749, "cache-references": 96850048, "cache-misses": 343165, "LLC-loads": 7006033, "LLC-load-misses": 26327, "LLC-store-misses": 8967, "LLC-stores": 1620136, "L1-dcache-load-misses": 106012178, "L1-dcache-loads": 2628922170, "L1-dcache-stores": 1341107596, "GPU_Util": 0.99, "GPU_Mem": 0.6, "name": "vgg_11"}, {"cpu-cycles": 4646495356, "instructions": 3208370079, "cache-references": 686514126, "cache-misses": 1107988, "LLC-loads": 51410625, "LLC-load-misses": 99342, "LLC-store-misses": 28045, "LLC-stores": 11392310, "L1-dcache-load-misses": 104999600, "L1-dcache-loads": 996141011, "L1-dcache-stores": 556249548, "GPU_Util": 0.99, "GPU_Mem": 0.6, "name": "mobilenet_v3_small"}], "inference-model-info": 1, "inference-model-sys-info": {"GPU_Util": 0.94, "GPU_Mem": 0.6}, "inference-model-latency": 17.903959999999998, "inference-model-name": "resnext50_32x4d"}}