{"960": {"global": [{"cpu-cycles": 9955863785, "instructions": 15033350245, "cache-references": 342813952, "cache-misses": 33304408, "LLC-loads": 28285626, "LLC-load-misses": 3798102, "LLC-store-misses": 8342813, "LLC-stores": 12275224, "L1-dcache-load-misses": 170081856, "L1-dcache-loads": 5086597545, "L1-dcache-stores": 2626797535, "GPU_Util": 0.52, "GPU_Mem": 0.62}], "model-sons": [{"cpu-cycles": 4664998011, "instructions": 8110889415, "cache-references": 65112362, "cache-misses": 499204, "LLC-loads": 4652456, "LLC-load-misses": 31969, "LLC-store-misses": 31579, "LLC-stores": 1143090, "L1-dcache-load-misses": 80466515, "L1-dcache-loads": 2796797892, "L1-dcache-stores": 1427701364, "GPU_Util": 1.0, "GPU_Mem": 0.62, "name": "vgg_11"}, {"cpu-cycles": 4664484241, "instructions": 7250584307, "cache-references": 143564587, "cache-misses": 292240, "LLC-loads": 10441086, "LLC-load-misses": 29294, "LLC-store-misses": 31248, "LLC-stores": 2400282, "L1-dcache-load-misses": 88135865, "L1-dcache-loads": 2484872799, "L1-dcache-stores": 1269803054, "GPU_Util": 1.0, "GPU_Mem": 0.62, "name": "alexnet"}], "inference-model-info": 1, "inference-model-sys-info": {"GPU_Util": 1.0, "GPU_Mem": 0.62}, "inference-model-latency": 4.01882, "inference-model-name": "mobilenet_v3_small"}}