{"984": {"global": [{"cpu-cycles": 10055695771, "instructions": 11499622099, "cache-references": 794863949, "cache-misses": 24803253, "LLC-loads": 65645815, "LLC-load-misses": 3585889, "LLC-store-misses": 4706885, "LLC-stores": 17752694, "L1-dcache-load-misses": 189256157, "L1-dcache-loads": 3683790303, "L1-dcache-stores": 1961548283, "GPU_Util": 0.93, "GPU_Mem": 0.61}], "model-sons": [{"cpu-cycles": 4653870334, "instructions": 7820312894, "cache-references": 79824960, "cache-misses": 395721, "LLC-loads": 5572910, "LLC-load-misses": 34564, "LLC-store-misses": 32316, "LLC-stores": 1354737, "L1-dcache-load-misses": 67788853, "L1-dcache-loads": 2686346201, "L1-dcache-stores": 1370264493, "GPU_Util": 0.99, "GPU_Mem": 0.61, "name": "vgg_11"}, {"cpu-cycles": 4657050146, "instructions": 3497432489, "cache-references": 676745477, "cache-misses": 711004, "LLC-loads": 51045955, "LLC-load-misses": 45369, "LLC-store-misses": 6292, "LLC-stores": 11879030, "L1-dcache-load-misses": 108124268, "L1-dcache-loads": 1078813989, "L1-dcache-stores": 606202286, "GPU_Util": 0.99, "GPU_Mem": 0.61, "name": "mnasnet"}], "inference-model-info": 1, "inference-model-sys-info": {"GPU_Util": 0.99, "GPU_Mem": 0.61}, "inference-model-latency": 4.412700000000001, "inference-model-name": "shufflenet"}}